StudentID,study_hours,attendance_percentage,participation_rate,total_score,grade,at_risk,risk_label,attendance_band,study_band,meets_70_rule,dataset
1,18.5,95.6,3.8,97.9,A,0,Not at risk,Above 85%,10-20h,Eligible,B (secondary)
2,14.0,80.0,2.5,83.9,B,0,Not at risk,70-85%,10-20h,Eligible,B (secondary)
3,19.5,86.3,5.3,100.0,A,0,Not at risk,Above 85%,10-20h,Eligible,B (secondary)
4,25.7,70.2,7.0,100.0,A,0,Not at risk,70-85%,20-30h,Eligible,B (secondary)
5,13.4,81.9,6.9,92.0,A,0,Not at risk,70-85%,10-20h,Eligible,B (secondary)
6,13.4,65.1,5.0,97.5,A,0,Not at risk,50-70%,10-20h,Not eligible,B (secondary)
7,26.1,81.8,5.9,100.0,A,0,Not at risk,70-85%,20-30h,Eligible,B (secondary)
8,20.4,100.0,4.0,96.1,A,0,Not at risk,Above 85%,20-30h,Eligible,B (secondary)
9,11.7,100.0,8.2,69.8,C,0,Not at risk,Above 85%,10-20h,Eligible,B (secondary)
10,18.8,67.6,6.0,80.3,B,0,Not at risk,50-70%,10-20h,Not eligible,B (secondary)
11,11.8,82.3,4.6,66.4,C,0,Not at risk,70-85%,10-20h,Eligible,B (secondary)
12,11.7,75.9,7.6,72.5,B,0,Not at risk,70-85%,10-20h,Eligible,B (secondary)
13,16.7,77.9,2.5,95.2,A,0,Not at risk,70-85%,10-20h,Eligible,B (secondary)
14,1.6,92.1,5.7,60.9,C,0,Not at risk,Above 85%,Under 10h,Eligible,B (secondary)
15,2.9,90.7,5.4,52.1,D,1,At risk,Above 85%,Under 10h,Eligible,B (secondary)
16,11.1,87.4,3.9,73.5,B,0,Not at risk,Above 85%,10-20h,Eligible,B (secondary)
17,7.9,85.9,7.7,63.0,C,0,Not at risk,Above 85%,Under 10h,Eligible,B (secondary)
18,17.2,74.0,8.1,100.0,A,0,Not at risk,70-85%,10-20h,Eligible,B (secondary)
19,8.6,100.0,9.0,75.4,B,0,Not at risk,Above 85%,Under 10h,Eligible,B (secondary)
20,5.1,91.4,4.5,57.9,C,0,Not at risk,Above 85%,Under 10h,Eligible,B (secondary)
21,25.3,89.3,6.4,100.0,A,0,Not at risk,Above 85%,20-30h,Eligible,B (secondary)
22,13.4,93.5,9.4,79.0,B,0,Not at risk,Above 85%,10-20h,Eligible,B (secondary)
23,15.5,100.0,8.5,76.3,B,0,Not at risk,Above 85%,10-20h,Eligible,B (secondary)
24,5.0,74.2,5.0,58.7,C,0,Not at risk,70-85%,Under 10h,Eligible,B (secondary)
25,11.2,96.1,4.9,68.3,C,0,Not at risk,Above 85%,10-20h,Eligible,B (secondary)
26,15.8,81.1,5.0,97.2,A,0,Not at risk,70-85%,10-20h,Eligible,B (secondary)
27,6.9,73.6,6.1,68.4,C,0,Not at risk,70-85%,Under 10h,Eligible,B (secondary)
28,17.6,83.9,8.9,100.0,A,0,Not at risk,70-85%,10-20h,Eligible,B (secondary)
29,10.8,86.2,3.4,63.6,C,0,Not at risk,Above 85%,10-20h,Eligible,B (secondary)
30,13.0,75.0,5.7,89.2,A,0,Not at risk,70-85%,10-20h,Eligible,B (secondary)
31,10.8,76.6,5.0,77.4,B,0,Not at risk,70-85%,10-20h,Eligible,B (secondary)
32,28.0,89.2,6.5,100.0,A,0,Not at risk,Above 85%,20-30h,Eligible,B (secondary)
33,14.9,68.4,7.2,82.6,B,0,Not at risk,50-70%,10-20h,Not eligible,B (secondary)
34,7.6,93.0,6.2,71.9,B,0,Not at risk,Above 85%,Under 10h,Eligible,B (secondary)
35,20.8,85.2,7.7,97.4,A,0,Not at risk,Above 85%,20-30h,Eligible,B (secondary)
36,6.5,86.4,8.2,61.6,C,0,Not at risk,Above 85%,Under 10h,Eligible,B (secondary)
37,16.5,86.8,4.6,99.5,A,0,Not at risk,Above 85%,10-20h,Eligible,B (secondary)
38,1.3,92.9,8.6,50.1,D,1,At risk,Above 85%,Under 10h,Eligible,B (secondary)
39,5.7,93.4,8.3,56.7,C,0,Not at risk,Above 85%,Under 10h,Eligible,B (secondary)
40,16.4,76.5,2.6,84.0,B,0,Not at risk,70-85%,10-20h,Eligible,B (secondary)
41,20.2,85.6,5.6,100.0,A,0,Not at risk,Above 85%,20-30h,Eligible,B (secondary)
42,16.2,84.2,7.0,100.0,A,0,Not at risk,70-85%,10-20h,Eligible,B (secondary)
43,14.2,76.5,6.1,63.6,C,0,Not at risk,70-85%,10-20h,Eligible,B (secondary)
44,12.9,78.7,3.7,100.0,A,0,Not at risk,70-85%,10-20h,Eligible,B (secondary)
45,4.7,100.0,3.3,55.9,C,0,Not at risk,Above 85%,Under 10h,Eligible,B (secondary)
46,10.0,83.4,7.3,89.6,A,0,Not at risk,70-85%,Under 10h,Eligible,B (secondary)
47,11.8,89.5,3.3,78.7,B,0,Not at risk,Above 85%,10-20h,Eligible,B (secondary)
48,22.4,85.9,5.8,90.3,A,0,Not at risk,Above 85%,20-30h,Eligible,B (secondary)
49,17.4,79.9,7.6,71.0,B,0,Not at risk,70-85%,10-20h,Eligible,B (secondary)
50,2.7,77.5,6.4,51.1,D,1,At risk,70-85%,Under 10h,Eligible,B (secondary)
51,17.3,93.8,8.8,82.7,B,0,Not at risk,Above 85%,10-20h,Eligible,B (secondary)
52,12.3,84.6,6.8,91.0,A,0,Not at risk,70-85%,10-20h,Eligible,B (secondary)
53,10.3,90.3,6.0,92.7,A,0,Not at risk,Above 85%,10-20h,Eligible,B (secondary)
54,19.3,77.7,8.2,100.0,A,0,Not at risk,70-85%,10-20h,Eligible,B (secondary)
55,22.2,80.2,4.1,100.0,A,0,Not at risk,70-85%,20-30h,Eligible,B (secondary)
56,21.5,84.1,7.7,100.0,A,0,Not at risk,70-85%,20-30h,Eligible,B (secondary)
57,9.1,81.4,5.4,76.9,B,0,Not at risk,70-85%,Under 10h,Eligible,B (secondary)
58,12.8,83.7,4.9,91.9,A,0,Not at risk,70-85%,10-20h,Eligible,B (secondary)
59,17.3,99.0,6.9,89.5,A,0,Not at risk,Above 85%,10-20h,Eligible,B (secondary)
60,21.8,94.7,6.0,100.0,A,0,Not at risk,Above 85%,20-30h,Eligible,B (secondary)
61,11.6,80.9,2.7,71.2,B,0,Not at risk,70-85%,10-20h,Eligible,B (secondary)
62,13.7,89.6,5.5,81.9,B,0,Not at risk,Above 85%,10-20h,Eligible,B (secondary)
63,7.3,68.3,6.9,67.1,C,0,Not at risk,50-70%,Under 10h,Not eligible,B (secondary)
64,6.6,85.3,3.4,69.9,C,0,Not at risk,Above 85%,Under 10h,Eligible,B (secondary)
65,20.7,85.8,6.8,96.5,A,0,Not at risk,Above 85%,20-30h,Eligible,B (secondary)
66,24.5,82.0,8.4,100.0,A,0,Not at risk,70-85%,20-30h,Eligible,B (secondary)
67,14.5,73.7,7.1,80.4,B,0,Not at risk,70-85%,10-20h,Eligible,B (secondary)
68,22.0,85.0,9.7,92.2,A,0,Not at risk,70-85%,20-30h,Eligible,B (secondary)
69,17.5,83.1,8.8,83.6,B,0,Not at risk,70-85%,10-20h,Eligible,B (secondary)
70,10.5,91.8,3.8,78.8,B,0,Not at risk,Above 85%,10-20h,Eligible,B (secondary)
71,17.5,82.9,5.2,93.2,A,0,Not at risk,70-85%,10-20h,Eligible,B (secondary)
72,25.8,82.6,7.0,100.0,A,0,Not at risk,70-85%,20-30h,Eligible,B (secondary)
73,14.7,70.6,3.8,84.5,B,0,Not at risk,70-85%,10-20h,Eligible,B (secondary)
74,26.0,88.5,9.0,100.0,A,0,Not at risk,Above 85%,20-30h,Eligible,B (secondary)
75,0.0,86.4,6.8,47.4,D,1,At risk,Above 85%,Under 10h,Eligible,B (secondary)
76,20.8,81.6,4.4,97.5,A,0,Not at risk,70-85%,20-30h,Eligible,B (secondary)
77,15.6,90.1,7.7,90.8,A,0,Not at risk,Above 85%,10-20h,Eligible,B (secondary)
78,12.9,80.4,6.0,87.7,A,0,Not at risk,70-85%,10-20h,Eligible,B (secondary)
79,15.6,100.0,6.1,91.7,A,0,Not at risk,Above 85%,10-20h,Eligible,B (secondary)
80,1.1,81.4,4.3,54.6,D,1,At risk,70-85%,Under 10h,Eligible,B (secondary)
81,13.5,69.7,5.5,81.0,B,0,Not at risk,50-70%,10-20h,Not eligible,B (secondary)
82,17.5,64.4,6.4,79.5,B,0,Not at risk,50-70%,10-20h,Not eligible,B (secondary)
83,25.3,85.0,4.3,100.0,A,0,Not at risk,70-85%,20-30h,Eligible,B (secondary)
84,11.4,83.4,8.3,62.3,C,0,Not at risk,70-85%,10-20h,Eligible,B (secondary)
85,9.3,69.7,7.5,64.9,C,0,Not at risk,50-70%,Under 10h,Not eligible,B (secondary)
86,11.5,84.1,4.5,93.3,A,0,Not at risk,70-85%,10-20h,Eligible,B (secondary)
87,21.4,100.0,4.6,100.0,A,0,Not at risk,Above 85%,20-30h,Eligible,B (secondary)
88,17.3,64.7,8.9,98.4,A,0,Not at risk,50-70%,10-20h,Not eligible,B (secondary)
89,11.3,80.9,4.2,69.2,C,0,Not at risk,70-85%,10-20h,Eligible,B (secondary)
90,18.6,80.6,4.4,93.9,A,0,Not at risk,70-85%,10-20h,Eligible,B (secondary)
91,15.7,74.6,3.3,100.0,A,0,Not at risk,70-85%,10-20h,Eligible,B (secondary)
92,21.8,92.7,7.9,100.0,A,0,Not at risk,Above 85%,20-30h,Eligible,B (secondary)
93,10.1,78.4,4.9,79.7,B,0,Not at risk,70-85%,10-20h,Eligible,B (secondary)
94,12.7,95.9,6.3,86.6,A,0,Not at risk,Above 85%,10-20h,Eligible,B (secondary)
95,12.3,70.9,8.5,72.0,B,0,Not at risk,70-85%,10-20h,Eligible,B (secondary)
96,4.8,79.9,4.2,73.6,B,0,Not at risk,70-85%,Under 10h,Eligible,B (secondary)
97,17.1,76.7,7.6,67.3,C,0,Not at risk,70-85%,10-20h,Eligible,B (secondary)
98,16.8,95.7,5.3,73.1,B,0,Not at risk,Above 85%,10-20h,Eligible,B (secondary)
99,15.0,80.7,6.0,100.0,A,0,Not at risk,70-85%,10-20h,Eligible,B (secondary)
100,13.4,91.1,6.0,63.9,C,0,Not at risk,Above 85%,10-20h,Eligible,B (secondary)
101,5.1,62.6,8.3,72.9,B,0,Not at risk,50-70%,Under 10h,Not eligible,B (secondary)
102,12.1,94.3,2.2,73.4,B,0,Not at risk,Above 85%,10-20h,Eligible,B (secondary)
103,12.6,73.3,4.5,68.1,C,0,Not at risk,70-85%,10-20h,Eligible,B (secondary)
104,9.4,72.5,5.4,86.1,A,0,Not at risk,70-85%,Under 10h,Eligible,B (secondary)
105,13.9,91.9,9.5,83.0,B,0,Not at risk,Above 85%,10-20h,Eligible,B (secondary)
106,17.8,74.7,4.6,77.7,B,0,Not at risk,70-85%,10-20h,Eligible,B (secondary)
107,28.2,97.9,6.3,100.0,A,0,Not at risk,Above 85%,20-30h,Eligible,B (secondary)
108,16.2,100.0,5.0,93.6,A,0,Not at risk,Above 85%,10-20h,Eligible,B (secondary)
109,16.8,81.5,4.9,100.0,A,0,Not at risk,70-85%,10-20h,Eligible,B (secondary)
110,14.5,82.3,3.9,100.0,A,0,Not at risk,70-85%,10-20h,Eligible,B (secondary)
111,1.6,97.0,5.3,43.5,D,1,At risk,Above 85%,Under 10h,Eligible,B (secondary)
112,14.8,75.1,5.5,93.8,A,0,Not at risk,70-85%,10-20h,Eligible,B (secondary)
113,15.4,96.3,5.7,78.9,B,0,Not at risk,Above 85%,10-20h,Eligible,B (secondary)
114,32.2,84.4,4.9,100.0,A,0,Not at risk,70-85%,Over 30h,Eligible,B (secondary)
115,13.7,93.3,5.3,84.2,B,0,Not at risk,Above 85%,10-20h,Eligible,B (secondary)
116,17.1,77.8,9.3,100.0,A,0,Not at risk,70-85%,10-20h,Eligible,B (secondary)
117,14.8,97.8,5.0,100.0,A,0,Not at risk,Above 85%,10-20h,Eligible,B (secondary)
118,6.8,70.7,6.4,73.2,B,0,Not at risk,70-85%,Under 10h,Eligible,B (secondary)
119,23.0,99.6,7.8,100.0,A,0,Not at risk,Above 85%,20-30h,Eligible,B (secondary)
120,20.3,96.1,7.7,95.4,A,0,Not at risk,Above 85%,20-30h,Eligible,B (secondary)
121,20.5,79.3,8.2,92.1,A,0,Not at risk,70-85%,20-30h,Eligible,B (secondary)
122,8.6,88.4,6.7,76.7,B,0,Not at risk,Above 85%,Under 10h,Eligible,B (secondary)
123,24.8,80.0,6.6,100.0,A,0,Not at risk,70-85%,20-30h,Eligible,B (secondary)
124,5.2,87.7,6.9,74.1,B,0,Not at risk,Above 85%,Under 10h,Eligible,B (secondary)
125,19.1,79.9,3.6,74.2,B,0,Not at risk,70-85%,10-20h,Eligible,B (secondary)
126,30.3,75.7,1.1,100.0,A,0,Not at risk,70-85%,Over 30h,Eligible,B (secondary)
127,8.1,88.9,4.5,74.0,B,0,Not at risk,Above 85%,Under 10h,Eligible,B (secondary)
128,11.0,87.0,5.5,72.6,B,0,Not at risk,Above 85%,10-20h,Eligible,B (secondary)
129,15.7,84.9,6.5,74.8,B,0,Not at risk,70-85%,10-20h,Eligible,B (secondary)
130,11.5,83.8,3.1,54.7,D,1,At risk,70-85%,10-20h,Eligible,B (secondary)
131,4.1,92.4,2.5,50.6,D,1,At risk,Above 85%,Under 10h,Eligible,B (secondary)
132,15.5,80.1,6.5,86.8,A,0,Not at risk,70-85%,10-20h,Eligible,B (secondary)
133,7.6,77.9,4.6,92.6,A,0,Not at risk,70-85%,Under 10h,Eligible,B (secondary)
134,18.3,97.3,7.5,97.3,A,0,Not at risk,Above 85%,10-20h,Eligible,B (secondary)
135,8.6,80.4,6.1,70.6,B,0,Not at risk,70-85%,Under 10h,Eligible,B (secondary)
136,25.8,77.7,6.9,100.0,A,0,Not at risk,70-85%,20-30h,Eligible,B (secondary)
137,9.5,79.3,3.6,81.9,B,0,Not at risk,70-85%,Under 10h,Eligible,B (secondary)
138,12.7,78.3,10.0,78.7,B,0,Not at risk,70-85%,10-20h,Eligible,B (secondary)
139,20.7,100.0,6.1,100.0,A,0,Not at risk,Above 85%,20-30h,Eligible,B (secondary)
140,6.4,84.1,4.8,54.8,D,1,At risk,70-85%,Under 10h,Eligible,B (secondary)
141,16.6,70.8,7.0,95.0,A,0,Not at risk,70-85%,10-20h,Eligible,B (secondary)
142,24.1,86.1,4.2,100.0,A,0,Not at risk,Above 85%,20-30h,Eligible,B (secondary)
143,3.7,71.7,1.2,58.2,C,0,Not at risk,70-85%,Under 10h,Eligible,B (secondary)
144,16.3,100.0,5.7,87.9,A,0,Not at risk,Above 85%,10-20h,Eligible,B (secondary)
145,16.8,100.0,7.8,86.2,A,0,Not at risk,Above 85%,10-20h,Eligible,B (secondary)
146,20.5,94.3,9.7,86.1,A,0,Not at risk,Above 85%,20-30h,Eligible,B (secondary)
147,6.3,89.3,5.6,58.9,C,0,Not at risk,Above 85%,Under 10h,Eligible,B (secondary)
148,5.8,69.8,9.7,62.3,C,0,Not at risk,50-70%,Under 10h,Not eligible,B (secondary)
149,18.7,92.8,10.0,100.0,A,0,Not at risk,Above 85%,10-20h,Eligible,B (secondary)
150,17.1,82.5,5.8,83.5,B,0,Not at risk,70-85%,10-20h,Eligible,B (secondary)
151,16.8,74.8,6.2,90.2,A,0,Not at risk,70-85%,10-20h,Eligible,B (secondary)
152,17.4,70.0,8.4,94.4,A,0,Not at risk,50-70%,10-20h,Eligible,B (secondary)
153,10.2,88.5,7.7,85.4,A,0,Not at risk,Above 85%,10-20h,Eligible,B (secondary)
154,16.6,81.2,4.8,100.0,A,0,Not at risk,70-85%,10-20h,Eligible,B (secondary)
155,17.1,76.4,3.3,100.0,A,0,Not at risk,70-85%,10-20h,Eligible,B (secondary)
156,10.0,90.3,5.5,92.4,A,0,Not at risk,Above 85%,Under 10h,Eligible,B (secondary)
157,28.1,100.0,5.5,100.0,A,0,Not at risk,Above 85%,20-30h,Eligible,B (secondary)
158,18.3,97.0,6.1,79.6,B,0,Not at risk,Above 85%,10-20h,Eligible,B (secondary)
159,6.7,89.3,4.4,54.8,D,1,At risk,Above 85%,Under 10h,Eligible,B (secondary)
160,19.6,78.5,10.0,93.2,A,0,Not at risk,70-85%,10-20h,Eligible,B (secondary)
161,8.2,93.6,6.8,72.0,B,0,Not at risk,Above 85%,Under 10h,Eligible,B (secondary)
162,20.5,96.7,5.5,95.8,A,0,Not at risk,Above 85%,20-30h,Eligible,B (secondary)
163,23.1,93.9,2.1,100.0,A,0,Not at risk,Above 85%,20-30h,Eligible,B (secondary)
164,9.3,97.0,4.9,75.8,B,0,Not at risk,Above 85%,Under 10h,Eligible,B (secondary)
165,21.7,74.0,4.6,97.4,A,0,Not at risk,70-85%,20-30h,Eligible,B (secondary)
166,17.9,78.1,6.8,100.0,A,0,Not at risk,70-85%,10-20h,Eligible,B (secondary)
167,20.8,77.4,3.9,100.0,A,0,Not at risk,70-85%,20-30h,Eligible,B (secondary)
168,28.3,87.7,3.9,100.0,A,0,Not at risk,Above 85%,20-30h,Eligible,B (secondary)
169,13.3,83.4,7.8,72.2,B,0,Not at risk,70-85%,10-20h,Eligible,B (secondary)
170,9.7,80.5,9.9,72.9,B,0,Not at risk,70-85%,Under 10h,Eligible,B (secondary)
171,8.8,95.0,7.2,63.2,C,0,Not at risk,Above 85%,Under 10h,Eligible,B (secondary)
172,9.3,88.5,8.7,66.2,C,0,Not at risk,Above 85%,Under 10h,Eligible,B (secondary)
173,14.5,79.3,8.1,75.6,B,0,Not at risk,70-85%,10-20h,Eligible,B (secondary)
174,17.4,93.7,6.9,100.0,A,0,Not at risk,Above 85%,10-20h,Eligible,B (secondary)
175,16.9,84.0,4.5,75.5,B,0,Not at risk,70-85%,10-20h,Eligible,B (secondary)
176,20.8,82.0,7.2,89.5,A,0,Not at risk,70-85%,20-30h,Eligible,B (secondary)
177,15.1,63.3,4.8,89.2,A,0,Not at risk,50-70%,10-20h,Not eligible,B (secondary)
178,25.2,88.0,6.0,100.0,A,0,Not at risk,Above 85%,20-30h,Eligible,B (secondary)
179,13.1,79.1,4.8,92.9,A,0,Not at risk,70-85%,10-20h,Eligible,B (secondary)
180,34.0,100.0,0.6,100.0,A,0,Not at risk,Above 85%,Over 30h,Eligible,B (secondary)
181,19.4,94.8,7.4,100.0,A,0,Not at risk,Above 85%,10-20h,Eligible,B (secondary)
182,9.0,97.2,4.7,84.7,B,0,Not at risk,Above 85%,Under 10h,Eligible,B (secondary)
183,7.5,85.6,8.2,80.1,B,0,Not at risk,Above 85%,Under 10h,Eligible,B (secondary)
184,18.4,100.0,9.4,100.0,A,0,Not at risk,Above 85%,10-20h,Eligible,B (secondary)
185,13.4,100.0,6.4,75.9,B,0,Not at risk,Above 85%,10-20h,Eligible,B (secondary)
186,20.0,84.5,3.8,100.0,A,0,Not at risk,70-85%,10-20h,Eligible,B (secondary)
187,18.3,89.6,6.7,96.5,A,0,Not at risk,Above 85%,10-20h,Eligible,B (secondary)
188,14.5,81.9,1.8,97.2,A,0,Not at risk,70-85%,10-20h,Eligible,B (secondary)
189,9.1,85.6,5.6,58.2,C,0,Not at risk,Above 85%,Under 10h,Eligible,B (secondary)
190,4.4,86.9,6.1,52.2,D,1,At risk,Above 85%,Under 10h,Eligible,B (secondary)
191,11.9,92.4,9.6,70.1,B,0,Not at risk,Above 85%,10-20h,Eligible,B (secondary)
192,21.0,79.3,6.2,100.0,A,0,Not at risk,70-85%,20-30h,Eligible,B (secondary)
193,16.5,100.0,6.9,89.0,A,0,Not at risk,Above 85%,10-20h,Eligible,B (secondary)
194,6.3,75.7,4.1,44.1,D,1,At risk,70-85%,Under 10h,Eligible,B (secondary)
195,16.2,81.8,4.7,80.5,B,0,Not at risk,70-85%,10-20h,Eligible,B (secondary)
196,17.7,89.0,4.9,92.5,A,0,Not at risk,Above 85%,10-20h,Eligible,B (secondary)
197,8.8,93.2,4.6,65.4,C,0,Not at risk,Above 85%,Under 10h,Eligible,B (secondary)
198,16.1,82.7,6.2,93.9,A,0,Not at risk,70-85%,10-20h,Eligible,B (secondary)
199,15.4,68.2,9.3,99.8,A,0,Not at risk,50-70%,10-20h,Not eligible,B (secondary)
200,7.0,78.7,5.2,53.2,D,1,At risk,70-85%,Under 10h,Eligible,B (secondary)
201,17.5,96.8,8.7,85.9,A,0,Not at risk,Above 85%,10-20h,Eligible,B (secondary)
202,18.9,82.4,5.8,100.0,A,0,Not at risk,70-85%,10-20h,Eligible,B (secondary)
203,22.6,80.2,5.0,100.0,A,0,Not at risk,70-85%,20-30h,Eligible,B (secondary)
204,22.4,77.5,5.1,99.4,A,0,Not at risk,70-85%,20-30h,Eligible,B (secondary)
205,5.4,78.4,6.4,63.0,C,0,Not at risk,70-85%,Under 10h,Eligible,B (secondary)
206,8.4,87.1,8.2,70.2,B,0,Not at risk,Above 85%,Under 10h,Eligible,B (secondary)
207,18.6,98.2,1.0,90.5,A,0,Not at risk,Above 85%,10-20h,Eligible,B (secondary)
208,18.6,93.9,2.5,83.7,B,0,Not at risk,Above 85%,10-20h,Eligible,B (secondary)
209,18.6,89.0,2.7,98.1,A,0,Not at risk,Above 85%,10-20h,Eligible,B (secondary)
210,40.0,68.1,6.7,100.0,A,0,Not at risk,50-70%,Over 30h,Not eligible,B (secondary)
211,19.0,88.0,7.3,95.5,A,0,Not at risk,Above 85%,10-20h,Eligible,B (secondary)
212,22.9,79.5,5.2,100.0,A,0,Not at risk,70-85%,20-30h,Eligible,B (secondary)
213,21.7,98.3,7.1,100.0,A,0,Not at risk,Above 85%,20-30h,Eligible,B (secondary)
214,19.6,82.6,8.7,90.2,A,0,Not at risk,70-85%,10-20h,Eligible,B (secondary)
215,12.8,89.1,2.9,87.9,A,0,Not at risk,Above 85%,10-20h,Eligible,B (secondary)
216,20.3,81.4,7.1,100.0,A,0,Not at risk,70-85%,20-30h,Eligible,B (secondary)
217,9.6,82.6,6.0,83.0,B,0,Not at risk,70-85%,Under 10h,Eligible,B (secondary)
218,13.3,80.9,4.6,97.4,A,0,Not at risk,70-85%,10-20h,Eligible,B (secondary)
219,11.6,71.3,1.9,70.6,B,0,Not at risk,70-85%,10-20h,Eligible,B (secondary)
220,15.6,85.3,7.6,83.7,B,0,Not at risk,Above 85%,10-20h,Eligible,B (secondary)
221,31.2,95.1,2.1,100.0,A,0,Not at risk,Above 85%,Over 30h,Eligible,B (secondary)
222,1.9,78.8,10.0,46.4,D,1,At risk,70-85%,Under 10h,Eligible,B (secondary)
223,19.8,83.0,4.6,100.0,A,0,Not at risk,70-85%,10-20h,Eligible,B (secondary)
224,3.7,100.0,5.0,63.1,C,0,Not at risk,Above 85%,Under 10h,Eligible,B (secondary)
225,11.7,90.1,9.4,87.4,A,0,Not at risk,Above 85%,10-20h,Eligible,B (secondary)
226,22.6,73.5,4.8,100.0,A,0,Not at risk,70-85%,20-30h,Eligible,B (secondary)
227,15.4,97.2,8.9,65.7,C,0,Not at risk,Above 85%,10-20h,Eligible,B (secondary)
228,7.5,76.3,6.5,54.2,D,1,At risk,70-85%,Under 10h,Eligible,B (secondary)
229,10.0,65.7,10.0,69.5,C,0,Not at risk,50-70%,Under 10h,Not eligible,B (secondary)
230,19.8,84.4,7.6,100.0,A,0,Not at risk,70-85%,10-20h,Eligible,B (secondary)
231,9.9,94.1,4.5,79.0,B,0,Not at risk,Above 85%,Under 10h,Eligible,B (secondary)
232,16.5,99.4,6.7,100.0,A,0,Not at risk,Above 85%,10-20h,Eligible,B (secondary)
233,15.3,76.5,6.7,81.5,B,0,Not at risk,70-85%,10-20h,Eligible,B (secondary)
234,10.4,95.9,6.3,85.8,A,0,Not at risk,Above 85%,10-20h,Eligible,B (secondary)
235,30.0,81.2,8.1,100.0,A,0,Not at risk,70-85%,20-30h,Eligible,B (secondary)
236,19.4,83.3,1.8,100.0,A,0,Not at risk,70-85%,10-20h,Eligible,B (secondary)
237,0.8,91.0,4.2,53.0,D,1,At risk,Above 85%,Under 10h,Eligible,B (secondary)
238,16.3,70.2,7.5,96.0,A,0,Not at risk,70-85%,10-20h,Eligible,B (secondary)
239,10.4,85.9,4.1,81.2,B,0,Not at risk,Above 85%,10-20h,Eligible,B (secondary)
240,21.0,96.9,8.9,100.0,A,0,Not at risk,Above 85%,20-30h,Eligible,B (secondary)
241,9.5,81.8,4.9,55.0,C,0,Not at risk,70-85%,Under 10h,Eligible,B (secondary)
242,14.2,87.3,7.1,81.5,B,0,Not at risk,Above 85%,10-20h,Eligible,B (secondary)
243,18.5,86.9,4.7,72.7,B,0,Not at risk,Above 85%,10-20h,Eligible,B (secondary)
244,21.1,88.6,8.5,100.0,A,0,Not at risk,Above 85%,20-30h,Eligible,B (secondary)
245,6.6,96.5,6.5,55.6,C,0,Not at risk,Above 85%,Under 10h,Eligible,B (secondary)
246,12.7,77.4,10.0,91.1,A,0,Not at risk,70-85%,10-20h,Eligible,B (secondary)
247,11.7,89.4,3.1,80.0,B,0,Not at risk,Above 85%,10-20h,Eligible,B (secondary)
248,10.4,79.9,1.6,71.4,B,0,Not at risk,70-85%,10-20h,Eligible,B (secondary)
249,27.4,97.6,6.7,100.0,A,0,Not at risk,Above 85%,20-30h,Eligible,B (secondary)
250,17.8,78.1,8.5,89.5,A,0,Not at risk,70-85%,10-20h,Eligible,B (secondary)
251,6.2,83.9,3.5,74.7,B,0,Not at risk,70-85%,Under 10h,Eligible,B (secondary)
252,21.4,88.4,6.7,100.0,A,0,Not at risk,Above 85%,20-30h,Eligible,B (secondary)
253,29.9,90.6,4.3,100.0,A,0,Not at risk,Above 85%,20-30h,Eligible,B (secondary)
254,22.2,90.5,6.7,94.1,A,0,Not at risk,Above 85%,20-30h,Eligible,B (secondary)
255,4.4,83.1,6.5,38.9,F,1,At risk,70-85%,Under 10h,Eligible,B (secondary)
256,11.6,81.8,6.0,69.5,C,0,Not at risk,70-85%,10-20h,Eligible,B (secondary)
257,23.9,68.3,7.0,100.0,A,0,Not at risk,50-70%,20-30h,Not eligible,B (secondary)
258,10.0,85.0,4.7,60.4,C,0,Not at risk,70-85%,Under 10h,Eligible,B (secondary)
259,18.1,74.1,3.5,98.1,A,0,Not at risk,70-85%,10-20h,Eligible,B (secondary)
260,20.4,85.1,2.2,100.0,A,0,Not at risk,Above 85%,20-30h,Eligible,B (secondary)
261,8.5,78.2,7.0,77.7,B,0,Not at risk,70-85%,Under 10h,Eligible,B (secondary)
262,14.6,66.7,1.1,81.2,B,0,Not at risk,50-70%,10-20h,Not eligible,B (secondary)
263,0.0,100.0,6.6,57.8,C,0,Not at risk,Above 85%,Under 10h,Eligible,B (secondary)
264,7.8,76.7,5.5,63.8,C,0,Not at risk,70-85%,Under 10h,Eligible,B (secondary)
265,13.2,74.0,4.4,69.4,C,0,Not at risk,70-85%,10-20h,Eligible,B (secondary)
266,6.3,89.9,8.8,68.7,C,0,Not at risk,Above 85%,Under 10h,Eligible,B (secondary)
267,26.4,74.0,9.4,100.0,A,0,Not at risk,70-85%,20-30h,Eligible,B (secondary)
268,5.0,83.2,5.5,57.2,C,0,Not at risk,70-85%,Under 10h,Eligible,B (secondary)
269,11.9,75.7,3.4,69.3,C,0,Not at risk,70-85%,10-20h,Eligible,B (secondary)
270,15.9,79.9,1.7,83.5,B,0,Not at risk,70-85%,10-20h,Eligible,B (secondary)
271,25.1,83.8,5.4,100.0,A,0,Not at risk,70-85%,20-30h,Eligible,B (secondary)
272,4.9,91.8,6.2,69.7,C,0,Not at risk,Above 85%,Under 10h,Eligible,B (secondary)
273,23.1,96.6,8.9,100.0,A,0,Not at risk,Above 85%,20-30h,Eligible,B (secondary)
274,15.1,72.9,2.0,90.1,A,0,Not at risk,70-85%,10-20h,Eligible,B (secondary)
275,8.1,81.6,3.9,78.1,B,0,Not at risk,70-85%,Under 10h,Eligible,B (secondary)
276,18.2,72.6,7.1,100.0,A,0,Not at risk,70-85%,10-20h,Eligible,B (secondary)
277,16.4,82.9,5.9,76.2,B,0,Not at risk,70-85%,10-20h,Eligible,B (secondary)
278,10.8,77.5,8.7,69.6,C,0,Not at risk,70-85%,10-20h,Eligible,B (secondary)
279,15.5,74.9,6.2,77.6,B,0,Not at risk,70-85%,10-20h,Eligible,B (secondary)
280,12.3,74.2,6.9,82.4,B,0,Not at risk,70-85%,10-20h,Eligible,B (secondary)
281,15.8,74.8,8.9,89.1,A,0,Not at risk,70-85%,10-20h,Eligible,B (secondary)
282,19.6,88.3,6.5,100.0,A,0,Not at risk,Above 85%,10-20h,Eligible,B (secondary)
283,26.1,100.0,3.9,100.0,A,0,Not at risk,Above 85%,20-30h,Eligible,B (secondary)
284,6.3,76.6,4.1,43.9,D,1,At risk,70-85%,Under 10h,Eligible,B (secondary)
285,29.9,81.2,5.6,100.0,A,0,Not at risk,70-85%,20-30h,Eligible,B (secondary)
286,1.3,82.9,5.5,54.5,D,1,At risk,70-85%,Under 10h,Eligible,B (secondary)
287,13.9,88.5,8.0,62.1,C,0,Not at risk,Above 85%,10-20h,Eligible,B (secondary)
288,19.1,80.3,4.9,100.0,A,0,Not at risk,70-85%,10-20h,Eligible,B (secondary)
289,17.0,92.4,5.7,85.6,A,0,Not at risk,Above 85%,10-20h,Eligible,B (secondary)
290,10.6,83.8,4.4,80.8,B,0,Not at risk,70-85%,10-20h,Eligible,B (secondary)
291,13.5,92.2,7.4,92.4,A,0,Not at risk,Above 85%,10-20h,Eligible,B (secondary)
292,11.5,89.6,6.3,71.6,B,0,Not at risk,Above 85%,10-20h,Eligible,B (secondary)
293,10.9,88.2,5.2,74.5,B,0,Not at risk,Above 85%,10-20h,Eligible,B (secondary)
294,20.9,76.2,8.1,87.5,A,0,Not at risk,70-85%,20-30h,Eligible,B (secondary)
295,17.5,92.0,7.0,89.9,A,0,Not at risk,Above 85%,10-20h,Eligible,B (secondary)
296,10.1,90.0,3.0,80.4,B,0,Not at risk,Above 85%,10-20h,Eligible,B (secondary)
297,21.3,100.0,6.9,94.9,A,0,Not at risk,Above 85%,20-30h,Eligible,B (secondary)
298,17.2,77.6,6.7,92.6,A,0,Not at risk,70-85%,10-20h,Eligible,B (secondary)
299,20.7,84.6,10.0,95.8,A,0,Not at risk,70-85%,20-30h,Eligible,B (secondary)
300,19.4,93.6,6.2,100.0,A,0,Not at risk,Above 85%,10-20h,Eligible,B (secondary)
301,9.2,89.2,3.9,62.9,C,0,Not at risk,Above 85%,Under 10h,Eligible,B (secondary)
302,11.1,90.4,5.9,81.1,B,0,Not at risk,Above 85%,10-20h,Eligible,B (secondary)
303,20.2,70.6,4.7,100.0,A,0,Not at risk,70-85%,20-30h,Eligible,B (secondary)
304,19.3,91.1,5.8,100.0,A,0,Not at risk,Above 85%,10-20h,Eligible,B (secondary)
305,14.9,97.7,6.0,87.6,A,0,Not at risk,Above 85%,10-20h,Eligible,B (secondary)
306,15.8,73.4,8.9,88.1,A,0,Not at risk,70-85%,10-20h,Eligible,B (secondary)
307,23.9,86.1,4.9,100.0,A,0,Not at risk,Above 85%,20-30h,Eligible,B (secondary)
308,10.9,80.5,5.7,77.1,B,0,Not at risk,70-85%,10-20h,Eligible,B (secondary)
309,18.8,87.2,4.2,80.0,B,0,Not at risk,Above 85%,10-20h,Eligible,B (secondary)
310,13.6,97.7,3.5,100.0,A,0,Not at risk,Above 85%,10-20h,Eligible,B (secondary)
311,13.5,73.9,8.6,90.6,A,0,Not at risk,70-85%,10-20h,Eligible,B (secondary)
312,22.7,85.4,9.2,95.9,A,0,Not at risk,Above 85%,20-30h,Eligible,B (secondary)
313,20.8,84.2,7.3,99.6,A,0,Not at risk,70-85%,20-30h,Eligible,B (secondary)
314,20.7,88.8,3.8,100.0,A,0,Not at risk,Above 85%,20-30h,Eligible,B (secondary)
315,24.1,80.4,4.9,100.0,A,0,Not at risk,70-85%,20-30h,Eligible,B (secondary)
316,15.1,100.0,1.8,82.2,B,0,Not at risk,Above 85%,10-20h,Eligible,B (secondary)
317,19.8,73.4,2.8,100.0,A,0,Not at risk,70-85%,10-20h,Eligible,B (secondary)
318,12.8,97.7,8.1,79.8,B,0,Not at risk,Above 85%,10-20h,Eligible,B (secondary)
319,17.3,85.2,6.6,94.6,A,0,Not at risk,Above 85%,10-20h,Eligible,B (secondary)
320,14.1,73.8,5.2,84.1,B,0,Not at risk,70-85%,10-20h,Eligible,B (secondary)
321,15.7,85.1,7.4,85.3,A,0,Not at risk,Above 85%,10-20h,Eligible,B (secondary)
322,19.2,74.7,6.4,87.2,A,0,Not at risk,70-85%,10-20h,Eligible,B (secondary)
323,9.3,70.9,6.1,80.3,B,0,Not at risk,70-85%,Under 10h,Eligible,B (secondary)
324,29.6,100.0,6.1,100.0,A,0,Not at risk,Above 85%,20-30h,Eligible,B (secondary)
325,8.0,90.2,4.8,71.6,B,0,Not at risk,Above 85%,Under 10h,Eligible,B (secondary)
326,6.5,86.0,8.6,75.5,B,0,Not at risk,Above 85%,Under 10h,Eligible,B (secondary)
327,23.1,81.6,3.7,98.6,A,0,Not at risk,70-85%,20-30h,Eligible,B (secondary)
328,20.5,93.7,8.2,100.0,A,0,Not at risk,Above 85%,20-30h,Eligible,B (secondary)
329,19.4,87.7,5.8,100.0,A,0,Not at risk,Above 85%,10-20h,Eligible,B (secondary)
330,19.4,80.3,5.4,97.9,A,0,Not at risk,70-85%,10-20h,Eligible,B (secondary)
331,14.9,100.0,10.0,90.5,A,0,Not at risk,Above 85%,10-20h,Eligible,B (secondary)
332,8.7,87.3,4.5,41.3,D,1,At risk,Above 85%,Under 10h,Eligible,B (secondary)
333,15.5,75.8,7.2,93.3,A,0,Not at risk,70-85%,10-20h,Eligible,B (secondary)
334,10.3,78.2,10.0,81.3,B,0,Not at risk,70-85%,10-20h,Eligible,B (secondary)
335,21.8,88.8,7.0,100.0,A,0,Not at risk,Above 85%,20-30h,Eligible,B (secondary)
336,14.0,98.7,6.6,97.8,A,0,Not at risk,Above 85%,10-20h,Eligible,B (secondary)
337,9.2,88.3,8.0,56.7,C,0,Not at risk,Above 85%,Under 10h,Eligible,B (secondary)
338,12.8,94.1,7.1,81.2,B,0,Not at risk,Above 85%,10-20h,Eligible,B (secondary)
339,17.9,78.4,5.8,99.9,A,0,Not at risk,70-85%,10-20h,Eligible,B (secondary)
340,11.1,88.1,7.4,94.6,A,0,Not at risk,Above 85%,10-20h,Eligible,B (secondary)
341,9.2,83.7,2.4,72.9,B,0,Not at risk,70-85%,Under 10h,Eligible,B (secondary)
342,16.7,74.9,5.1,80.6,B,0,Not at risk,70-85%,10-20h,Eligible,B (secondary)
343,16.7,94.9,10.0,97.0,A,0,Not at risk,Above 85%,10-20h,Eligible,B (secondary)
344,11.5,78.1,5.8,89.4,A,0,Not at risk,70-85%,10-20h,Eligible,B (secondary)
345,11.7,97.9,8.2,79.7,B,0,Not at risk,Above 85%,10-20h,Eligible,B (secondary)
346,16.6,100.0,4.3,100.0,A,0,Not at risk,Above 85%,10-20h,Eligible,B (secondary)
347,4.9,91.0,6.0,59.0,C,0,Not at risk,Above 85%,Under 10h,Eligible,B (secondary)
348,5.1,79.5,7.9,56.9,C,0,Not at risk,70-85%,Under 10h,Eligible,B (secondary)
349,10.0,72.0,6.4,79.9,B,0,Not at risk,70-85%,Under 10h,Eligible,B (secondary)
350,13.5,80.0,4.4,91.5,A,0,Not at risk,70-85%,10-20h,Eligible,B (secondary)
351,17.2,85.4,4.9,100.0,A,0,Not at risk,Above 85%,10-20h,Eligible,B (secondary)
352,25.3,85.3,7.6,100.0,A,0,Not at risk,Above 85%,20-30h,Eligible,B (secondary)
353,21.0,73.6,6.7,87.3,A,0,Not at risk,70-85%,20-30h,Eligible,B (secondary)
354,13.9,65.4,3.9,87.4,A,0,Not at risk,50-70%,10-20h,Not eligible,B (secondary)
355,14.9,87.1,6.9,88.3,A,0,Not at risk,Above 85%,10-20h,Eligible,B (secondary)
356,8.0,94.8,6.2,68.8,C,0,Not at risk,Above 85%,Under 10h,Eligible,B (secondary)
357,14.9,90.4,7.2,94.7,A,0,Not at risk,Above 85%,10-20h,Eligible,B (secondary)
358,13.0,92.5,7.8,76.4,B,0,Not at risk,Above 85%,10-20h,Eligible,B (secondary)
359,17.3,90.4,6.4,100.0,A,0,Not at risk,Above 85%,10-20h,Eligible,B (secondary)
360,9.2,82.3,6.9,72.1,B,0,Not at risk,70-85%,Under 10h,Eligible,B (secondary)
361,18.6,100.0,4.6,83.7,B,0,Not at risk,Above 85%,10-20h,Eligible,B (secondary)
362,25.7,65.4,6.7,100.0,A,0,Not at risk,50-70%,20-30h,Not eligible,B (secondary)
363,14.2,88.1,6.0,85.1,A,0,Not at risk,Above 85%,10-20h,Eligible,B (secondary)
364,17.8,82.1,3.7,89.5,A,0,Not at risk,70-85%,10-20h,Eligible,B (secondary)
365,19.8,80.0,1.9,95.4,A,0,Not at risk,70-85%,10-20h,Eligible,B (secondary)
366,12.2,97.8,3.5,82.5,B,0,Not at risk,Above 85%,10-20h,Eligible,B (secondary)
367,16.6,89.5,7.2,77.5,B,0,Not at risk,Above 85%,10-20h,Eligible,B (secondary)
368,15.1,99.6,5.6,89.9,A,0,Not at risk,Above 85%,10-20h,Eligible,B (secondary)
369,15.7,91.3,3.1,93.3,A,0,Not at risk,Above 85%,10-20h,Eligible,B (secondary)
370,9.6,94.4,7.5,80.0,B,0,Not at risk,Above 85%,Under 10h,Eligible,B (secondary)
371,15.2,88.4,5.7,96.4,A,0,Not at risk,Above 85%,10-20h,Eligible,B (secondary)
372,18.5,97.3,6.4,95.0,A,0,Not at risk,Above 85%,10-20h,Eligible,B (secondary)
373,25.2,100.0,6.9,100.0,A,0,Not at risk,Above 85%,20-30h,Eligible,B (secondary)
374,21.7,97.8,1.2,100.0,A,0,Not at risk,Above 85%,20-30h,Eligible,B (secondary)
375,30.1,99.7,6.6,100.0,A,0,Not at risk,Above 85%,Over 30h,Eligible,B (secondary)
376,9.6,89.8,3.2,82.4,B,0,Not at risk,Above 85%,Under 10h,Eligible,B (secondary)
377,21.1,80.3,7.5,92.2,A,0,Not at risk,70-85%,20-30h,Eligible,B (secondary)
378,16.3,94.9,6.0,100.0,A,0,Not at risk,Above 85%,10-20h,Eligible,B (secondary)
379,30.3,64.4,4.1,100.0,A,0,Not at risk,50-70%,Over 30h,Not eligible,B (secondary)
380,9.3,81.7,3.8,60.4,C,0,Not at risk,70-85%,Under 10h,Eligible,B (secondary)
381,9.1,68.2,2.6,76.5,B,0,Not at risk,50-70%,Under 10h,Not eligible,B (secondary)
382,10.8,87.0,6.3,88.7,A,0,Not at risk,Above 85%,10-20h,Eligible,B (secondary)
383,0.1,100.0,9.0,33.8,F,1,At risk,Above 85%,Under 10h,Eligible,B (secondary)
384,11.3,76.4,6.7,67.3,C,0,Not at risk,70-85%,10-20h,Eligible,B (secondary)
385,9.7,96.9,10.0,87.6,A,0,Not at risk,Above 85%,Under 10h,Eligible,B (secondary)
386,16.1,76.0,9.5,92.1,A,0,Not at risk,70-85%,10-20h,Eligible,B (secondary)
387,17.4,76.8,6.7,85.4,A,0,Not at risk,70-85%,10-20h,Eligible,B (secondary)
388,28.1,77.2,7.5,100.0,A,0,Not at risk,70-85%,20-30h,Eligible,B (secondary)
389,21.7,85.5,5.8,100.0,A,0,Not at risk,Above 85%,20-30h,Eligible,B (secondary)
390,11.0,70.7,5.4,97.6,A,0,Not at risk,70-85%,10-20h,Eligible,B (secondary)
391,8.7,84.9,4.2,54.1,D,1,At risk,70-85%,Under 10h,Eligible,B (secondary)
392,18.4,92.8,4.6,85.8,A,0,Not at risk,Above 85%,10-20h,Eligible,B (secondary)
393,5.8,88.0,4.8,63.1,C,0,Not at risk,Above 85%,Under 10h,Eligible,B (secondary)
394,27.8,80.3,9.5,100.0,A,0,Not at risk,70-85%,20-30h,Eligible,B (secondary)
395,23.3,90.6,6.3,100.0,A,0,Not at risk,Above 85%,20-30h,Eligible,B (secondary)
396,11.7,92.7,7.5,89.6,A,0,Not at risk,Above 85%,10-20h,Eligible,B (secondary)
397,3.0,86.6,6.5,58.6,C,0,Not at risk,Above 85%,Under 10h,Eligible,B (secondary)
398,24.5,85.5,8.1,100.0,A,0,Not at risk,Above 85%,20-30h,Eligible,B (secondary)
399,14.2,100.0,7.2,81.5,B,0,Not at risk,Above 85%,10-20h,Eligible,B (secondary)
400,23.7,87.9,6.6,100.0,A,0,Not at risk,Above 85%,20-30h,Eligible,B (secondary)
401,3.8,85.8,4.7,67.2,C,0,Not at risk,Above 85%,Under 10h,Eligible,B (secondary)
402,10.8,88.7,4.5,67.8,C,0,Not at risk,Above 85%,10-20h,Eligible,B (secondary)
403,15.0,91.7,4.4,87.4,A,0,Not at risk,Above 85%,10-20h,Eligible,B (secondary)
404,15.3,82.9,9.9,90.2,A,0,Not at risk,70-85%,10-20h,Eligible,B (secondary)
405,11.8,73.2,2.7,64.9,C,0,Not at risk,70-85%,10-20h,Eligible,B (secondary)
406,19.4,67.1,6.5,88.6,A,0,Not at risk,50-70%,10-20h,Not eligible,B (secondary)
407,7.5,87.5,7.6,81.3,B,0,Not at risk,Above 85%,Under 10h,Eligible,B (secondary)
408,14.0,76.5,5.4,88.5,A,0,Not at risk,70-85%,10-20h,Eligible,B (secondary)
409,15.8,90.0,4.9,85.6,A,0,Not at risk,Above 85%,10-20h,Eligible,B (secondary)
410,18.6,87.8,4.1,91.5,A,0,Not at risk,Above 85%,10-20h,Eligible,B (secondary)
411,20.0,83.3,6.5,100.0,A,0,Not at risk,70-85%,10-20h,Eligible,B (secondary)
412,7.1,83.1,8.3,66.4,C,0,Not at risk,70-85%,Under 10h,Eligible,B (secondary)
413,4.3,77.5,5.9,54.3,D,1,At risk,70-85%,Under 10h,Eligible,B (secondary)
414,23.9,70.1,7.7,100.0,A,0,Not at risk,70-85%,20-30h,Eligible,B (secondary)
415,17.3,91.6,5.5,89.6,A,0,Not at risk,Above 85%,10-20h,Eligible,B (secondary)
416,9.8,94.2,5.6,89.2,A,0,Not at risk,Above 85%,Under 10h,Eligible,B (secondary)
417,25.9,79.2,5.7,100.0,A,0,Not at risk,70-85%,20-30h,Eligible,B (secondary)
418,15.8,90.1,5.7,96.3,A,0,Not at risk,Above 85%,10-20h,Eligible,B (secondary)
419,23.3,66.9,4.6,100.0,A,0,Not at risk,50-70%,20-30h,Not eligible,B (secondary)
420,15.5,98.2,4.7,90.5,A,0,Not at risk,Above 85%,10-20h,Eligible,B (secondary)
421,29.4,91.3,7.9,100.0,A,0,Not at risk,Above 85%,20-30h,Eligible,B (secondary)
422,27.3,83.0,5.4,100.0,A,0,Not at risk,70-85%,20-30h,Eligible,B (secondary)
423,13.3,75.8,8.7,71.4,B,0,Not at risk,70-85%,10-20h,Eligible,B (secondary)
424,21.8,100.0,7.1,89.8,A,0,Not at risk,Above 85%,20-30h,Eligible,B (secondary)
425,19.5,91.0,7.2,81.8,B,0,Not at risk,Above 85%,10-20h,Eligible,B (secondary)
426,24.6,93.6,4.9,100.0,A,0,Not at risk,Above 85%,20-30h,Eligible,B (secondary)
427,8.2,85.1,9.9,74.1,B,0,Not at risk,Above 85%,Under 10h,Eligible,B (secondary)
428,19.8,100.0,4.9,100.0,A,0,Not at risk,Above 85%,10-20h,Eligible,B (secondary)
429,22.4,82.9,4.4,96.4,A,0,Not at risk,70-85%,20-30h,Eligible,B (secondary)
430,2.7,88.0,5.1,47.0,D,1,At risk,Above 85%,Under 10h,Eligible,B (secondary)
431,6.7,90.2,4.2,46.4,D,1,At risk,Above 85%,Under 10h,Eligible,B (secondary)
432,0.7,89.0,6.8,54.4,D,1,At risk,Above 85%,Under 10h,Eligible,B (secondary)
433,13.1,93.6,5.3,76.0,B,0,Not at risk,Above 85%,10-20h,Eligible,B (secondary)
434,20.0,80.1,2.2,97.8,A,0,Not at risk,70-85%,10-20h,Eligible,B (secondary)
435,25.5,95.1,6.7,100.0,A,0,Not at risk,Above 85%,20-30h,Eligible,B (secondary)
436,15.5,91.8,4.9,92.8,A,0,Not at risk,Above 85%,10-20h,Eligible,B (secondary)
437,26.4,90.4,6.3,100.0,A,0,Not at risk,Above 85%,20-30h,Eligible,B (secondary)
438,5.3,97.0,3.7,78.9,B,0,Not at risk,Above 85%,Under 10h,Eligible,B (secondary)
439,3.1,78.2,3.8,74.0,B,0,Not at risk,70-85%,Under 10h,Eligible,B (secondary)
440,14.6,81.0,5.5,75.3,B,0,Not at risk,70-85%,10-20h,Eligible,B (secondary)
441,17.7,90.2,6.1,88.4,A,0,Not at risk,Above 85%,10-20h,Eligible,B (secondary)
442,14.8,95.8,7.9,81.0,B,0,Not at risk,Above 85%,10-20h,Eligible,B (secondary)
443,0.5,89.4,8.9,45.8,D,1,At risk,Above 85%,Under 10h,Eligible,B (secondary)
444,14.4,97.7,6.4,80.3,B,0,Not at risk,Above 85%,10-20h,Eligible,B (secondary)
445,5.9,89.5,8.3,69.6,C,0,Not at risk,Above 85%,Under 10h,Eligible,B (secondary)
446,19.7,81.0,7.8,98.2,A,0,Not at risk,70-85%,10-20h,Eligible,B (secondary)
447,17.6,84.0,5.5,100.0,A,0,Not at risk,70-85%,10-20h,Eligible,B (secondary)
448,8.4,95.8,6.2,89.5,A,0,Not at risk,Above 85%,Under 10h,Eligible,B (secondary)
449,11.4,95.8,7.2,66.9,C,0,Not at risk,Above 85%,10-20h,Eligible,B (secondary)
450,7.6,61.6,8.4,80.3,B,0,Not at risk,50-70%,Under 10h,Not eligible,B (secondary)
451,14.6,92.6,2.8,67.3,C,0,Not at risk,Above 85%,10-20h,Eligible,B (secondary)
452,21.7,80.6,8.4,100.0,A,0,Not at risk,70-85%,20-30h,Eligible,B (secondary)
453,8.1,99.4,4.8,78.7,B,0,Not at risk,Above 85%,Under 10h,Eligible,B (secondary)
454,18.5,94.1,8.1,86.2,A,0,Not at risk,Above 85%,10-20h,Eligible,B (secondary)
455,11.3,92.8,7.5,71.9,B,0,Not at risk,Above 85%,10-20h,Eligible,B (secondary)
456,9.4,88.3,6.6,49.3,D,1,At risk,Above 85%,Under 10h,Eligible,B (secondary)
457,14.3,83.4,5.0,93.4,A,0,Not at risk,70-85%,10-20h,Eligible,B (secondary)
458,7.8,89.2,6.4,55.0,C,0,Not at risk,Above 85%,Under 10h,Eligible,B (secondary)
459,11.1,76.4,4.3,79.6,B,0,Not at risk,70-85%,10-20h,Eligible,B (secondary)
460,6.6,99.9,4.2,51.9,D,1,At risk,Above 85%,Under 10h,Eligible,B (secondary)
461,28.8,70.1,3.9,100.0,A,0,Not at risk,70-85%,20-30h,Eligible,B (secondary)
462,15.2,100.0,3.5,94.0,A,0,Not at risk,Above 85%,10-20h,Eligible,B (secondary)
463,10.1,100.0,4.9,96.2,A,0,Not at risk,Above 85%,10-20h,Eligible,B (secondary)
464,16.5,78.7,5.9,77.5,B,0,Not at risk,70-85%,10-20h,Eligible,B (secondary)
465,14.2,81.9,6.0,85.2,A,0,Not at risk,70-85%,10-20h,Eligible,B (secondary)
466,13.5,96.6,4.9,99.2,A,0,Not at risk,Above 85%,10-20h,Eligible,B (secondary)
467,19.3,72.7,7.2,92.8,A,0,Not at risk,70-85%,10-20h,Eligible,B (secondary)
468,20.3,89.4,4.9,100.0,A,0,Not at risk,Above 85%,20-30h,Eligible,B (secondary)
469,11.3,97.7,5.0,72.3,B,0,Not at risk,Above 85%,10-20h,Eligible,B (secondary)
470,11.0,96.7,7.0,65.7,C,0,Not at risk,Above 85%,10-20h,Eligible,B (secondary)
471,13.1,82.8,8.9,66.0,C,0,Not at risk,70-85%,10-20h,Eligible,B (secondary)
472,0.0,97.2,3.9,60.0,C,0,Not at risk,Above 85%,Under 10h,Eligible,B (secondary)
473,4.4,88.1,4.5,63.6,C,0,Not at risk,Above 85%,Under 10h,Eligible,B (secondary)
474,24.6,98.7,5.5,100.0,A,0,Not at risk,Above 85%,20-30h,Eligible,B (secondary)
475,26.5,77.8,6.3,100.0,A,0,Not at risk,70-85%,20-30h,Eligible,B (secondary)
476,13.3,79.0,8.2,82.1,B,0,Not at risk,70-85%,10-20h,Eligible,B (secondary)
477,19.0,94.1,6.1,83.4,B,0,Not at risk,Above 85%,10-20h,Eligible,B (secondary)
478,17.2,98.3,5.3,97.2,A,0,Not at risk,Above 85%,10-20h,Eligible,B (secondary)
479,36.6,77.7,5.2,100.0,A,0,Not at risk,70-85%,Over 30h,Eligible,B (secondary)
480,22.8,89.4,5.0,100.0,A,0,Not at risk,Above 85%,20-30h,Eligible,B (secondary)
481,14.1,80.7,6.2,80.2,B,0,Not at risk,70-85%,10-20h,Eligible,B (secondary)
482,8.3,78.0,5.5,78.5,B,0,Not at risk,70-85%,Under 10h,Eligible,B (secondary)
483,3.8,88.3,6.5,67.7,C,0,Not at risk,Above 85%,Under 10h,Eligible,B (secondary)
484,16.4,84.5,3.7,75.5,B,0,Not at risk,70-85%,10-20h,Eligible,B (secondary)
485,9.7,79.7,4.8,74.0,B,0,Not at risk,70-85%,Under 10h,Eligible,B (secondary)
486,5.0,74.5,6.5,68.5,C,0,Not at risk,70-85%,Under 10h,Eligible,B (secondary)
487,10.5,52.5,4.4,66.9,C,0,Not at risk,50-70%,10-20h,Not eligible,B (secondary)
488,7.4,84.7,4.2,87.8,A,0,Not at risk,70-85%,Under 10h,Eligible,B (secondary)
489,26.8,72.8,6.4,100.0,A,0,Not at risk,70-85%,20-30h,Eligible,B (secondary)
490,21.2,82.5,9.3,100.0,A,0,Not at risk,70-85%,20-30h,Eligible,B (secondary)
491,14.9,96.7,8.4,88.1,A,0,Not at risk,Above 85%,10-20h,Eligible,B (secondary)
492,25.4,78.1,5.4,100.0,A,0,Not at risk,70-85%,20-30h,Eligible,B (secondary)
493,15.5,70.6,8.4,100.0,A,0,Not at risk,70-85%,10-20h,Eligible,B (secondary)
494,9.0,90.3,3.4,85.5,A,0,Not at risk,Above 85%,Under 10h,Eligible,B (secondary)
495,25.7,88.9,6.6,100.0,A,0,Not at risk,Above 85%,20-30h,Eligible,B (secondary)
496,18.8,83.2,7.7,100.0,A,0,Not at risk,70-85%,10-20h,Eligible,B (secondary)
497,7.7,81.4,5.3,72.8,B,0,Not at risk,70-85%,Under 10h,Eligible,B (secondary)
498,13.7,87.0,5.6,100.0,A,0,Not at risk,Above 85%,10-20h,Eligible,B (secondary)
499,8.9,87.4,4.0,63.5,C,0,Not at risk,Above 85%,Under 10h,Eligible,B (secondary)
500,5.3,74.2,8.9,72.7,B,0,Not at risk,70-85%,Under 10h,Eligible,B (secondary)
501,21.5,99.4,2.8,100.0,A,0,Not at risk,Above 85%,20-30h,Eligible,B (secondary)
502,28.4,78.6,5.8,100.0,A,0,Not at risk,70-85%,20-30h,Eligible,B (secondary)
503,5.2,67.6,6.2,69.7,C,0,Not at risk,50-70%,Under 10h,Not eligible,B (secondary)
504,18.9,82.7,3.6,95.4,A,0,Not at risk,70-85%,10-20h,Eligible,B (secondary)
505,10.4,73.6,3.6,56.8,C,0,Not at risk,70-85%,10-20h,Eligible,B (secondary)
506,11.6,98.6,5.9,75.2,B,0,Not at risk,Above 85%,10-20h,Eligible,B (secondary)
507,10.9,83.9,4.5,72.6,B,0,Not at risk,70-85%,10-20h,Eligible,B (secondary)
508,9.0,92.6,6.7,64.6,C,0,Not at risk,Above 85%,Under 10h,Eligible,B (secondary)
509,15.3,94.6,8.4,72.6,B,0,Not at risk,Above 85%,10-20h,Eligible,B (secondary)
510,9.2,87.1,2.4,80.7,B,0,Not at risk,Above 85%,Under 10h,Eligible,B (secondary)
511,16.9,100.0,3.0,89.4,A,0,Not at risk,Above 85%,10-20h,Eligible,B (secondary)
512,14.6,91.1,8.7,91.1,A,0,Not at risk,Above 85%,10-20h,Eligible,B (secondary)
513,13.3,85.4,0.9,92.8,A,0,Not at risk,Above 85%,10-20h,Eligible,B (secondary)
514,8.6,88.3,9.3,63.2,C,0,Not at risk,Above 85%,Under 10h,Eligible,B (secondary)
515,11.0,76.1,6.1,80.9,B,0,Not at risk,70-85%,10-20h,Eligible,B (secondary)
516,20.3,75.4,5.2,94.3,A,0,Not at risk,70-85%,20-30h,Eligible,B (secondary)
517,18.5,93.7,5.5,92.6,A,0,Not at risk,Above 85%,10-20h,Eligible,B (secondary)
518,8.2,85.4,3.9,65.8,C,0,Not at risk,Above 85%,Under 10h,Eligible,B (secondary)
519,15.7,94.4,8.0,96.1,A,0,Not at risk,Above 85%,10-20h,Eligible,B (secondary)
520,20.3,98.4,5.2,100.0,A,0,Not at risk,Above 85%,20-30h,Eligible,B (secondary)
521,3.3,90.4,6.3,66.1,C,0,Not at risk,Above 85%,Under 10h,Eligible,B (secondary)
522,18.8,98.8,5.9,90.7,A,0,Not at risk,Above 85%,10-20h,Eligible,B (secondary)
523,10.4,60.2,7.7,63.3,C,0,Not at risk,50-70%,10-20h,Not eligible,B (secondary)
524,19.0,85.9,8.0,100.0,A,0,Not at risk,Above 85%,10-20h,Eligible,B (secondary)
525,9.7,85.1,7.6,63.5,C,0,Not at risk,Above 85%,Under 10h,Eligible,B (secondary)
526,2.4,77.1,6.6,79.1,B,0,Not at risk,70-85%,Under 10h,Eligible,B (secondary)
527,3.6,86.1,5.8,63.9,C,0,Not at risk,Above 85%,Under 10h,Eligible,B (secondary)
528,15.3,76.4,8.8,88.2,A,0,Not at risk,70-85%,10-20h,Eligible,B (secondary)
529,16.8,91.0,6.8,79.1,B,0,Not at risk,Above 85%,10-20h,Eligible,B (secondary)
530,8.7,83.1,6.6,70.6,B,0,Not at risk,70-85%,Under 10h,Eligible,B (secondary)
531,19.5,77.4,5.3,99.3,A,0,Not at risk,70-85%,10-20h,Eligible,B (secondary)
532,3.4,90.9,4.4,55.1,C,0,Not at risk,Above 85%,Under 10h,Eligible,B (secondary)
533,14.5,100.0,4.7,81.3,B,0,Not at risk,Above 85%,10-20h,Eligible,B (secondary)
534,6.5,81.6,6.6,43.0,D,1,At risk,70-85%,Under 10h,Eligible,B (secondary)
535,10.4,83.7,6.1,89.0,A,0,Not at risk,70-85%,10-20h,Eligible,B (secondary)
536,15.3,88.2,8.9,78.5,B,0,Not at risk,Above 85%,10-20h,Eligible,B (secondary)
537,9.0,82.4,7.5,77.6,B,0,Not at risk,70-85%,Under 10h,Eligible,B (secondary)
538,12.3,86.8,7.1,92.0,A,0,Not at risk,Above 85%,10-20h,Eligible,B (secondary)
539,22.0,74.0,4.5,100.0,A,0,Not at risk,70-85%,20-30h,Eligible,B (secondary)
540,11.0,73.6,9.0,73.2,B,0,Not at risk,70-85%,10-20h,Eligible,B (secondary)
541,20.8,81.3,6.2,96.5,A,0,Not at risk,70-85%,20-30h,Eligible,B (secondary)
542,7.1,81.6,4.5,62.1,C,0,Not at risk,70-85%,Under 10h,Eligible,B (secondary)
543,18.7,87.9,7.3,86.1,A,0,Not at risk,Above 85%,10-20h,Eligible,B (secondary)
544,25.1,90.6,6.9,100.0,A,0,Not at risk,Above 85%,20-30h,Eligible,B (secondary)
545,0.0,75.7,6.8,37.8,F,1,At risk,70-85%,Under 10h,Eligible,B (secondary)
546,9.4,84.1,4.8,65.3,C,0,Not at risk,70-85%,Under 10h,Eligible,B (secondary)
547,19.0,80.5,6.3,79.8,B,0,Not at risk,70-85%,10-20h,Eligible,B (secondary)
548,13.6,94.1,8.2,100.0,A,0,Not at risk,Above 85%,10-20h,Eligible,B (secondary)
549,17.6,74.9,7.5,89.2,A,0,Not at risk,70-85%,10-20h,Eligible,B (secondary)
550,10.8,94.3,7.0,79.8,B,0,Not at risk,Above 85%,10-20h,Eligible,B (secondary)
551,15.6,90.9,6.0,100.0,A,0,Not at risk,Above 85%,10-20h,Eligible,B (secondary)
552,13.9,86.3,5.6,87.0,A,0,Not at risk,Above 85%,10-20h,Eligible,B (secondary)
553,23.2,82.3,8.7,98.9,A,0,Not at risk,70-85%,20-30h,Eligible,B (secondary)
554,16.8,78.2,7.9,98.6,A,0,Not at risk,70-85%,10-20h,Eligible,B (secondary)
555,17.4,75.7,4.7,100.0,A,0,Not at risk,70-85%,10-20h,Eligible,B (secondary)
556,12.1,100.0,6.7,86.5,A,0,Not at risk,Above 85%,10-20h,Eligible,B (secondary)
557,11.6,89.1,9.0,76.3,B,0,Not at risk,Above 85%,10-20h,Eligible,B (secondary)
558,12.0,80.6,7.7,82.8,B,0,Not at risk,70-85%,10-20h,Eligible,B (secondary)
559,17.8,73.9,4.2,100.0,A,0,Not at risk,70-85%,10-20h,Eligible,B (secondary)
560,12.1,67.1,3.3,100.0,A,0,Not at risk,50-70%,10-20h,Not eligible,B (secondary)
561,17.0,79.1,4.8,100.0,A,0,Not at risk,70-85%,10-20h,Eligible,B (secondary)
562,29.5,94.1,2.5,100.0,A,0,Not at risk,Above 85%,20-30h,Eligible,B (secondary)
563,21.1,79.6,7.1,72.2,B,0,Not at risk,70-85%,20-30h,Eligible,B (secondary)
564,12.7,76.7,7.6,87.8,A,0,Not at risk,70-85%,10-20h,Eligible,B (secondary)
565,23.4,84.8,8.4,100.0,A,0,Not at risk,70-85%,20-30h,Eligible,B (secondary)
566,12.1,80.1,9.8,100.0,A,0,Not at risk,70-85%,10-20h,Eligible,B (secondary)
567,0.7,94.0,6.1,63.1,C,0,Not at risk,Above 85%,Under 10h,Eligible,B (secondary)
568,7.9,68.0,7.0,61.8,C,0,Not at risk,50-70%,Under 10h,Not eligible,B (secondary)
569,1.9,97.1,8.5,58.9,C,0,Not at risk,Above 85%,Under 10h,Eligible,B (secondary)
570,12.5,88.3,5.9,76.3,B,0,Not at risk,Above 85%,10-20h,Eligible,B (secondary)
571,15.1,100.0,5.0,100.0,A,0,Not at risk,Above 85%,10-20h,Eligible,B (secondary)
572,26.7,76.0,4.1,100.0,A,0,Not at risk,70-85%,20-30h,Eligible,B (secondary)
573,17.3,76.1,6.6,99.4,A,0,Not at risk,70-85%,10-20h,Eligible,B (secondary)
574,13.5,79.3,6.5,89.0,A,0,Not at risk,70-85%,10-20h,Eligible,B (secondary)
575,20.8,77.4,6.4,83.8,B,0,Not at risk,70-85%,20-30h,Eligible,B (secondary)
576,0.0,82.6,8.4,61.9,C,0,Not at risk,70-85%,Under 10h,Eligible,B (secondary)
577,16.6,75.8,8.5,80.1,B,0,Not at risk,70-85%,10-20h,Eligible,B (secondary)
578,20.4,100.0,3.8,95.8,A,0,Not at risk,Above 85%,20-30h,Eligible,B (secondary)
579,4.6,75.5,6.6,58.1,C,0,Not at risk,70-85%,Under 10h,Eligible,B (secondary)
580,23.0,93.0,7.6,100.0,A,0,Not at risk,Above 85%,20-30h,Eligible,B (secondary)
581,17.4,92.8,5.1,86.0,A,0,Not at risk,Above 85%,10-20h,Eligible,B (secondary)
582,12.1,75.1,4.0,86.8,A,0,Not at risk,70-85%,10-20h,Eligible,B (secondary)
583,19.4,89.4,3.6,100.0,A,0,Not at risk,Above 85%,10-20h,Eligible,B (secondary)
584,30.9,100.0,7.1,100.0,A,0,Not at risk,Above 85%,Over 30h,Eligible,B (secondary)
585,16.3,74.3,6.4,99.9,A,0,Not at risk,70-85%,10-20h,Eligible,B (secondary)
586,16.7,79.0,5.4,84.2,B,0,Not at risk,70-85%,10-20h,Eligible,B (secondary)
587,11.8,89.6,3.9,80.9,B,0,Not at risk,Above 85%,10-20h,Eligible,B (secondary)
588,9.1,80.8,3.1,72.0,B,0,Not at risk,70-85%,Under 10h,Eligible,B (secondary)
589,20.8,80.6,5.3,100.0,A,0,Not at risk,70-85%,20-30h,Eligible,B (secondary)
590,9.0,85.2,4.3,65.3,C,0,Not at risk,Above 85%,Under 10h,Eligible,B (secondary)
591,15.5,81.6,7.6,93.7,A,0,Not at risk,70-85%,10-20h,Eligible,B (secondary)
592,11.7,77.2,6.3,67.8,C,0,Not at risk,70-85%,10-20h,Eligible,B (secondary)
593,18.4,79.1,2.0,91.3,A,0,Not at risk,70-85%,10-20h,Eligible,B (secondary)
594,17.3,98.2,4.7,84.9,B,0,Not at risk,Above 85%,10-20h,Eligible,B (secondary)
595,22.3,91.5,4.5,99.3,A,0,Not at risk,Above 85%,20-30h,Eligible,B (secondary)
596,11.4,87.0,8.9,67.3,C,0,Not at risk,Above 85%,10-20h,Eligible,B (secondary)
597,13.1,63.1,4.0,99.9,A,0,Not at risk,50-70%,10-20h,Not eligible,B (secondary)
598,8.1,84.5,4.6,74.1,B,0,Not at risk,70-85%,Under 10h,Eligible,B (secondary)
599,11.9,65.9,4.7,100.0,A,0,Not at risk,50-70%,10-20h,Not eligible,B (secondary)
600,17.6,93.8,7.0,91.4,A,0,Not at risk,Above 85%,10-20h,Eligible,B (secondary)
601,20.3,69.7,3.6,89.6,A,0,Not at risk,50-70%,20-30h,Not eligible,B (secondary)
602,8.5,81.2,10.0,76.3,B,0,Not at risk,70-85%,Under 10h,Eligible,B (secondary)
603,21.1,99.7,6.0,100.0,A,0,Not at risk,Above 85%,20-30h,Eligible,B (secondary)
604,24.5,80.9,8.2,100.0,A,0,Not at risk,70-85%,20-30h,Eligible,B (secondary)
605,17.9,80.6,6.0,100.0,A,0,Not at risk,70-85%,10-20h,Eligible,B (secondary)
606,28.1,97.7,6.0,100.0,A,0,Not at risk,Above 85%,20-30h,Eligible,B (secondary)
607,9.6,83.5,6.9,77.4,B,0,Not at risk,70-85%,Under 10h,Eligible,B (secondary)
608,6.3,78.5,6.8,52.3,D,1,At risk,70-85%,Under 10h,Eligible,B (secondary)
609,2.5,94.0,7.6,51.9,D,1,At risk,Above 85%,Under 10h,Eligible,B (secondary)
610,25.5,80.4,5.2,100.0,A,0,Not at risk,70-85%,20-30h,Eligible,B (secondary)
611,19.6,75.5,10.0,100.0,A,0,Not at risk,70-85%,10-20h,Eligible,B (secondary)
612,14.6,72.6,7.3,74.7,B,0,Not at risk,70-85%,10-20h,Eligible,B (secondary)
613,17.0,93.8,7.0,99.1,A,0,Not at risk,Above 85%,10-20h,Eligible,B (secondary)
614,7.1,100.0,6.3,70.6,B,0,Not at risk,Above 85%,Under 10h,Eligible,B (secondary)
615,32.1,78.9,4.7,100.0,A,0,Not at risk,70-85%,Over 30h,Eligible,B (secondary)
616,15.9,90.2,7.6,97.6,A,0,Not at risk,Above 85%,10-20h,Eligible,B (secondary)
617,15.8,92.5,3.3,96.7,A,0,Not at risk,Above 85%,10-20h,Eligible,B (secondary)
618,20.1,79.0,8.9,100.0,A,0,Not at risk,70-85%,20-30h,Eligible,B (secondary)
619,18.4,100.0,8.5,98.9,A,0,Not at risk,Above 85%,10-20h,Eligible,B (secondary)
620,16.6,91.6,4.9,93.2,A,0,Not at risk,Above 85%,10-20h,Eligible,B (secondary)
621,9.5,79.8,4.7,73.6,B,0,Not at risk,70-85%,Under 10h,Eligible,B (secondary)
622,18.3,89.0,9.0,89.7,A,0,Not at risk,Above 85%,10-20h,Eligible,B (secondary)
623,28.2,78.6,5.8,100.0,A,0,Not at risk,70-85%,20-30h,Eligible,B (secondary)
624,24.4,92.7,4.3,100.0,A,0,Not at risk,Above 85%,20-30h,Eligible,B (secondary)
625,26.2,77.9,4.6,100.0,A,0,Not at risk,70-85%,20-30h,Eligible,B (secondary)
626,11.4,90.2,6.9,91.1,A,0,Not at risk,Above 85%,10-20h,Eligible,B (secondary)
627,8.1,77.5,5.2,71.1,B,0,Not at risk,70-85%,Under 10h,Eligible,B (secondary)
628,14.1,85.0,5.3,69.3,C,0,Not at risk,70-85%,10-20h,Eligible,B (secondary)
629,15.4,82.3,5.4,80.9,B,0,Not at risk,70-85%,10-20h,Eligible,B (secondary)
630,22.7,89.6,5.7,100.0,A,0,Not at risk,Above 85%,20-30h,Eligible,B (secondary)
631,3.2,86.8,4.4,66.2,C,0,Not at risk,Above 85%,Under 10h,Eligible,B (secondary)
632,25.7,94.9,4.4,100.0,A,0,Not at risk,Above 85%,20-30h,Eligible,B (secondary)
633,13.9,80.0,7.2,89.4,A,0,Not at risk,70-85%,10-20h,Eligible,B (secondary)
634,12.0,92.4,5.6,78.3,B,0,Not at risk,Above 85%,10-20h,Eligible,B (secondary)
635,7.9,71.9,6.9,67.3,C,0,Not at risk,70-85%,Under 10h,Eligible,B (secondary)
636,3.4,77.7,6.4,69.2,C,0,Not at risk,70-85%,Under 10h,Eligible,B (secondary)
637,20.8,87.1,8.6,100.0,A,0,Not at risk,Above 85%,20-30h,Eligible,B (secondary)
638,15.5,100.0,5.4,89.9,A,0,Not at risk,Above 85%,10-20h,Eligible,B (secondary)
639,6.0,91.7,5.3,49.8,D,1,At risk,Above 85%,Under 10h,Eligible,B (secondary)
640,5.9,74.6,6.5,82.7,B,0,Not at risk,70-85%,Under 10h,Eligible,B (secondary)
641,12.6,100.0,8.4,82.1,B,0,Not at risk,Above 85%,10-20h,Eligible,B (secondary)
642,26.7,100.0,6.0,100.0,A,0,Not at risk,Above 85%,20-30h,Eligible,B (secondary)
643,13.2,85.6,7.9,94.7,A,0,Not at risk,Above 85%,10-20h,Eligible,B (secondary)
644,4.5,73.1,5.3,65.7,C,0,Not at risk,70-85%,Under 10h,Eligible,B (secondary)
645,13.3,70.8,6.6,74.0,B,0,Not at risk,70-85%,10-20h,Eligible,B (secondary)
646,13.1,90.4,5.6,83.8,B,0,Not at risk,Above 85%,10-20h,Eligible,B (secondary)
647,0.0,80.5,6.7,44.5,D,1,At risk,70-85%,Under 10h,Eligible,B (secondary)
648,14.6,91.4,6.5,90.0,A,0,Not at risk,Above 85%,10-20h,Eligible,B (secondary)
649,13.4,91.3,1.8,86.9,A,0,Not at risk,Above 85%,10-20h,Eligible,B (secondary)
650,19.9,94.1,1.9,93.6,A,0,Not at risk,Above 85%,10-20h,Eligible,B (secondary)
651,27.9,74.4,6.1,100.0,A,0,Not at risk,70-85%,20-30h,Eligible,B (secondary)
652,22.9,89.2,6.2,100.0,A,0,Not at risk,Above 85%,20-30h,Eligible,B (secondary)
653,13.1,75.2,4.4,75.9,B,0,Not at risk,70-85%,10-20h,Eligible,B (secondary)
654,7.3,100.0,6.4,78.6,B,0,Not at risk,Above 85%,Under 10h,Eligible,B (secondary)
655,33.0,85.3,5.7,100.0,A,0,Not at risk,Above 85%,Over 30h,Eligible,B (secondary)
656,15.4,76.3,7.4,97.4,A,0,Not at risk,70-85%,10-20h,Eligible,B (secondary)
657,15.1,77.8,6.9,94.8,A,0,Not at risk,70-85%,10-20h,Eligible,B (secondary)
658,14.8,89.0,6.3,93.2,A,0,Not at risk,Above 85%,10-20h,Eligible,B (secondary)
659,16.4,86.7,6.3,92.2,A,0,Not at risk,Above 85%,10-20h,Eligible,B (secondary)
660,14.0,85.6,5.3,75.2,B,0,Not at risk,Above 85%,10-20h,Eligible,B (secondary)
661,11.0,84.3,4.1,73.4,B,0,Not at risk,70-85%,10-20h,Eligible,B (secondary)
662,11.2,79.6,0.8,81.0,B,0,Not at risk,70-85%,10-20h,Eligible,B (secondary)
663,14.8,89.5,8.6,98.8,A,0,Not at risk,Above 85%,10-20h,Eligible,B (secondary)
664,11.2,93.5,7.8,86.1,A,0,Not at risk,Above 85%,10-20h,Eligible,B (secondary)
665,10.0,75.6,6.1,84.2,B,0,Not at risk,70-85%,Under 10h,Eligible,B (secondary)
666,15.7,93.5,7.8,78.1,B,0,Not at risk,Above 85%,10-20h,Eligible,B (secondary)
667,13.2,100.0,6.6,84.4,B,0,Not at risk,Above 85%,10-20h,Eligible,B (secondary)
668,25.5,81.7,5.3,100.0,A,0,Not at risk,70-85%,20-30h,Eligible,B (secondary)
669,0.0,86.4,4.5,34.5,F,1,At risk,Above 85%,Under 10h,Eligible,B (secondary)
670,22.6,83.7,5.9,100.0,A,0,Not at risk,70-85%,20-30h,Eligible,B (secondary)
671,23.7,84.7,5.8,97.7,A,0,Not at risk,70-85%,20-30h,Eligible,B (secondary)
672,0.5,82.0,6.8,51.8,D,1,At risk,70-85%,Under 10h,Eligible,B (secondary)
673,12.6,77.7,4.4,81.9,B,0,Not at risk,70-85%,10-20h,Eligible,B (secondary)
674,12.4,90.0,7.4,87.5,A,0,Not at risk,Above 85%,10-20h,Eligible,B (secondary)
675,5.1,88.4,6.2,70.5,B,0,Not at risk,Above 85%,Under 10h,Eligible,B (secondary)
676,9.6,78.0,6.1,76.2,B,0,Not at risk,70-85%,Under 10h,Eligible,B (secondary)
677,7.2,81.4,4.1,74.6,B,0,Not at risk,70-85%,Under 10h,Eligible,B (secondary)
678,27.3,88.2,6.6,100.0,A,0,Not at risk,Above 85%,20-30h,Eligible,B (secondary)
679,21.5,81.2,9.7,100.0,A,0,Not at risk,70-85%,20-30h,Eligible,B (secondary)
680,23.9,74.2,10.0,100.0,A,0,Not at risk,70-85%,20-30h,Eligible,B (secondary)
681,20.1,82.8,5.0,100.0,A,0,Not at risk,70-85%,20-30h,Eligible,B (secondary)
682,7.1,91.7,6.2,83.2,B,0,Not at risk,Above 85%,Under 10h,Eligible,B (secondary)
683,11.3,90.3,7.0,94.8,A,0,Not at risk,Above 85%,10-20h,Eligible,B (secondary)
684,18.4,90.2,8.3,100.0,A,0,Not at risk,Above 85%,10-20h,Eligible,B (secondary)
685,6.4,69.1,5.7,51.6,D,1,At risk,50-70%,Under 10h,Not eligible,B (secondary)
686,20.0,84.5,7.9,100.0,A,0,Not at risk,70-85%,10-20h,Eligible,B (secondary)
687,13.3,57.2,8.2,95.1,A,0,Not at risk,50-70%,10-20h,Not eligible,B (secondary)
688,12.4,78.5,4.4,76.5,B,0,Not at risk,70-85%,10-20h,Eligible,B (secondary)
689,20.0,84.6,6.0,100.0,A,0,Not at risk,70-85%,10-20h,Eligible,B (secondary)
690,18.1,75.7,3.1,100.0,A,0,Not at risk,70-85%,10-20h,Eligible,B (secondary)
691,12.5,64.0,6.6,68.5,C,0,Not at risk,50-70%,10-20h,Not eligible,B (secondary)
692,23.1,80.8,10.0,100.0,A,0,Not at risk,70-85%,20-30h,Eligible,B (secondary)
693,7.4,100.0,4.1,66.7,C,0,Not at risk,Above 85%,Under 10h,Eligible,B (secondary)
694,19.3,97.0,6.0,96.8,A,0,Not at risk,Above 85%,10-20h,Eligible,B (secondary)
695,19.2,84.3,5.2,100.0,A,0,Not at risk,70-85%,10-20h,Eligible,B (secondary)
696,12.8,94.0,5.9,100.0,A,0,Not at risk,Above 85%,10-20h,Eligible,B (secondary)
697,17.3,75.5,9.4,100.0,A,0,Not at risk,70-85%,10-20h,Eligible,B (secondary)
698,6.2,82.5,3.1,70.2,B,0,Not at risk,70-85%,Under 10h,Eligible,B (secondary)
699,21.5,71.9,8.7,100.0,A,0,Not at risk,70-85%,20-30h,Eligible,B (secondary)
700,13.7,100.0,6.9,71.1,B,0,Not at risk,Above 85%,10-20h,Eligible,B (secondary)
701,11.3,100.0,2.8,75.4,B,0,Not at risk,Above 85%,10-20h,Eligible,B (secondary)
702,22.3,78.9,3.4,96.1,A,0,Not at risk,70-85%,20-30h,Eligible,B (secondary)
703,10.1,94.6,8.9,87.0,A,0,Not at risk,Above 85%,10-20h,Eligible,B (secondary)
704,5.1,81.0,3.4,62.9,C,0,Not at risk,70-85%,Under 10h,Eligible,B (secondary)
705,4.1,68.5,5.4,71.4,B,0,Not at risk,50-70%,Under 10h,Not eligible,B (secondary)
706,19.2,100.0,7.9,100.0,A,0,Not at risk,Above 85%,10-20h,Eligible,B (secondary)
707,6.0,62.4,5.1,75.6,B,0,Not at risk,50-70%,Under 10h,Not eligible,B (secondary)
708,27.3,89.8,4.7,100.0,A,0,Not at risk,Above 85%,20-30h,Eligible,B (secondary)
709,0.4,91.7,5.4,50.5,D,1,At risk,Above 85%,Under 10h,Eligible,B (secondary)
710,26.9,74.4,10.0,100.0,A,0,Not at risk,70-85%,20-30h,Eligible,B (secondary)
711,16.5,88.5,2.7,77.2,B,0,Not at risk,Above 85%,10-20h,Eligible,B (secondary)
712,14.3,93.9,8.4,93.7,A,0,Not at risk,Above 85%,10-20h,Eligible,B (secondary)
713,11.2,89.9,8.5,61.4,C,0,Not at risk,Above 85%,10-20h,Eligible,B (secondary)
714,17.8,82.3,2.7,98.9,A,0,Not at risk,70-85%,10-20h,Eligible,B (secondary)
715,14.7,91.2,9.2,89.5,A,0,Not at risk,Above 85%,10-20h,Eligible,B (secondary)
716,22.7,79.3,4.0,100.0,A,0,Not at risk,70-85%,20-30h,Eligible,B (secondary)
717,15.8,100.0,3.0,100.0,A,0,Not at risk,Above 85%,10-20h,Eligible,B (secondary)
718,16.1,100.0,5.9,97.3,A,0,Not at risk,Above 85%,10-20h,Eligible,B (secondary)
719,12.5,82.9,4.6,78.4,B,0,Not at risk,70-85%,10-20h,Eligible,B (secondary)
720,14.6,81.4,5.4,81.8,B,0,Not at risk,70-85%,10-20h,Eligible,B (secondary)
721,17.2,99.6,5.7,87.4,A,0,Not at risk,Above 85%,10-20h,Eligible,B (secondary)
722,3.0,91.5,9.1,46.6,D,1,At risk,Above 85%,Under 10h,Eligible,B (secondary)
723,5.6,68.4,3.3,71.2,B,0,Not at risk,50-70%,Under 10h,Not eligible,B (secondary)
724,20.2,95.3,5.3,100.0,A,0,Not at risk,Above 85%,20-30h,Eligible,B (secondary)
725,16.2,71.3,4.5,86.1,A,0,Not at risk,70-85%,10-20h,Eligible,B (secondary)
726,13.7,69.9,5.3,99.6,A,0,Not at risk,50-70%,10-20h,Not eligible,B (secondary)
727,15.1,92.9,3.6,100.0,A,0,Not at risk,Above 85%,10-20h,Eligible,B (secondary)
728,17.4,64.5,8.2,83.7,B,0,Not at risk,50-70%,10-20h,Not eligible,B (secondary)
729,11.2,98.2,5.9,81.0,B,0,Not at risk,Above 85%,10-20h,Eligible,B (secondary)
730,9.6,96.0,7.5,80.7,B,0,Not at risk,Above 85%,Under 10h,Eligible,B (secondary)
731,16.4,91.7,7.8,80.7,B,0,Not at risk,Above 85%,10-20h,Eligible,B (secondary)
732,8.2,93.2,3.8,81.6,B,0,Not at risk,Above 85%,Under 10h,Eligible,B (secondary)
733,17.9,80.8,3.9,80.8,B,0,Not at risk,70-85%,10-20h,Eligible,B (secondary)
734,3.1,88.7,3.5,48.3,D,1,At risk,Above 85%,Under 10h,Eligible,B (secondary)
735,22.2,91.4,7.1,99.5,A,0,Not at risk,Above 85%,20-30h,Eligible,B (secondary)
736,18.3,88.2,3.9,98.8,A,0,Not at risk,Above 85%,10-20h,Eligible,B (secondary)
737,16.8,95.6,7.4,74.4,B,0,Not at risk,Above 85%,10-20h,Eligible,B (secondary)
738,21.9,86.5,8.4,100.0,A,0,Not at risk,Above 85%,20-30h,Eligible,B (secondary)
739,26.7,60.0,5.1,100.0,A,0,Not at risk,50-70%,20-30h,Not eligible,B (secondary)
740,22.1,94.4,5.5,93.4,A,0,Not at risk,Above 85%,20-30h,Eligible,B (secondary)
741,2.1,70.4,4.6,67.0,C,0,Not at risk,70-85%,Under 10h,Eligible,B (secondary)
742,6.0,71.4,6.4,92.3,A,0,Not at risk,70-85%,Under 10h,Eligible,B (secondary)
743,10.6,70.8,5.7,82.2,B,0,Not at risk,70-85%,10-20h,Eligible,B (secondary)
744,15.2,80.8,5.8,77.4,B,0,Not at risk,70-85%,10-20h,Eligible,B (secondary)
745,18.6,88.3,6.2,97.9,A,0,Not at risk,Above 85%,10-20h,Eligible,B (secondary)
746,9.9,75.0,4.3,84.0,B,0,Not at risk,70-85%,Under 10h,Eligible,B (secondary)
747,16.3,64.5,7.3,85.2,A,0,Not at risk,50-70%,10-20h,Not eligible,B (secondary)
748,9.7,85.6,4.6,76.2,B,0,Not at risk,Above 85%,Under 10h,Eligible,B (secondary)
749,10.7,100.0,3.4,70.9,B,0,Not at risk,Above 85%,10-20h,Eligible,B (secondary)
750,5.2,87.8,6.4,62.5,C,0,Not at risk,Above 85%,Under 10h,Eligible,B (secondary)
751,8.5,82.2,6.6,77.6,B,0,Not at risk,70-85%,Under 10h,Eligible,B (secondary)
752,5.5,64.4,4.4,76.0,B,0,Not at risk,50-70%,Under 10h,Not eligible,B (secondary)
753,8.2,93.4,6.0,84.5,B,0,Not at risk,Above 85%,Under 10h,Eligible,B (secondary)
754,22.4,77.3,7.6,100.0,A,0,Not at risk,70-85%,20-30h,Eligible,B (secondary)
755,8.4,79.1,6.7,83.0,B,0,Not at risk,70-85%,Under 10h,Eligible,B (secondary)
756,33.4,78.4,6.7,100.0,A,0,Not at risk,70-85%,Over 30h,Eligible,B (secondary)
757,18.5,80.7,6.0,94.7,A,0,Not at risk,70-85%,10-20h,Eligible,B (secondary)
758,16.3,69.5,9.8,91.8,A,0,Not at risk,50-70%,10-20h,Not eligible,B (secondary)
759,9.0,96.7,7.3,62.0,C,0,Not at risk,Above 85%,Under 10h,Eligible,B (secondary)
760,19.9,81.7,6.4,100.0,A,0,Not at risk,70-85%,10-20h,Eligible,B (secondary)
761,11.0,92.9,6.0,72.6,B,0,Not at risk,Above 85%,10-20h,Eligible,B (secondary)
762,15.9,80.6,4.6,98.1,A,0,Not at risk,70-85%,10-20h,Eligible,B (secondary)
763,32.9,100.0,2.9,100.0,A,0,Not at risk,Above 85%,Over 30h,Eligible,B (secondary)
764,14.3,88.0,5.7,97.8,A,0,Not at risk,Above 85%,10-20h,Eligible,B (secondary)
765,23.0,89.2,4.6,100.0,A,0,Not at risk,Above 85%,20-30h,Eligible,B (secondary)
766,10.1,63.8,3.1,67.8,C,0,Not at risk,50-70%,10-20h,Not eligible,B (secondary)
767,14.8,86.9,4.8,85.0,A,0,Not at risk,Above 85%,10-20h,Eligible,B (secondary)
768,27.4,82.0,4.1,100.0,A,0,Not at risk,70-85%,20-30h,Eligible,B (secondary)
769,10.6,76.3,5.0,77.6,B,0,Not at risk,70-85%,10-20h,Eligible,B (secondary)
770,27.7,73.8,9.2,100.0,A,0,Not at risk,70-85%,20-30h,Eligible,B (secondary)
771,20.0,78.6,6.0,100.0,A,0,Not at risk,70-85%,10-20h,Eligible,B (secondary)
772,11.1,83.8,6.9,78.9,B,0,Not at risk,70-85%,10-20h,Eligible,B (secondary)
773,19.4,81.4,7.9,100.0,A,0,Not at risk,70-85%,10-20h,Eligible,B (secondary)
774,21.8,88.7,6.5,88.1,A,0,Not at risk,Above 85%,20-30h,Eligible,B (secondary)
775,19.4,78.6,8.0,85.6,A,0,Not at risk,70-85%,10-20h,Eligible,B (secondary)
776,4.0,92.1,6.6,74.8,B,0,Not at risk,Above 85%,Under 10h,Eligible,B (secondary)
777,9.9,95.3,7.6,70.7,B,0,Not at risk,Above 85%,Under 10h,Eligible,B (secondary)
778,13.3,91.1,3.4,71.3,B,0,Not at risk,Above 85%,10-20h,Eligible,B (secondary)
779,14.5,86.2,3.9,100.0,A,0,Not at risk,Above 85%,10-20h,Eligible,B (secondary)
780,19.3,83.8,5.6,100.0,A,0,Not at risk,70-85%,10-20h,Eligible,B (secondary)
781,16.2,93.9,4.8,86.9,A,0,Not at risk,Above 85%,10-20h,Eligible,B (secondary)
782,5.7,91.7,7.8,80.2,B,0,Not at risk,Above 85%,Under 10h,Eligible,B (secondary)
783,17.7,84.4,5.8,98.3,A,0,Not at risk,70-85%,10-20h,Eligible,B (secondary)
784,19.3,80.6,5.0,100.0,A,0,Not at risk,70-85%,10-20h,Eligible,B (secondary)
785,18.9,89.0,5.4,79.8,B,0,Not at risk,Above 85%,10-20h,Eligible,B (secondary)
786,22.6,84.4,1.6,100.0,A,0,Not at risk,70-85%,20-30h,Eligible,B (secondary)
787,20.8,88.2,5.2,100.0,A,0,Not at risk,Above 85%,20-30h,Eligible,B (secondary)
788,18.2,78.9,8.3,93.4,A,0,Not at risk,70-85%,10-20h,Eligible,B (secondary)
789,14.5,75.0,3.6,88.4,A,0,Not at risk,70-85%,10-20h,Eligible,B (secondary)
790,3.4,91.5,2.0,58.0,C,0,Not at risk,Above 85%,Under 10h,Eligible,B (secondary)
791,18.0,69.9,5.8,100.0,A,0,Not at risk,50-70%,10-20h,Not eligible,B (secondary)
792,16.5,95.8,10.0,93.5,A,0,Not at risk,Above 85%,10-20h,Eligible,B (secondary)
793,16.9,90.6,3.5,95.4,A,0,Not at risk,Above 85%,10-20h,Eligible,B (secondary)
794,6.1,94.1,5.3,74.6,B,0,Not at risk,Above 85%,Under 10h,Eligible,B (secondary)
795,7.4,97.7,6.0,73.7,B,0,Not at risk,Above 85%,Under 10h,Eligible,B (secondary)
796,22.4,86.4,6.6,100.0,A,0,Not at risk,Above 85%,20-30h,Eligible,B (secondary)
797,14.7,82.6,4.4,97.2,A,0,Not at risk,70-85%,10-20h,Eligible,B (secondary)
798,19.8,73.6,7.4,80.1,B,0,Not at risk,70-85%,10-20h,Eligible,B (secondary)
799,15.2,81.7,4.4,90.1,A,0,Not at risk,70-85%,10-20h,Eligible,B (secondary)
800,15.2,72.5,6.4,100.0,A,0,Not at risk,70-85%,10-20h,Eligible,B (secondary)
801,21.6,73.2,7.5,89.3,A,0,Not at risk,70-85%,20-30h,Eligible,B (secondary)
802,11.4,74.1,4.5,80.6,B,0,Not at risk,70-85%,10-20h,Eligible,B (secondary)
803,15.7,93.0,6.2,100.0,A,0,Not at risk,Above 85%,10-20h,Eligible,B (secondary)
804,11.8,83.6,6.2,68.5,C,0,Not at risk,70-85%,10-20h,Eligible,B (secondary)
805,12.0,86.6,6.8,75.6,B,0,Not at risk,Above 85%,10-20h,Eligible,B (secondary)
806,12.8,77.6,9.0,100.0,A,0,Not at risk,70-85%,10-20h,Eligible,B (secondary)
807,16.6,72.1,4.8,97.5,A,0,Not at risk,70-85%,10-20h,Eligible,B (secondary)
808,11.6,79.2,8.0,84.5,B,0,Not at risk,70-85%,10-20h,Eligible,B (secondary)
809,23.8,100.0,5.3,93.9,A,0,Not at risk,Above 85%,20-30h,Eligible,B (secondary)
810,8.7,90.1,4.2,74.1,B,0,Not at risk,Above 85%,Under 10h,Eligible,B (secondary)
811,13.7,95.7,6.2,77.1,B,0,Not at risk,Above 85%,10-20h,Eligible,B (secondary)
812,11.9,85.8,6.2,74.8,B,0,Not at risk,Above 85%,10-20h,Eligible,B (secondary)
813,25.1,84.2,6.4,100.0,A,0,Not at risk,70-85%,20-30h,Eligible,B (secondary)
814,16.4,85.6,4.8,96.1,A,0,Not at risk,Above 85%,10-20h,Eligible,B (secondary)
815,22.2,57.4,6.1,100.0,A,0,Not at risk,50-70%,20-30h,Not eligible,B (secondary)
816,4.6,93.4,5.5,51.4,D,1,At risk,Above 85%,Under 10h,Eligible,B (secondary)
817,16.9,64.0,5.0,80.3,B,0,Not at risk,50-70%,10-20h,Not eligible,B (secondary)
818,21.2,81.8,4.9,100.0,A,0,Not at risk,70-85%,20-30h,Eligible,B (secondary)
819,15.6,65.4,4.4,88.4,A,0,Not at risk,50-70%,10-20h,Not eligible,B (secondary)
820,22.5,91.4,5.6,100.0,A,0,Not at risk,Above 85%,20-30h,Eligible,B (secondary)
821,11.4,79.3,2.3,75.3,B,0,Not at risk,70-85%,10-20h,Eligible,B (secondary)
822,24.9,97.8,3.5,100.0,A,0,Not at risk,Above 85%,20-30h,Eligible,B (secondary)
823,31.1,86.7,7.1,100.0,A,0,Not at risk,Above 85%,Over 30h,Eligible,B (secondary)
824,12.5,92.7,7.9,75.1,B,0,Not at risk,Above 85%,10-20h,Eligible,B (secondary)
825,11.9,78.9,6.8,75.5,B,0,Not at risk,70-85%,10-20h,Eligible,B (secondary)
826,25.2,68.0,4.9,100.0,A,0,Not at risk,50-70%,20-30h,Not eligible,B (secondary)
827,26.1,92.7,5.9,100.0,A,0,Not at risk,Above 85%,20-30h,Eligible,B (secondary)
828,11.3,81.2,7.5,62.2,C,0,Not at risk,70-85%,10-20h,Eligible,B (secondary)
829,12.1,98.9,7.2,71.6,B,0,Not at risk,Above 85%,10-20h,Eligible,B (secondary)
830,13.0,64.2,5.4,97.3,A,0,Not at risk,50-70%,10-20h,Not eligible,B (secondary)
831,5.6,76.0,9.1,60.5,C,0,Not at risk,70-85%,Under 10h,Eligible,B (secondary)
832,8.6,59.9,7.2,65.2,C,0,Not at risk,50-70%,Under 10h,Not eligible,B (secondary)
833,8.0,79.4,4.8,71.7,B,0,Not at risk,70-85%,Under 10h,Eligible,B (secondary)
834,9.6,89.3,4.7,77.6,B,0,Not at risk,Above 85%,Under 10h,Eligible,B (secondary)
835,14.8,83.7,7.5,100.0,A,0,Not at risk,70-85%,10-20h,Eligible,B (secondary)
836,16.6,88.9,4.6,100.0,A,0,Not at risk,Above 85%,10-20h,Eligible,B (secondary)
837,25.9,86.2,9.1,100.0,A,0,Not at risk,Above 85%,20-30h,Eligible,B (secondary)
838,8.0,68.7,9.8,100.0,A,0,Not at risk,50-70%,Under 10h,Not eligible,B (secondary)
839,21.9,87.9,6.9,100.0,A,0,Not at risk,Above 85%,20-30h,Eligible,B (secondary)
840,13.5,94.0,5.8,77.3,B,0,Not at risk,Above 85%,10-20h,Eligible,B (secondary)
841,14.7,79.6,2.5,68.3,C,0,Not at risk,70-85%,10-20h,Eligible,B (secondary)
842,19.7,85.9,5.6,90.1,A,0,Not at risk,Above 85%,10-20h,Eligible,B (secondary)
843,7.1,75.0,4.8,64.4,C,0,Not at risk,70-85%,Under 10h,Eligible,B (secondary)
844,17.7,100.0,8.8,92.2,A,0,Not at risk,Above 85%,10-20h,Eligible,B (secondary)
845,16.2,67.9,5.7,70.5,B,0,Not at risk,50-70%,10-20h,Not eligible,B (secondary)
846,18.4,77.4,5.3,100.0,A,0,Not at risk,70-85%,10-20h,Eligible,B (secondary)
847,17.0,85.8,4.7,80.5,B,0,Not at risk,Above 85%,10-20h,Eligible,B (secondary)
848,32.2,90.5,7.2,100.0,A,0,Not at risk,Above 85%,Over 30h,Eligible,B (secondary)
849,10.5,77.8,4.3,80.0,B,0,Not at risk,70-85%,10-20h,Eligible,B (secondary)
850,11.3,79.8,8.1,76.3,B,0,Not at risk,70-85%,10-20h,Eligible,B (secondary)
851,10.6,89.2,5.3,86.8,A,0,Not at risk,Above 85%,10-20h,Eligible,B (secondary)
852,11.1,69.4,6.8,90.2,A,0,Not at risk,50-70%,10-20h,Not eligible,B (secondary)
853,10.5,91.0,5.8,71.2,B,0,Not at risk,Above 85%,10-20h,Eligible,B (secondary)
854,23.3,100.0,4.0,94.4,A,0,Not at risk,Above 85%,20-30h,Eligible,B (secondary)
855,24.9,88.9,4.8,100.0,A,0,Not at risk,Above 85%,20-30h,Eligible,B (secondary)
856,11.0,100.0,5.9,89.9,A,0,Not at risk,Above 85%,10-20h,Eligible,B (secondary)
857,9.2,79.4,8.3,62.0,C,0,Not at risk,70-85%,Under 10h,Eligible,B (secondary)
858,18.3,96.1,5.1,77.0,B,0,Not at risk,Above 85%,10-20h,Eligible,B (secondary)
859,11.1,90.0,7.0,88.8,A,0,Not at risk,Above 85%,10-20h,Eligible,B (secondary)
860,19.4,77.9,6.9,100.0,A,0,Not at risk,70-85%,10-20h,Eligible,B (secondary)
861,16.4,83.3,5.3,90.8,A,0,Not at risk,70-85%,10-20h,Eligible,B (secondary)
862,4.4,82.0,5.1,55.3,C,0,Not at risk,70-85%,Under 10h,Eligible,B (secondary)
863,25.8,75.6,7.4,100.0,A,0,Not at risk,70-85%,20-30h,Eligible,B (secondary)
864,27.6,95.7,4.3,100.0,A,0,Not at risk,Above 85%,20-30h,Eligible,B (secondary)
865,10.7,75.4,6.4,65.7,C,0,Not at risk,70-85%,10-20h,Eligible,B (secondary)
866,12.3,100.0,8.2,86.3,A,0,Not at risk,Above 85%,10-20h,Eligible,B (secondary)
867,17.0,79.6,10.0,87.1,A,0,Not at risk,70-85%,10-20h,Eligible,B (secondary)
868,17.3,87.5,5.3,96.0,A,0,Not at risk,Above 85%,10-20h,Eligible,B (secondary)
869,19.6,76.0,7.0,100.0,A,0,Not at risk,70-85%,10-20h,Eligible,B (secondary)
870,29.1,92.6,1.0,100.0,A,0,Not at risk,Above 85%,20-30h,Eligible,B (secondary)
871,13.8,77.4,6.7,90.2,A,0,Not at risk,70-85%,10-20h,Eligible,B (secondary)
872,9.4,100.0,6.6,95.8,A,0,Not at risk,Above 85%,Under 10h,Eligible,B (secondary)
873,5.3,96.7,6.5,58.9,C,0,Not at risk,Above 85%,Under 10h,Eligible,B (secondary)
874,9.9,97.1,6.2,61.4,C,0,Not at risk,Above 85%,Under 10h,Eligible,B (secondary)
875,14.8,88.1,6.2,65.0,C,0,Not at risk,Above 85%,10-20h,Eligible,B (secondary)
876,27.6,86.1,8.2,100.0,A,0,Not at risk,Above 85%,20-30h,Eligible,B (secondary)
877,11.4,95.3,7.9,58.1,C,0,Not at risk,Above 85%,10-20h,Eligible,B (secondary)
878,16.6,94.2,5.8,99.1,A,0,Not at risk,Above 85%,10-20h,Eligible,B (secondary)
879,14.9,75.6,7.6,96.2,A,0,Not at risk,70-85%,10-20h,Eligible,B (secondary)
880,23.3,84.4,6.9,100.0,A,0,Not at risk,70-85%,20-30h,Eligible,B (secondary)
881,32.7,81.8,5.3,100.0,A,0,Not at risk,70-85%,Over 30h,Eligible,B (secondary)
882,11.3,89.6,7.6,63.2,C,0,Not at risk,Above 85%,10-20h,Eligible,B (secondary)
883,11.6,96.5,5.4,65.5,C,0,Not at risk,Above 85%,10-20h,Eligible,B (secondary)
884,22.3,85.6,6.2,100.0,A,0,Not at risk,Above 85%,20-30h,Eligible,B (secondary)
885,19.8,87.6,6.5,90.1,A,0,Not at risk,Above 85%,10-20h,Eligible,B (secondary)
886,27.9,96.3,6.2,100.0,A,0,Not at risk,Above 85%,20-30h,Eligible,B (secondary)
887,19.1,70.0,4.9,85.0,A,0,Not at risk,50-70%,10-20h,Eligible,B (secondary)
888,12.5,73.1,6.4,100.0,A,0,Not at risk,70-85%,10-20h,Eligible,B (secondary)
889,19.1,97.6,5.5,88.6,A,0,Not at risk,Above 85%,10-20h,Eligible,B (secondary)
890,22.8,79.9,5.0,90.3,A,0,Not at risk,70-85%,20-30h,Eligible,B (secondary)
891,20.7,92.7,6.0,100.0,A,0,Not at risk,Above 85%,20-30h,Eligible,B (secondary)
892,18.6,78.7,5.5,100.0,A,0,Not at risk,70-85%,10-20h,Eligible,B (secondary)
893,22.5,93.6,8.5,100.0,A,0,Not at risk,Above 85%,20-30h,Eligible,B (secondary)
894,23.2,84.2,8.2,100.0,A,0,Not at risk,70-85%,20-30h,Eligible,B (secondary)
895,24.7,76.6,7.7,92.6,A,0,Not at risk,70-85%,20-30h,Eligible,B (secondary)
896,19.5,96.5,6.9,94.2,A,0,Not at risk,Above 85%,10-20h,Eligible,B (secondary)
897,13.8,89.4,4.6,70.1,B,0,Not at risk,Above 85%,10-20h,Eligible,B (secondary)
898,16.0,79.2,9.0,90.2,A,0,Not at risk,70-85%,10-20h,Eligible,B (secondary)
899,23.4,87.4,4.1,100.0,A,0,Not at risk,Above 85%,20-30h,Eligible,B (secondary)
900,9.3,71.1,7.3,76.5,B,0,Not at risk,70-85%,Under 10h,Eligible,B (secondary)
901,17.6,78.6,2.5,100.0,A,0,Not at risk,70-85%,10-20h,Eligible,B (secondary)
902,12.2,72.3,4.5,73.3,B,0,Not at risk,70-85%,10-20h,Eligible,B (secondary)
903,15.2,87.1,5.4,86.1,A,0,Not at risk,Above 85%,10-20h,Eligible,B (secondary)
904,23.9,72.9,5.6,100.0,A,0,Not at risk,70-85%,20-30h,Eligible,B (secondary)
905,16.3,73.1,1.9,77.9,B,0,Not at risk,70-85%,10-20h,Eligible,B (secondary)
906,15.3,87.0,1.6,97.9,A,0,Not at risk,Above 85%,10-20h,Eligible,B (secondary)
907,5.5,79.6,4.5,79.2,B,0,Not at risk,70-85%,Under 10h,Eligible,B (secondary)
908,20.2,100.0,7.2,100.0,A,0,Not at risk,Above 85%,20-30h,Eligible,B (secondary)
909,19.5,78.9,0.0,82.8,B,0,Not at risk,70-85%,10-20h,Eligible,B (secondary)
910,30.1,81.8,2.9,100.0,A,0,Not at risk,70-85%,Over 30h,Eligible,B (secondary)
911,12.8,77.0,6.2,90.3,A,0,Not at risk,70-85%,10-20h,Eligible,B (secondary)
912,16.5,81.7,5.4,100.0,A,0,Not at risk,70-85%,10-20h,Eligible,B (secondary)
913,16.7,83.5,9.5,89.6,A,0,Not at risk,70-85%,10-20h,Eligible,B (secondary)
914,26.0,73.8,8.9,100.0,A,0,Not at risk,70-85%,20-30h,Eligible,B (secondary)
915,14.3,78.7,8.5,89.4,A,0,Not at risk,70-85%,10-20h,Eligible,B (secondary)
916,17.0,75.6,4.4,100.0,A,0,Not at risk,70-85%,10-20h,Eligible,B (secondary)
917,19.3,87.4,3.0,96.3,A,0,Not at risk,Above 85%,10-20h,Eligible,B (secondary)
918,16.3,84.3,1.6,79.3,B,0,Not at risk,70-85%,10-20h,Eligible,B (secondary)
919,11.9,69.5,5.1,85.6,A,0,Not at risk,50-70%,10-20h,Not eligible,B (secondary)
920,16.4,90.4,6.5,80.4,B,0,Not at risk,Above 85%,10-20h,Eligible,B (secondary)
921,22.5,80.7,6.6,100.0,A,0,Not at risk,70-85%,20-30h,Eligible,B (secondary)
922,7.8,90.0,8.9,66.2,C,0,Not at risk,Above 85%,Under 10h,Eligible,B (secondary)
923,15.9,76.5,2.8,87.9,A,0,Not at risk,70-85%,10-20h,Eligible,B (secondary)
924,10.1,92.1,9.8,69.3,C,0,Not at risk,Above 85%,10-20h,Eligible,B (secondary)
925,23.4,89.3,5.1,98.9,A,0,Not at risk,Above 85%,20-30h,Eligible,B (secondary)
926,4.3,80.2,6.1,65.2,C,0,Not at risk,70-85%,Under 10h,Eligible,B (secondary)
927,11.1,93.1,6.7,77.1,B,0,Not at risk,Above 85%,10-20h,Eligible,B (secondary)
928,17.6,69.1,4.6,88.5,A,0,Not at risk,50-70%,10-20h,Not eligible,B (secondary)
929,26.0,88.0,8.8,100.0,A,0,Not at risk,Above 85%,20-30h,Eligible,B (secondary)
930,14.5,85.7,6.5,85.1,A,0,Not at risk,Above 85%,10-20h,Eligible,B (secondary)
931,11.1,60.5,6.5,86.6,A,0,Not at risk,50-70%,10-20h,Not eligible,B (secondary)
932,28.2,91.5,5.1,100.0,A,0,Not at risk,Above 85%,20-30h,Eligible,B (secondary)
933,4.9,67.1,2.1,54.9,D,1,At risk,50-70%,Under 10h,Not eligible,B (secondary)
934,0.0,86.7,6.2,51.7,D,1,At risk,Above 85%,Under 10h,Eligible,B (secondary)
935,18.1,87.1,9.5,91.9,A,0,Not at risk,Above 85%,10-20h,Eligible,B (secondary)
936,11.5,93.0,3.2,72.2,B,0,Not at risk,Above 85%,10-20h,Eligible,B (secondary)
937,7.9,87.5,4.1,59.6,C,0,Not at risk,Above 85%,Under 10h,Eligible,B (secondary)
938,20.0,68.2,6.2,100.0,A,0,Not at risk,50-70%,10-20h,Not eligible,B (secondary)
939,16.7,98.6,7.4,97.6,A,0,Not at risk,Above 85%,10-20h,Eligible,B (secondary)
940,11.1,80.3,6.4,92.1,A,0,Not at risk,70-85%,10-20h,Eligible,B (secondary)
941,6.0,90.4,7.9,53.3,D,1,At risk,Above 85%,Under 10h,Eligible,B (secondary)
942,21.1,76.8,8.1,100.0,A,0,Not at risk,70-85%,20-30h,Eligible,B (secondary)
943,19.6,70.4,6.3,100.0,A,0,Not at risk,70-85%,10-20h,Eligible,B (secondary)
944,14.3,99.1,7.6,80.0,B,0,Not at risk,Above 85%,10-20h,Eligible,B (secondary)
945,27.9,87.7,8.7,100.0,A,0,Not at risk,Above 85%,20-30h,Eligible,B (secondary)
946,7.5,88.7,7.8,73.3,B,0,Not at risk,Above 85%,Under 10h,Eligible,B (secondary)
947,4.3,97.0,9.2,64.4,C,0,Not at risk,Above 85%,Under 10h,Eligible,B (secondary)
948,10.2,80.3,5.5,71.1,B,0,Not at risk,70-85%,10-20h,Eligible,B (secondary)
949,14.7,83.8,5.3,90.8,A,0,Not at risk,70-85%,10-20h,Eligible,B (secondary)
950,16.7,83.1,6.3,77.4,B,0,Not at risk,70-85%,10-20h,Eligible,B (secondary)
951,13.3,91.7,8.5,87.1,A,0,Not at risk,Above 85%,10-20h,Eligible,B (secondary)
952,17.5,78.2,5.9,88.1,A,0,Not at risk,70-85%,10-20h,Eligible,B (secondary)
953,6.2,70.0,8.0,62.4,C,0,Not at risk,50-70%,Under 10h,Eligible,B (secondary)
954,25.1,92.8,4.8,100.0,A,0,Not at risk,Above 85%,20-30h,Eligible,B (secondary)
955,14.4,82.7,7.2,87.6,A,0,Not at risk,70-85%,10-20h,Eligible,B (secondary)
956,22.8,68.9,7.1,100.0,A,0,Not at risk,50-70%,20-30h,Not eligible,B (secondary)
957,17.4,97.6,1.8,98.9,A,0,Not at risk,Above 85%,10-20h,Eligible,B (secondary)
958,18.2,91.0,8.1,99.1,A,0,Not at risk,Above 85%,10-20h,Eligible,B (secondary)
959,19.0,70.0,2.7,88.2,A,0,Not at risk,50-70%,10-20h,Eligible,B (secondary)
960,18.1,91.5,5.3,94.7,A,0,Not at risk,Above 85%,10-20h,Eligible,B (secondary)
961,19.5,70.3,8.5,100.0,A,0,Not at risk,70-85%,10-20h,Eligible,B (secondary)
962,24.3,95.4,3.9,100.0,A,0,Not at risk,Above 85%,20-30h,Eligible,B (secondary)
963,16.4,90.9,6.2,80.7,B,0,Not at risk,Above 85%,10-20h,Eligible,B (secondary)
964,20.0,80.8,4.7,100.0,A,0,Not at risk,70-85%,10-20h,Eligible,B (secondary)
965,14.4,96.9,5.3,95.9,A,0,Not at risk,Above 85%,10-20h,Eligible,B (secondary)
966,25.1,80.3,4.4,100.0,A,0,Not at risk,70-85%,20-30h,Eligible,B (secondary)
967,10.3,81.8,5.5,44.7,D,1,At risk,70-85%,10-20h,Eligible,B (secondary)
968,27.6,87.4,3.4,100.0,A,0,Not at risk,Above 85%,20-30h,Eligible,B (secondary)
969,14.7,75.3,3.0,91.3,A,0,Not at risk,70-85%,10-20h,Eligible,B (secondary)
970,5.0,82.1,4.1,59.9,C,0,Not at risk,70-85%,Under 10h,Eligible,B (secondary)
971,15.9,91.3,6.8,100.0,A,0,Not at risk,Above 85%,10-20h,Eligible,B (secondary)
972,10.2,94.7,6.3,82.3,B,0,Not at risk,Above 85%,10-20h,Eligible,B (secondary)
973,20.9,87.2,2.8,85.5,A,0,Not at risk,Above 85%,20-30h,Eligible,B (secondary)
974,10.4,75.6,2.6,67.9,C,0,Not at risk,70-85%,10-20h,Eligible,B (secondary)
975,11.9,79.5,5.3,62.4,C,0,Not at risk,70-85%,10-20h,Eligible,B (secondary)
976,1.8,77.2,8.7,60.3,C,0,Not at risk,70-85%,Under 10h,Eligible,B (secondary)
977,11.8,67.7,5.7,74.4,B,0,Not at risk,50-70%,10-20h,Not eligible,B (secondary)
978,0.0,95.6,3.0,35.8,F,1,At risk,Above 85%,Under 10h,Eligible,B (secondary)
979,3.9,68.8,7.7,58.1,C,0,Not at risk,50-70%,Under 10h,Not eligible,B (secondary)
980,20.3,100.0,6.6,95.8,A,0,Not at risk,Above 85%,20-30h,Eligible,B (secondary)
981,20.5,78.1,3.7,98.3,A,0,Not at risk,70-85%,20-30h,Eligible,B (secondary)
982,18.0,69.7,6.6,100.0,A,0,Not at risk,50-70%,10-20h,Not eligible,B (secondary)
983,8.2,75.1,6.0,63.8,C,0,Not at risk,70-85%,Under 10h,Eligible,B (secondary)
984,14.7,95.3,8.7,95.2,A,0,Not at risk,Above 85%,10-20h,Eligible,B (secondary)
985,15.0,86.3,2.8,92.5,A,0,Not at risk,Above 85%,10-20h,Eligible,B (secondary)
986,6.9,85.0,5.8,68.2,C,0,Not at risk,70-85%,Under 10h,Eligible,B (secondary)
987,25.5,88.4,8.0,100.0,A,0,Not at risk,Above 85%,20-30h,Eligible,B (secondary)
988,21.1,86.6,7.6,100.0,A,0,Not at risk,Above 85%,20-30h,Eligible,B (secondary)
989,13.5,80.5,5.5,91.6,A,0,Not at risk,70-85%,10-20h,Eligible,B (secondary)
990,15.2,77.9,5.7,81.7,B,0,Not at risk,70-85%,10-20h,Eligible,B (secondary)
991,16.5,50.0,6.0,98.9,A,0,Not at risk,Below 50%,10-20h,Not eligible,B (secondary)
992,0.7,97.8,5.4,61.8,C,0,Not at risk,Above 85%,Under 10h,Eligible,B (secondary)
993,13.3,92.4,5.0,81.7,B,0,Not at risk,Above 85%,10-20h,Eligible,B (secondary)
994,10.2,77.6,4.0,76.8,B,0,Not at risk,70-85%,10-20h,Eligible,B (secondary)
995,8.0,94.0,5.4,66.2,C,0,Not at risk,Above 85%,Under 10h,Eligible,B (secondary)
996,13.0,72.5,3.2,78.1,B,0,Not at risk,70-85%,10-20h,Eligible,B (secondary)
997,27.6,92.9,6.5,100.0,A,0,Not at risk,Above 85%,20-30h,Eligible,B (secondary)
998,19.5,70.2,5.5,91.7,A,0,Not at risk,70-85%,10-20h,Eligible,B (secondary)
999,11.0,76.0,4.4,80.7,B,0,Not at risk,70-85%,10-20h,Eligible,B (secondary)
1000,19.0,86.8,7.4,77.2,B,0,Not at risk,Above 85%,10-20h,Eligible,B (secondary)
1001,24.8,70.7,5.6,100.0,A,0,Not at risk,70-85%,20-30h,Eligible,B (secondary)
1002,21.5,96.1,6.0,96.3,A,0,Not at risk,Above 85%,20-30h,Eligible,B (secondary)
1003,15.4,93.3,5.4,90.3,A,0,Not at risk,Above 85%,10-20h,Eligible,B (secondary)
1004,10.5,91.3,1.2,77.5,B,0,Not at risk,Above 85%,10-20h,Eligible,B (secondary)
1005,19.9,87.4,7.1,100.0,A,0,Not at risk,Above 85%,10-20h,Eligible,B (secondary)
1006,17.8,93.2,8.2,95.1,A,0,Not at risk,Above 85%,10-20h,Eligible,B (secondary)
1007,21.3,83.7,4.1,100.0,A,0,Not at risk,70-85%,20-30h,Eligible,B (secondary)
1008,19.4,70.4,7.0,97.6,A,0,Not at risk,70-85%,10-20h,Eligible,B (secondary)
1009,22.3,72.9,6.5,100.0,A,0,Not at risk,70-85%,20-30h,Eligible,B (secondary)
1010,11.3,89.8,4.9,84.2,B,0,Not at risk,Above 85%,10-20h,Eligible,B (secondary)
1011,24.2,97.8,4.4,100.0,A,0,Not at risk,Above 85%,20-30h,Eligible,B (secondary)
1012,16.4,92.7,6.9,94.5,A,0,Not at risk,Above 85%,10-20h,Eligible,B (secondary)
1013,29.5,67.6,7.5,100.0,A,0,Not at risk,50-70%,20-30h,Not eligible,B (secondary)
1014,10.2,88.6,5.3,71.7,B,0,Not at risk,Above 85%,10-20h,Eligible,B (secondary)
1015,27.2,83.8,4.2,100.0,A,0,Not at risk,70-85%,20-30h,Eligible,B (secondary)
1016,16.4,99.6,6.4,100.0,A,0,Not at risk,Above 85%,10-20h,Eligible,B (secondary)
1017,10.4,79.5,3.8,66.1,C,0,Not at risk,70-85%,10-20h,Eligible,B (secondary)
1018,11.6,88.9,6.0,64.1,C,0,Not at risk,Above 85%,10-20h,Eligible,B (secondary)
1019,12.8,94.2,5.6,71.2,B,0,Not at risk,Above 85%,10-20h,Eligible,B (secondary)
1020,18.0,73.6,2.6,100.0,A,0,Not at risk,70-85%,10-20h,Eligible,B (secondary)
1021,18.7,68.3,2.2,84.7,B,0,Not at risk,50-70%,10-20h,Not eligible,B (secondary)
1022,11.0,70.8,0.0,96.1,A,0,Not at risk,70-85%,10-20h,Eligible,B (secondary)
1023,14.8,58.4,6.7,86.1,A,0,Not at risk,50-70%,10-20h,Not eligible,B (secondary)
1024,30.0,80.3,3.6,100.0,A,0,Not at risk,70-85%,20-30h,Eligible,B (secondary)
1025,27.1,93.7,4.7,100.0,A,0,Not at risk,Above 85%,20-30h,Eligible,B (secondary)
1026,18.1,82.9,3.5,96.4,A,0,Not at risk,70-85%,10-20h,Eligible,B (secondary)
1027,15.3,93.7,3.5,100.0,A,0,Not at risk,Above 85%,10-20h,Eligible,B (secondary)
1028,15.8,77.8,8.9,100.0,A,0,Not at risk,70-85%,10-20h,Eligible,B (secondary)
1029,19.3,78.3,5.3,98.3,A,0,Not at risk,70-85%,10-20h,Eligible,B (secondary)
1030,7.8,65.5,7.7,63.5,C,0,Not at risk,50-70%,Under 10h,Not eligible,B (secondary)
1031,13.2,85.6,3.0,74.7,B,0,Not at risk,Above 85%,10-20h,Eligible,B (secondary)
1032,3.3,85.1,7.1,61.4,C,0,Not at risk,Above 85%,Under 10h,Eligible,B (secondary)
1033,17.8,100.0,5.3,93.1,A,0,Not at risk,Above 85%,10-20h,Eligible,B (secondary)
1034,19.5,86.0,4.0,100.0,A,0,Not at risk,Above 85%,10-20h,Eligible,B (secondary)
1035,11.6,75.9,9.4,81.2,B,0,Not at risk,70-85%,10-20h,Eligible,B (secondary)
1036,26.0,70.0,6.1,100.0,A,0,Not at risk,50-70%,20-30h,Eligible,B (secondary)
1037,6.4,89.1,9.9,74.2,B,0,Not at risk,Above 85%,Under 10h,Eligible,B (secondary)
1038,4.7,96.1,5.5,65.2,C,0,Not at risk,Above 85%,Under 10h,Eligible,B (secondary)
1039,16.6,86.3,6.9,71.2,B,0,Not at risk,Above 85%,10-20h,Eligible,B (secondary)
1040,22.3,88.3,9.8,100.0,A,0,Not at risk,Above 85%,20-30h,Eligible,B (secondary)
1041,26.8,82.3,6.1,100.0,A,0,Not at risk,70-85%,20-30h,Eligible,B (secondary)
1042,11.8,77.2,7.8,79.4,B,0,Not at risk,70-85%,10-20h,Eligible,B (secondary)
1043,22.6,83.5,7.7,100.0,A,0,Not at risk,70-85%,20-30h,Eligible,B (secondary)
1044,14.7,94.2,4.1,100.0,A,0,Not at risk,Above 85%,10-20h,Eligible,B (secondary)
1045,13.8,95.0,5.6,87.7,A,0,Not at risk,Above 85%,10-20h,Eligible,B (secondary)
1046,21.2,78.0,10.0,100.0,A,0,Not at risk,70-85%,20-30h,Eligible,B (secondary)
1047,19.6,96.3,4.6,100.0,A,0,Not at risk,Above 85%,10-20h,Eligible,B (secondary)
1048,4.0,89.6,2.4,54.5,D,1,At risk,Above 85%,Under 10h,Eligible,B (secondary)
1049,25.3,82.1,1.5,100.0,A,0,Not at risk,70-85%,20-30h,Eligible,B (secondary)
1050,24.7,84.9,7.9,100.0,A,0,Not at risk,70-85%,20-30h,Eligible,B (secondary)
1051,10.6,79.9,2.4,77.3,B,0,Not at risk,70-85%,10-20h,Eligible,B (secondary)
1052,17.8,88.9,5.7,96.8,A,0,Not at risk,Above 85%,10-20h,Eligible,B (secondary)
1053,18.5,79.7,8.1,98.7,A,0,Not at risk,70-85%,10-20h,Eligible,B (secondary)
1054,16.8,100.0,4.5,91.5,A,0,Not at risk,Above 85%,10-20h,Eligible,B (secondary)
1055,11.1,79.4,3.0,85.2,A,0,Not at risk,70-85%,10-20h,Eligible,B (secondary)
1056,10.3,74.9,6.9,70.7,B,0,Not at risk,70-85%,10-20h,Eligible,B (secondary)
1057,14.8,87.7,10.0,65.2,C,0,Not at risk,Above 85%,10-20h,Eligible,B (secondary)
1058,23.2,94.7,3.1,100.0,A,0,Not at risk,Above 85%,20-30h,Eligible,B (secondary)
1059,18.8,82.1,8.2,100.0,A,0,Not at risk,70-85%,10-20h,Eligible,B (secondary)
1060,12.4,85.4,6.4,80.2,B,0,Not at risk,Above 85%,10-20h,Eligible,B (secondary)
1061,20.4,83.7,3.3,90.0,A,0,Not at risk,70-85%,20-30h,Eligible,B (secondary)
1062,0.0,83.7,9.7,58.7,C,0,Not at risk,70-85%,Under 10h,Eligible,B (secondary)
1063,23.0,77.5,7.7,100.0,A,0,Not at risk,70-85%,20-30h,Eligible,B (secondary)
1064,2.8,75.9,8.6,50.2,D,1,At risk,70-85%,Under 10h,Eligible,B (secondary)
1065,12.5,79.1,4.9,95.7,A,0,Not at risk,70-85%,10-20h,Eligible,B (secondary)
1066,7.2,73.1,5.8,75.7,B,0,Not at risk,70-85%,Under 10h,Eligible,B (secondary)
1067,5.9,76.5,4.9,68.9,C,0,Not at risk,70-85%,Under 10h,Eligible,B (secondary)
1068,23.1,86.6,8.4,100.0,A,0,Not at risk,Above 85%,20-30h,Eligible,B (secondary)
1069,11.7,84.9,9.0,74.5,B,0,Not at risk,70-85%,10-20h,Eligible,B (secondary)
1070,17.4,74.3,2.2,76.8,B,0,Not at risk,70-85%,10-20h,Eligible,B (secondary)
1071,14.7,77.4,6.6,93.2,A,0,Not at risk,70-85%,10-20h,Eligible,B (secondary)
1072,18.3,100.0,1.0,90.7,A,0,Not at risk,Above 85%,10-20h,Eligible,B (secondary)
1073,15.5,86.2,5.2,85.1,A,0,Not at risk,Above 85%,10-20h,Eligible,B (secondary)
1074,6.0,81.1,6.5,71.5,B,0,Not at risk,70-85%,Under 10h,Eligible,B (secondary)
1075,22.0,94.7,6.8,91.5,A,0,Not at risk,Above 85%,20-30h,Eligible,B (secondary)
1076,11.5,86.2,6.3,81.0,B,0,Not at risk,Above 85%,10-20h,Eligible,B (secondary)
1077,4.1,82.3,6.1,53.6,D,1,At risk,70-85%,Under 10h,Eligible,B (secondary)
1078,12.0,71.2,6.3,79.1,B,0,Not at risk,70-85%,10-20h,Eligible,B (secondary)
1079,25.5,88.1,5.4,100.0,A,0,Not at risk,Above 85%,20-30h,Eligible,B (secondary)
1080,21.0,87.2,6.5,99.2,A,0,Not at risk,Above 85%,20-30h,Eligible,B (secondary)
1081,12.6,67.5,2.7,90.5,A,0,Not at risk,50-70%,10-20h,Not eligible,B (secondary)
1082,12.6,77.1,4.3,74.6,B,0,Not at risk,70-85%,10-20h,Eligible,B (secondary)
1083,12.7,90.6,3.9,78.1,B,0,Not at risk,Above 85%,10-20h,Eligible,B (secondary)
1084,29.5,62.3,7.7,100.0,A,0,Not at risk,50-70%,20-30h,Not eligible,B (secondary)
1085,17.7,97.5,4.2,93.0,A,0,Not at risk,Above 85%,10-20h,Eligible,B (secondary)
1086,18.0,78.2,6.0,96.6,A,0,Not at risk,70-85%,10-20h,Eligible,B (secondary)
1087,22.2,78.7,6.1,100.0,A,0,Not at risk,70-85%,20-30h,Eligible,B (secondary)
1088,16.7,95.4,7.5,93.1,A,0,Not at risk,Above 85%,10-20h,Eligible,B (secondary)
1089,13.2,76.1,1.8,89.9,A,0,Not at risk,70-85%,10-20h,Eligible,B (secondary)
1090,13.6,80.6,8.7,65.8,C,0,Not at risk,70-85%,10-20h,Eligible,B (secondary)
1091,14.5,83.3,7.7,99.4,A,0,Not at risk,70-85%,10-20h,Eligible,B (secondary)
1092,14.7,94.9,4.5,99.4,A,0,Not at risk,Above 85%,10-20h,Eligible,B (secondary)
1093,20.1,88.8,4.1,86.3,A,0,Not at risk,Above 85%,20-30h,Eligible,B (secondary)
1094,15.4,64.1,1.9,86.1,A,0,Not at risk,50-70%,10-20h,Not eligible,B (secondary)
1095,20.1,100.0,8.9,93.9,A,0,Not at risk,Above 85%,20-30h,Eligible,B (secondary)
1096,14.4,69.9,6.2,82.3,B,0,Not at risk,50-70%,10-20h,Not eligible,B (secondary)
1097,15.6,91.3,6.7,86.4,A,0,Not at risk,Above 85%,10-20h,Eligible,B (secondary)
1098,1.0,95.3,8.4,50.4,D,1,At risk,Above 85%,Under 10h,Eligible,B (secondary)
1099,21.4,100.0,5.3,100.0,A,0,Not at risk,Above 85%,20-30h,Eligible,B (secondary)
1100,17.4,68.2,6.6,100.0,A,0,Not at risk,50-70%,10-20h,Not eligible,B (secondary)
1101,22.0,77.3,9.4,100.0,A,0,Not at risk,70-85%,20-30h,Eligible,B (secondary)
1102,0.0,84.2,7.6,60.7,C,0,Not at risk,70-85%,Under 10h,Eligible,B (secondary)
1103,29.6,76.6,4.2,100.0,A,0,Not at risk,70-85%,20-30h,Eligible,B (secondary)
1104,14.0,85.9,7.2,78.9,B,0,Not at risk,Above 85%,10-20h,Eligible,B (secondary)
1105,22.8,74.6,6.9,100.0,A,0,Not at risk,70-85%,20-30h,Eligible,B (secondary)
1106,7.7,87.2,6.8,73.3,B,0,Not at risk,Above 85%,Under 10h,Eligible,B (secondary)
1107,19.3,85.3,5.0,83.2,B,0,Not at risk,Above 85%,10-20h,Eligible,B (secondary)
1108,7.6,100.0,3.4,71.2,B,0,Not at risk,Above 85%,Under 10h,Eligible,B (secondary)
1109,10.6,92.6,8.5,88.7,A,0,Not at risk,Above 85%,10-20h,Eligible,B (secondary)
1110,28.4,95.9,4.3,100.0,A,0,Not at risk,Above 85%,20-30h,Eligible,B (secondary)
1111,13.7,88.6,5.7,91.6,A,0,Not at risk,Above 85%,10-20h,Eligible,B (secondary)
1112,16.5,80.4,6.3,97.3,A,0,Not at risk,70-85%,10-20h,Eligible,B (secondary)
1113,21.1,90.5,3.4,100.0,A,0,Not at risk,Above 85%,20-30h,Eligible,B (secondary)
1114,18.5,80.2,5.9,100.0,A,0,Not at risk,70-85%,10-20h,Eligible,B (secondary)
1115,16.1,75.1,6.5,98.2,A,0,Not at risk,70-85%,10-20h,Eligible,B (secondary)
1116,17.6,89.7,8.6,77.7,B,0,Not at risk,Above 85%,10-20h,Eligible,B (secondary)
1117,31.8,100.0,4.9,100.0,A,0,Not at risk,Above 85%,Over 30h,Eligible,B (secondary)
1118,14.6,91.0,7.2,84.5,B,0,Not at risk,Above 85%,10-20h,Eligible,B (secondary)
1119,16.4,99.3,10.0,88.4,A,0,Not at risk,Above 85%,10-20h,Eligible,B (secondary)
1120,22.4,90.7,8.7,100.0,A,0,Not at risk,Above 85%,20-30h,Eligible,B (secondary)
1121,22.7,100.0,9.8,100.0,A,0,Not at risk,Above 85%,20-30h,Eligible,B (secondary)
1122,23.3,97.4,6.3,100.0,A,0,Not at risk,Above 85%,20-30h,Eligible,B (secondary)
1123,19.5,98.5,7.3,95.5,A,0,Not at risk,Above 85%,10-20h,Eligible,B (secondary)
1124,7.0,87.0,5.9,58.2,C,0,Not at risk,Above 85%,Under 10h,Eligible,B (secondary)
1125,26.4,91.1,5.4,98.0,A,0,Not at risk,Above 85%,20-30h,Eligible,B (secondary)
1126,7.0,82.7,4.8,78.1,B,0,Not at risk,70-85%,Under 10h,Eligible,B (secondary)
1127,17.1,76.6,3.4,100.0,A,0,Not at risk,70-85%,10-20h,Eligible,B (secondary)
1128,9.7,80.0,9.6,89.7,A,0,Not at risk,70-85%,Under 10h,Eligible,B (secondary)
1129,14.6,81.9,8.0,98.0,A,0,Not at risk,70-85%,10-20h,Eligible,B (secondary)
1130,17.3,76.8,7.3,100.0,A,0,Not at risk,70-85%,10-20h,Eligible,B (secondary)
1131,17.2,85.0,9.5,93.7,A,0,Not at risk,70-85%,10-20h,Eligible,B (secondary)
1132,18.0,97.4,5.8,100.0,A,0,Not at risk,Above 85%,10-20h,Eligible,B (secondary)
1133,26.3,84.8,3.9,100.0,A,0,Not at risk,70-85%,20-30h,Eligible,B (secondary)
1134,18.2,63.2,5.5,62.8,C,0,Not at risk,50-70%,10-20h,Not eligible,B (secondary)
1135,13.3,79.3,4.8,100.0,A,0,Not at risk,70-85%,10-20h,Eligible,B (secondary)
1136,21.7,83.5,4.3,100.0,A,0,Not at risk,70-85%,20-30h,Eligible,B (secondary)
1137,23.3,100.0,4.4,100.0,A,0,Not at risk,Above 85%,20-30h,Eligible,B (secondary)
1138,6.4,78.2,7.3,60.3,C,0,Not at risk,70-85%,Under 10h,Eligible,B (secondary)
1139,19.2,77.6,2.0,100.0,A,0,Not at risk,70-85%,10-20h,Eligible,B (secondary)
1140,19.9,83.4,5.7,100.0,A,0,Not at risk,70-85%,10-20h,Eligible,B (secondary)
1141,12.9,88.0,2.9,79.3,B,0,Not at risk,Above 85%,10-20h,Eligible,B (secondary)
1142,24.6,72.8,4.9,100.0,A,0,Not at risk,70-85%,20-30h,Eligible,B (secondary)
1143,13.9,88.2,2.9,66.3,C,0,Not at risk,Above 85%,10-20h,Eligible,B (secondary)
1144,15.9,89.2,9.6,88.4,A,0,Not at risk,Above 85%,10-20h,Eligible,B (secondary)
1145,13.8,78.1,5.1,76.2,B,0,Not at risk,70-85%,10-20h,Eligible,B (secondary)
1146,15.1,88.2,9.5,92.3,A,0,Not at risk,Above 85%,10-20h,Eligible,B (secondary)
1147,7.3,73.5,4.3,73.9,B,0,Not at risk,70-85%,Under 10h,Eligible,B (secondary)
1148,4.9,76.9,8.6,49.4,D,1,At risk,70-85%,Under 10h,Eligible,B (secondary)
1149,26.2,77.9,5.8,100.0,A,0,Not at risk,70-85%,20-30h,Eligible,B (secondary)
1150,9.1,78.6,7.2,70.0,B,0,Not at risk,70-85%,Under 10h,Eligible,B (secondary)
1151,8.1,82.3,5.4,66.4,C,0,Not at risk,70-85%,Under 10h,Eligible,B (secondary)
1152,0.0,80.9,7.4,53.6,D,1,At risk,70-85%,Under 10h,Eligible,B (secondary)
1153,10.5,74.2,9.8,76.2,B,0,Not at risk,70-85%,10-20h,Eligible,B (secondary)
1154,5.7,100.0,3.0,62.4,C,0,Not at risk,Above 85%,Under 10h,Eligible,B (secondary)
1155,26.5,81.4,6.6,100.0,A,0,Not at risk,70-85%,20-30h,Eligible,B (secondary)
1156,22.1,82.3,5.7,100.0,A,0,Not at risk,70-85%,20-30h,Eligible,B (secondary)
1157,10.2,99.0,2.5,82.1,B,0,Not at risk,Above 85%,10-20h,Eligible,B (secondary)
1158,30.8,100.0,4.9,100.0,A,0,Not at risk,Above 85%,Over 30h,Eligible,B (secondary)
1159,21.9,85.9,4.3,95.0,A,0,Not at risk,Above 85%,20-30h,Eligible,B (secondary)
1160,12.7,90.9,4.6,68.2,C,0,Not at risk,Above 85%,10-20h,Eligible,B (secondary)
1161,0.0,81.8,3.7,49.9,D,1,At risk,70-85%,Under 10h,Eligible,B (secondary)
1162,31.0,75.3,9.5,100.0,A,0,Not at risk,70-85%,Over 30h,Eligible,B (secondary)
1163,5.3,84.1,4.3,68.6,C,0,Not at risk,70-85%,Under 10h,Eligible,B (secondary)
1164,3.5,85.3,7.2,43.9,D,1,At risk,Above 85%,Under 10h,Eligible,B (secondary)
1165,22.2,85.9,5.9,100.0,A,0,Not at risk,Above 85%,20-30h,Eligible,B (secondary)
1166,32.1,100.0,4.4,100.0,A,0,Not at risk,Above 85%,Over 30h,Eligible,B (secondary)
1167,24.7,83.0,7.4,100.0,A,0,Not at risk,70-85%,20-30h,Eligible,B (secondary)
1168,18.9,73.6,9.3,95.4,A,0,Not at risk,70-85%,10-20h,Eligible,B (secondary)
1169,19.2,76.3,8.9,100.0,A,0,Not at risk,70-85%,10-20h,Eligible,B (secondary)
1170,21.0,82.6,5.3,96.9,A,0,Not at risk,70-85%,20-30h,Eligible,B (secondary)
1171,20.3,64.2,3.4,82.4,B,0,Not at risk,50-70%,20-30h,Not eligible,B (secondary)
1172,17.0,63.0,3.7,89.8,A,0,Not at risk,50-70%,10-20h,Not eligible,B (secondary)
1173,15.7,84.6,6.2,83.8,B,0,Not at risk,70-85%,10-20h,Eligible,B (secondary)
1174,14.6,82.9,4.3,69.9,C,0,Not at risk,70-85%,10-20h,Eligible,B (secondary)
1175,9.7,80.8,5.7,82.4,B,0,Not at risk,70-85%,Under 10h,Eligible,B (secondary)
1176,13.0,82.7,5.3,79.3,B,0,Not at risk,70-85%,10-20h,Eligible,B (secondary)
1177,3.1,84.6,4.8,69.3,C,0,Not at risk,70-85%,Under 10h,Eligible,B (secondary)
1178,14.3,68.9,7.1,98.7,A,0,Not at risk,50-70%,10-20h,Not eligible,B (secondary)
1179,8.1,81.5,6.8,81.5,B,0,Not at risk,70-85%,Under 10h,Eligible,B (secondary)
1180,7.3,86.5,9.5,56.9,C,0,Not at risk,Above 85%,Under 10h,Eligible,B (secondary)
1181,16.3,90.9,8.2,90.4,A,0,Not at risk,Above 85%,10-20h,Eligible,B (secondary)
1182,24.7,72.3,6.3,100.0,A,0,Not at risk,70-85%,20-30h,Eligible,B (secondary)
1183,21.4,100.0,3.0,100.0,A,0,Not at risk,Above 85%,20-30h,Eligible,B (secondary)
1184,4.0,83.4,5.7,64.1,C,0,Not at risk,70-85%,Under 10h,Eligible,B (secondary)
1185,8.1,83.5,1.1,92.4,A,0,Not at risk,70-85%,Under 10h,Eligible,B (secondary)
1186,21.6,99.4,10.0,100.0,A,0,Not at risk,Above 85%,20-30h,Eligible,B (secondary)
1187,8.1,70.6,3.1,72.4,B,0,Not at risk,70-85%,Under 10h,Eligible,B (secondary)
1188,13.4,81.3,3.0,86.6,A,0,Not at risk,70-85%,10-20h,Eligible,B (secondary)
1189,18.9,90.2,5.1,100.0,A,0,Not at risk,Above 85%,10-20h,Eligible,B (secondary)
1190,8.2,74.7,6.9,62.4,C,0,Not at risk,70-85%,Under 10h,Eligible,B (secondary)
1191,15.7,78.3,7.9,89.9,A,0,Not at risk,70-85%,10-20h,Eligible,B (secondary)
1192,5.7,76.5,7.4,72.8,B,0,Not at risk,70-85%,Under 10h,Eligible,B (secondary)
1193,10.8,90.0,2.3,82.4,B,0,Not at risk,Above 85%,10-20h,Eligible,B (secondary)
1194,17.2,92.3,8.0,100.0,A,0,Not at risk,Above 85%,10-20h,Eligible,B (secondary)
1195,3.8,78.0,6.3,47.6,D,1,At risk,70-85%,Under 10h,Eligible,B (secondary)
1196,18.1,74.9,7.0,100.0,A,0,Not at risk,70-85%,10-20h,Eligible,B (secondary)
1197,14.9,89.1,4.1,75.0,B,0,Not at risk,Above 85%,10-20h,Eligible,B (secondary)
1198,18.9,85.3,7.2,91.3,A,0,Not at risk,Above 85%,10-20h,Eligible,B (secondary)
1199,16.6,91.9,4.4,99.5,A,0,Not at risk,Above 85%,10-20h,Eligible,B (secondary)
1200,24.5,85.5,6.6,100.0,A,0,Not at risk,Above 85%,20-30h,Eligible,B (secondary)
1201,15.9,65.4,3.0,89.8,A,0,Not at risk,50-70%,10-20h,Not eligible,B (secondary)
1202,12.0,88.3,6.3,69.1,C,0,Not at risk,Above 85%,10-20h,Eligible,B (secondary)
1203,15.9,86.1,6.6,98.7,A,0,Not at risk,Above 85%,10-20h,Eligible,B (secondary)
1204,18.8,88.2,3.1,99.9,A,0,Not at risk,Above 85%,10-20h,Eligible,B (secondary)
1205,15.3,93.1,4.4,87.3,A,0,Not at risk,Above 85%,10-20h,Eligible,B (secondary)
1206,15.3,94.5,10.0,100.0,A,0,Not at risk,Above 85%,10-20h,Eligible,B (secondary)
1207,10.1,85.0,6.5,88.5,A,0,Not at risk,70-85%,10-20h,Eligible,B (secondary)
1208,10.4,92.5,7.3,85.1,A,0,Not at risk,Above 85%,10-20h,Eligible,B (secondary)
1209,5.2,76.8,9.4,64.1,C,0,Not at risk,70-85%,Under 10h,Eligible,B (secondary)
1210,27.2,69.4,7.1,100.0,A,0,Not at risk,50-70%,20-30h,Not eligible,B (secondary)
1211,6.3,76.2,5.8,52.7,D,1,At risk,70-85%,Under 10h,Eligible,B (secondary)
1212,10.1,64.0,6.9,81.4,B,0,Not at risk,50-70%,10-20h,Not eligible,B (secondary)
1213,10.0,82.2,3.2,69.5,C,0,Not at risk,70-85%,Under 10h,Eligible,B (secondary)
1214,21.3,71.8,6.3,100.0,A,0,Not at risk,70-85%,20-30h,Eligible,B (secondary)
1215,12.9,88.2,6.6,73.7,B,0,Not at risk,Above 85%,10-20h,Eligible,B (secondary)
1216,23.7,71.5,5.5,97.6,A,0,Not at risk,70-85%,20-30h,Eligible,B (secondary)
1217,10.3,68.5,5.5,86.5,A,0,Not at risk,50-70%,10-20h,Not eligible,B (secondary)
1218,17.0,100.0,5.8,87.5,A,0,Not at risk,Above 85%,10-20h,Eligible,B (secondary)
1219,9.2,82.7,0.0,82.7,B,0,Not at risk,70-85%,Under 10h,Eligible,B (secondary)
1220,30.0,82.2,2.9,100.0,A,0,Not at risk,70-85%,20-30h,Eligible,B (secondary)
1221,6.7,95.7,5.5,62.5,C,0,Not at risk,Above 85%,Under 10h,Eligible,B (secondary)
1222,17.2,66.8,4.0,94.1,A,0,Not at risk,50-70%,10-20h,Not eligible,B (secondary)
1223,19.4,69.8,6.4,100.0,A,0,Not at risk,50-70%,10-20h,Not eligible,B (secondary)
1224,17.9,79.5,0.4,82.7,B,0,Not at risk,70-85%,10-20h,Eligible,B (secondary)
1225,13.7,81.3,5.7,78.3,B,0,Not at risk,70-85%,10-20h,Eligible,B (secondary)
1226,14.1,89.7,8.1,75.7,B,0,Not at risk,Above 85%,10-20h,Eligible,B (secondary)
1227,15.3,72.0,6.7,99.9,A,0,Not at risk,70-85%,10-20h,Eligible,B (secondary)
1228,14.0,87.3,5.5,83.5,B,0,Not at risk,Above 85%,10-20h,Eligible,B (secondary)
1229,21.7,71.2,4.1,100.0,A,0,Not at risk,70-85%,20-30h,Eligible,B (secondary)
1230,30.5,82.5,5.2,100.0,A,0,Not at risk,70-85%,Over 30h,Eligible,B (secondary)
1231,11.1,93.1,8.4,76.7,B,0,Not at risk,Above 85%,10-20h,Eligible,B (secondary)
1232,5.4,64.8,3.6,48.5,D,1,At risk,50-70%,Under 10h,Not eligible,B (secondary)
1233,14.4,77.9,6.3,78.9,B,0,Not at risk,70-85%,10-20h,Eligible,B (secondary)
1234,33.1,66.0,7.9,100.0,A,0,Not at risk,50-70%,Over 30h,Not eligible,B (secondary)
1235,9.4,94.7,2.3,83.0,B,0,Not at risk,Above 85%,Under 10h,Eligible,B (secondary)
1236,26.5,88.1,5.9,98.8,A,0,Not at risk,Above 85%,20-30h,Eligible,B (secondary)
1237,26.7,89.2,5.9,100.0,A,0,Not at risk,Above 85%,20-30h,Eligible,B (secondary)
1238,11.1,92.0,7.4,66.1,C,0,Not at risk,Above 85%,10-20h,Eligible,B (secondary)
1239,19.0,78.4,5.1,100.0,A,0,Not at risk,70-85%,10-20h,Eligible,B (secondary)
1240,26.4,74.4,5.0,100.0,A,0,Not at risk,70-85%,20-30h,Eligible,B (secondary)
1241,12.3,91.8,5.1,82.3,B,0,Not at risk,Above 85%,10-20h,Eligible,B (secondary)
1242,13.6,71.8,7.5,87.4,A,0,Not at risk,70-85%,10-20h,Eligible,B (secondary)
1243,10.9,82.3,7.7,71.1,B,0,Not at risk,70-85%,10-20h,Eligible,B (secondary)
1244,7.9,84.7,7.5,67.0,C,0,Not at risk,70-85%,Under 10h,Eligible,B (secondary)
1245,10.5,68.3,5.9,73.1,B,0,Not at risk,50-70%,10-20h,Not eligible,B (secondary)
1246,6.4,94.4,5.0,68.1,C,0,Not at risk,Above 85%,Under 10h,Eligible,B (secondary)
1247,15.2,89.1,4.7,86.5,A,0,Not at risk,Above 85%,10-20h,Eligible,B (secondary)
1248,9.6,66.3,6.4,79.1,B,0,Not at risk,50-70%,Under 10h,Not eligible,B (secondary)
1249,16.6,85.1,7.2,79.2,B,0,Not at risk,Above 85%,10-20h,Eligible,B (secondary)
1250,4.1,87.9,7.3,50.5,D,1,At risk,Above 85%,Under 10h,Eligible,B (secondary)
1251,17.3,93.4,6.3,100.0,A,0,Not at risk,Above 85%,10-20h,Eligible,B (secondary)
1252,20.8,90.3,9.5,100.0,A,0,Not at risk,Above 85%,20-30h,Eligible,B (secondary)
1253,1.0,74.2,4.3,60.3,C,0,Not at risk,70-85%,Under 10h,Eligible,B (secondary)
1254,17.6,61.9,6.1,99.5,A,0,Not at risk,50-70%,10-20h,Not eligible,B (secondary)
1255,23.6,97.3,4.9,96.5,A,0,Not at risk,Above 85%,20-30h,Eligible,B (secondary)
1256,6.5,73.7,5.4,54.7,D,1,At risk,70-85%,Under 10h,Eligible,B (secondary)
1257,6.5,73.7,5.4,54.7,D,1,At risk,70-85%,Under 10h,Eligible,B (secondary)
1258,26.7,81.0,5.2,100.0,A,0,Not at risk,70-85%,20-30h,Eligible,B (secondary)
1259,17.9,80.3,5.1,77.7,B,0,Not at risk,70-85%,10-20h,Eligible,B (secondary)
1260,10.1,72.3,8.1,75.0,B,0,Not at risk,70-85%,10-20h,Eligible,B (secondary)
1261,14.6,100.0,5.0,75.5,B,0,Not at risk,Above 85%,10-20h,Eligible,B (secondary)
1262,18.9,66.1,10.0,91.5,A,0,Not at risk,50-70%,10-20h,Not eligible,B (secondary)
1263,15.5,73.5,8.9,97.3,A,0,Not at risk,70-85%,10-20h,Eligible,B (secondary)
1264,18.8,71.4,4.3,93.9,A,0,Not at risk,70-85%,10-20h,Eligible,B (secondary)
1265,8.6,85.2,6.1,64.3,C,0,Not at risk,Above 85%,Under 10h,Eligible,B (secondary)
1266,16.2,86.4,4.6,72.0,B,0,Not at risk,Above 85%,10-20h,Eligible,B (secondary)
1267,5.1,85.0,4.4,65.5,C,0,Not at risk,70-85%,Under 10h,Eligible,B (secondary)
1268,14.2,88.9,8.6,78.4,B,0,Not at risk,Above 85%,10-20h,Eligible,B (secondary)
1269,8.7,58.9,6.9,65.2,C,0,Not at risk,50-70%,Under 10h,Not eligible,B (secondary)
1270,9.9,89.7,4.9,71.3,B,0,Not at risk,Above 85%,Under 10h,Eligible,B (secondary)
1271,23.7,91.0,6.5,100.0,A,0,Not at risk,Above 85%,20-30h,Eligible,B (secondary)
1272,22.6,98.0,6.0,100.0,A,0,Not at risk,Above 85%,20-30h,Eligible,B (secondary)
1273,19.3,62.9,6.5,91.9,A,0,Not at risk,50-70%,10-20h,Not eligible,B (secondary)
1274,7.4,86.9,8.4,79.2,B,0,Not at risk,Above 85%,Under 10h,Eligible,B (secondary)
1275,12.8,100.0,6.0,82.1,B,0,Not at risk,Above 85%,10-20h,Eligible,B (secondary)
1276,23.5,86.4,6.7,100.0,A,0,Not at risk,Above 85%,20-30h,Eligible,B (secondary)
1277,16.0,94.6,6.6,98.5,A,0,Not at risk,Above 85%,10-20h,Eligible,B (secondary)
1278,31.2,92.7,7.2,100.0,A,0,Not at risk,Above 85%,Over 30h,Eligible,B (secondary)
1279,17.8,90.5,6.6,93.0,A,0,Not at risk,Above 85%,10-20h,Eligible,B (secondary)
1280,16.3,76.4,5.7,81.2,B,0,Not at risk,70-85%,10-20h,Eligible,B (secondary)
1281,12.8,77.8,7.4,71.3,B,0,Not at risk,70-85%,10-20h,Eligible,B (secondary)
1282,15.9,88.4,7.8,79.0,B,0,Not at risk,Above 85%,10-20h,Eligible,B (secondary)
1283,13.9,82.8,10.0,91.8,A,0,Not at risk,70-85%,10-20h,Eligible,B (secondary)
1284,20.0,81.1,4.4,95.8,A,0,Not at risk,70-85%,10-20h,Eligible,B (secondary)
1285,21.7,80.9,5.1,100.0,A,0,Not at risk,70-85%,20-30h,Eligible,B (secondary)
1286,9.5,78.1,5.6,77.0,B,0,Not at risk,70-85%,Under 10h,Eligible,B (secondary)
1287,5.7,90.1,7.0,68.5,C,0,Not at risk,Above 85%,Under 10h,Eligible,B (secondary)
1288,2.1,86.1,3.2,58.7,C,0,Not at risk,Above 85%,Under 10h,Eligible,B (secondary)
1289,18.6,94.2,7.8,95.5,A,0,Not at risk,Above 85%,10-20h,Eligible,B (secondary)
1290,7.3,93.6,7.6,66.1,C,0,Not at risk,Above 85%,Under 10h,Eligible,B (secondary)
1291,0.0,86.4,8.2,51.7,D,1,At risk,Above 85%,Under 10h,Eligible,B (secondary)
1292,17.7,86.2,8.9,94.8,A,0,Not at risk,Above 85%,10-20h,Eligible,B (secondary)
1293,32.5,100.0,10.0,100.0,A,0,Not at risk,Above 85%,Over 30h,Eligible,B (secondary)
1294,15.0,100.0,5.6,81.2,B,0,Not at risk,Above 85%,10-20h,Eligible,B (secondary)
1295,20.9,78.6,4.6,100.0,A,0,Not at risk,70-85%,20-30h,Eligible,B (secondary)
1296,15.6,76.5,6.7,97.4,A,0,Not at risk,70-85%,10-20h,Eligible,B (secondary)
1297,14.3,100.0,7.4,72.3,B,0,Not at risk,Above 85%,10-20h,Eligible,B (secondary)
1298,21.4,77.1,5.5,98.7,A,0,Not at risk,70-85%,20-30h,Eligible,B (secondary)
1299,13.0,89.4,9.1,75.1,B,0,Not at risk,Above 85%,10-20h,Eligible,B (secondary)
1300,16.9,76.6,8.7,87.3,A,0,Not at risk,70-85%,10-20h,Eligible,B (secondary)
1301,17.3,87.9,8.3,88.1,A,0,Not at risk,Above 85%,10-20h,Eligible,B (secondary)
1302,10.3,85.1,7.4,68.9,C,0,Not at risk,Above 85%,10-20h,Eligible,B (secondary)
1303,21.9,91.2,7.0,100.0,A,0,Not at risk,Above 85%,20-30h,Eligible,B (secondary)
1304,13.8,81.3,7.9,74.1,B,0,Not at risk,70-85%,10-20h,Eligible,B (secondary)
1305,9.7,93.5,5.1,80.1,B,0,Not at risk,Above 85%,Under 10h,Eligible,B (secondary)
1306,18.8,60.6,10.0,85.7,A,0,Not at risk,50-70%,10-20h,Not eligible,B (secondary)
1307,8.7,81.6,5.3,65.8,C,0,Not at risk,70-85%,Under 10h,Eligible,B (secondary)
1308,15.2,79.2,8.7,84.8,B,0,Not at risk,70-85%,10-20h,Eligible,B (secondary)
1309,14.9,83.5,6.3,93.0,A,0,Not at risk,70-85%,10-20h,Eligible,B (secondary)
1310,22.6,70.8,4.4,100.0,A,0,Not at risk,70-85%,20-30h,Eligible,B (secondary)
1311,18.3,73.8,7.4,95.3,A,0,Not at risk,70-85%,10-20h,Eligible,B (secondary)
1312,14.8,69.4,7.5,93.3,A,0,Not at risk,50-70%,10-20h,Not eligible,B (secondary)
1313,20.7,87.1,7.9,91.6,A,0,Not at risk,Above 85%,20-30h,Eligible,B (secondary)
1314,24.7,100.0,4.7,100.0,A,0,Not at risk,Above 85%,20-30h,Eligible,B (secondary)
1315,18.9,75.2,7.9,100.0,A,0,Not at risk,70-85%,10-20h,Eligible,B (secondary)
1316,15.1,100.0,8.1,83.4,B,0,Not at risk,Above 85%,10-20h,Eligible,B (secondary)
1317,5.8,84.1,6.7,59.8,C,0,Not at risk,70-85%,Under 10h,Eligible,B (secondary)
1318,7.5,80.0,6.8,76.7,B,0,Not at risk,70-85%,Under 10h,Eligible,B (secondary)
1319,12.9,81.2,8.3,86.0,A,0,Not at risk,70-85%,10-20h,Eligible,B (secondary)
1320,10.7,96.3,6.7,69.5,C,0,Not at risk,Above 85%,10-20h,Eligible,B (secondary)
1321,13.7,83.4,3.4,98.7,A,0,Not at risk,70-85%,10-20h,Eligible,B (secondary)
1322,15.4,92.8,8.5,89.6,A,0,Not at risk,Above 85%,10-20h,Eligible,B (secondary)
1323,18.7,86.3,1.9,95.3,A,0,Not at risk,Above 85%,10-20h,Eligible,B (secondary)
1324,14.5,81.3,4.7,81.8,B,0,Not at risk,70-85%,10-20h,Eligible,B (secondary)
1325,18.4,80.5,5.9,100.0,A,0,Not at risk,70-85%,10-20h,Eligible,B (secondary)
1326,15.5,74.7,6.4,86.5,A,0,Not at risk,70-85%,10-20h,Eligible,B (secondary)
1327,1.2,81.8,5.8,40.6,D,1,At risk,70-85%,Under 10h,Eligible,B (secondary)
1328,8.4,85.2,6.9,68.0,C,0,Not at risk,Above 85%,Under 10h,Eligible,B (secondary)
1329,14.0,89.7,6.3,88.0,A,0,Not at risk,Above 85%,10-20h,Eligible,B (secondary)
1330,6.5,91.1,6.0,77.6,B,0,Not at risk,Above 85%,Under 10h,Eligible,B (secondary)
1331,19.2,85.1,4.4,100.0,A,0,Not at risk,Above 85%,10-20h,Eligible,B (secondary)
1332,25.7,78.9,6.3,100.0,A,0,Not at risk,70-85%,20-30h,Eligible,B (secondary)
1333,23.5,96.4,5.4,100.0,A,0,Not at risk,Above 85%,20-30h,Eligible,B (secondary)
1334,13.5,77.4,5.9,97.1,A,0,Not at risk,70-85%,10-20h,Eligible,B (secondary)
1335,25.4,68.5,5.1,100.0,A,0,Not at risk,50-70%,20-30h,Not eligible,B (secondary)
1336,16.0,85.2,7.9,83.9,B,0,Not at risk,Above 85%,10-20h,Eligible,B (secondary)
1337,12.6,63.7,4.0,95.1,A,0,Not at risk,50-70%,10-20h,Not eligible,B (secondary)
1338,10.7,98.2,8.1,82.3,B,0,Not at risk,Above 85%,10-20h,Eligible,B (secondary)
1339,12.9,88.6,4.7,91.0,A,0,Not at risk,Above 85%,10-20h,Eligible,B (secondary)
1340,12.3,93.8,7.2,70.1,B,0,Not at risk,Above 85%,10-20h,Eligible,B (secondary)
1341,16.2,87.2,5.8,94.2,A,0,Not at risk,Above 85%,10-20h,Eligible,B (secondary)
1342,16.1,89.6,5.9,97.5,A,0,Not at risk,Above 85%,10-20h,Eligible,B (secondary)
1343,15.0,73.7,4.4,88.7,A,0,Not at risk,70-85%,10-20h,Eligible,B (secondary)
1344,18.1,89.6,3.9,100.0,A,0,Not at risk,Above 85%,10-20h,Eligible,B (secondary)
1345,23.3,62.7,3.9,100.0,A,0,Not at risk,50-70%,20-30h,Not eligible,B (secondary)
1346,21.6,91.0,10.0,100.0,A,0,Not at risk,Above 85%,20-30h,Eligible,B (secondary)
1347,4.6,83.3,3.7,55.4,C,0,Not at risk,70-85%,Under 10h,Eligible,B (secondary)
1348,0.0,75.1,7.9,43.6,D,1,At risk,70-85%,Under 10h,Eligible,B (secondary)
1349,21.5,80.4,1.7,87.5,A,0,Not at risk,70-85%,20-30h,Eligible,B (secondary)
1350,5.4,84.4,8.0,57.2,C,0,Not at risk,70-85%,Under 10h,Eligible,B (secondary)
1351,13.4,88.2,8.4,94.3,A,0,Not at risk,Above 85%,10-20h,Eligible,B (secondary)
1352,6.8,79.0,3.7,62.2,C,0,Not at risk,70-85%,Under 10h,Eligible,B (secondary)
1353,2.4,97.4,6.9,47.4,D,1,At risk,Above 85%,Under 10h,Eligible,B (secondary)
1354,18.8,100.0,5.6,100.0,A,0,Not at risk,Above 85%,10-20h,Eligible,B (secondary)
1355,20.3,75.6,3.6,80.3,B,0,Not at risk,70-85%,20-30h,Eligible,B (secondary)
1356,11.0,70.3,6.2,72.9,B,0,Not at risk,70-85%,10-20h,Eligible,B (secondary)
1357,0.0,76.9,10.0,60.7,C,0,Not at risk,70-85%,Under 10h,Eligible,B (secondary)
1358,11.2,84.6,6.6,88.6,A,0,Not at risk,70-85%,10-20h,Eligible,B (secondary)
1359,17.7,91.4,5.8,82.9,B,0,Not at risk,Above 85%,10-20h,Eligible,B (secondary)
1360,4.6,82.9,8.2,61.4,C,0,Not at risk,70-85%,Under 10h,Eligible,B (secondary)
1361,16.3,86.5,5.2,80.3,B,0,Not at risk,Above 85%,10-20h,Eligible,B (secondary)
1362,14.9,78.7,8.2,74.3,B,0,Not at risk,70-85%,10-20h,Eligible,B (secondary)
1363,19.1,83.8,2.9,98.8,A,0,Not at risk,70-85%,10-20h,Eligible,B (secondary)
1364,15.8,82.4,3.6,80.6,B,0,Not at risk,70-85%,10-20h,Eligible,B (secondary)
1365,8.2,71.8,8.5,40.1,D,1,At risk,70-85%,Under 10h,Eligible,B (secondary)
1366,23.4,100.0,7.6,100.0,A,0,Not at risk,Above 85%,20-30h,Eligible,B (secondary)
1367,13.9,83.0,2.8,100.0,A,0,Not at risk,70-85%,10-20h,Eligible,B (secondary)
1368,14.8,95.5,4.3,78.5,B,0,Not at risk,Above 85%,10-20h,Eligible,B (secondary)
1369,8.5,75.9,4.9,63.9,C,0,Not at risk,70-85%,Under 10h,Eligible,B (secondary)
1370,11.9,78.6,6.3,89.9,A,0,Not at risk,70-85%,10-20h,Eligible,B (secondary)
1371,8.8,94.5,7.3,64.2,C,0,Not at risk,Above 85%,Under 10h,Eligible,B (secondary)
1372,13.8,77.9,3.8,81.9,B,0,Not at risk,70-85%,10-20h,Eligible,B (secondary)
1373,27.0,92.7,10.0,100.0,A,0,Not at risk,Above 85%,20-30h,Eligible,B (secondary)
1374,5.4,80.8,6.0,65.2,C,0,Not at risk,70-85%,Under 10h,Eligible,B (secondary)
1375,3.7,90.2,6.5,54.6,D,1,At risk,Above 85%,Under 10h,Eligible,B (secondary)
1376,25.3,72.9,4.5,100.0,A,0,Not at risk,70-85%,20-30h,Eligible,B (secondary)
1377,13.5,83.6,5.3,66.2,C,0,Not at risk,70-85%,10-20h,Eligible,B (secondary)
1378,10.3,95.6,6.7,85.9,A,0,Not at risk,Above 85%,10-20h,Eligible,B (secondary)
1379,22.3,78.0,5.2,95.6,A,0,Not at risk,70-85%,20-30h,Eligible,B (secondary)
1380,10.8,89.4,5.5,76.8,B,0,Not at risk,Above 85%,10-20h,Eligible,B (secondary)
1381,27.8,89.7,4.4,100.0,A,0,Not at risk,Above 85%,20-30h,Eligible,B (secondary)
1382,19.7,87.9,5.1,94.4,A,0,Not at risk,Above 85%,10-20h,Eligible,B (secondary)
1383,11.6,91.0,7.0,98.7,A,0,Not at risk,Above 85%,10-20h,Eligible,B (secondary)
1384,30.1,72.7,7.0,100.0,A,0,Not at risk,70-85%,Over 30h,Eligible,B (secondary)
1385,10.8,64.0,4.9,61.6,C,0,Not at risk,50-70%,10-20h,Not eligible,B (secondary)
1386,20.2,91.0,4.9,100.0,A,0,Not at risk,Above 85%,20-30h,Eligible,B (secondary)
1387,17.1,87.8,5.5,94.1,A,0,Not at risk,Above 85%,10-20h,Eligible,B (secondary)
1388,24.1,71.3,3.9,100.0,A,0,Not at risk,70-85%,20-30h,Eligible,B (secondary)
1389,25.9,88.4,8.8,100.0,A,0,Not at risk,Above 85%,20-30h,Eligible,B (secondary)
1390,15.2,85.9,4.5,82.9,B,0,Not at risk,Above 85%,10-20h,Eligible,B (secondary)
1391,9.7,83.7,5.4,63.3,C,0,Not at risk,70-85%,Under 10h,Eligible,B (secondary)
1392,18.2,84.6,5.2,93.0,A,0,Not at risk,70-85%,10-20h,Eligible,B (secondary)
1393,10.3,83.2,10.0,68.4,C,0,Not at risk,70-85%,10-20h,Eligible,B (secondary)
1394,29.1,75.4,1.4,100.0,A,0,Not at risk,70-85%,20-30h,Eligible,B (secondary)
1395,16.0,79.7,7.7,100.0,A,0,Not at risk,70-85%,10-20h,Eligible,B (secondary)
1396,12.4,83.4,4.1,63.5,C,0,Not at risk,70-85%,10-20h,Eligible,B (secondary)
1397,16.3,100.0,7.0,91.8,A,0,Not at risk,Above 85%,10-20h,Eligible,B (secondary)
1398,5.6,99.2,7.9,53.1,D,1,At risk,Above 85%,Under 10h,Eligible,B (secondary)
1399,8.2,99.3,7.0,53.4,D,1,At risk,Above 85%,Under 10h,Eligible,B (secondary)
1400,23.4,88.8,0.6,95.6,A,0,Not at risk,Above 85%,20-30h,Eligible,B (secondary)
1401,10.4,96.5,3.6,80.9,B,0,Not at risk,Above 85%,10-20h,Eligible,B (secondary)
1402,7.7,56.1,4.6,56.7,C,0,Not at risk,50-70%,Under 10h,Not eligible,B (secondary)
1403,18.8,76.8,8.7,87.5,A,0,Not at risk,70-85%,10-20h,Eligible,B (secondary)
1404,23.3,84.2,7.8,100.0,A,0,Not at risk,70-85%,20-30h,Eligible,B (secondary)
1405,20.0,90.9,5.5,100.0,A,0,Not at risk,Above 85%,10-20h,Eligible,B (secondary)
1406,22.0,84.2,6.0,100.0,A,0,Not at risk,70-85%,20-30h,Eligible,B (secondary)
1407,9.7,64.4,4.8,52.9,D,1,At risk,50-70%,Under 10h,Not eligible,B (secondary)
1408,5.0,96.4,3.6,67.4,C,0,Not at risk,Above 85%,Under 10h,Eligible,B (secondary)
1409,25.5,74.8,5.6,100.0,A,0,Not at risk,70-85%,20-30h,Eligible,B (secondary)
1410,12.7,84.8,5.8,76.7,B,0,Not at risk,70-85%,10-20h,Eligible,B (secondary)
1411,13.2,87.9,2.8,60.9,C,0,Not at risk,Above 85%,10-20h,Eligible,B (secondary)
1412,24.3,91.8,9.8,100.0,A,0,Not at risk,Above 85%,20-30h,Eligible,B (secondary)
1413,18.9,88.8,5.7,99.5,A,0,Not at risk,Above 85%,10-20h,Eligible,B (secondary)
1414,18.2,82.0,3.5,100.0,A,0,Not at risk,70-85%,10-20h,Eligible,B (secondary)
1415,30.2,76.2,7.1,100.0,A,0,Not at risk,70-85%,Over 30h,Eligible,B (secondary)
1416,10.5,89.7,7.0,76.2,B,0,Not at risk,Above 85%,10-20h,Eligible,B (secondary)
1417,21.5,81.2,7.3,100.0,A,0,Not at risk,70-85%,20-30h,Eligible,B (secondary)
1418,15.4,86.5,4.8,89.4,A,0,Not at risk,Above 85%,10-20h,Eligible,B (secondary)
1419,16.9,67.8,8.0,90.4,A,0,Not at risk,50-70%,10-20h,Not eligible,B (secondary)
1420,25.7,89.7,7.2,100.0,A,0,Not at risk,Above 85%,20-30h,Eligible,B (secondary)
1421,18.6,81.2,5.6,91.9,A,0,Not at risk,70-85%,10-20h,Eligible,B (secondary)
1422,18.8,74.1,4.9,100.0,A,0,Not at risk,70-85%,10-20h,Eligible,B (secondary)
1423,22.5,90.8,4.1,100.0,A,0,Not at risk,Above 85%,20-30h,Eligible,B (secondary)
1424,12.4,79.7,7.7,74.9,B,0,Not at risk,70-85%,10-20h,Eligible,B (secondary)
1425,9.1,78.7,9.7,46.7,D,1,At risk,70-85%,Under 10h,Eligible,B (secondary)
1426,7.7,72.6,7.6,66.0,C,0,Not at risk,70-85%,Under 10h,Eligible,B (secondary)
1427,1.2,90.6,8.1,50.3,D,1,At risk,Above 85%,Under 10h,Eligible,B (secondary)
1428,29.4,93.1,7.5,100.0,A,0,Not at risk,Above 85%,20-30h,Eligible,B (secondary)
1429,7.3,76.8,4.9,55.8,C,0,Not at risk,70-85%,Under 10h,Eligible,B (secondary)
1430,13.5,90.5,4.0,84.8,B,0,Not at risk,Above 85%,10-20h,Eligible,B (secondary)
1431,13.1,69.1,8.6,88.4,A,0,Not at risk,50-70%,10-20h,Not eligible,B (secondary)
1432,17.2,83.6,3.9,96.4,A,0,Not at risk,70-85%,10-20h,Eligible,B (secondary)
1433,20.7,79.2,7.8,100.0,A,0,Not at risk,70-85%,20-30h,Eligible,B (secondary)
1434,21.0,78.9,9.1,94.8,A,0,Not at risk,70-85%,20-30h,Eligible,B (secondary)
1435,10.9,97.9,5.1,77.5,B,0,Not at risk,Above 85%,10-20h,Eligible,B (secondary)
1436,13.8,90.3,4.5,79.2,B,0,Not at risk,Above 85%,10-20h,Eligible,B (secondary)
1437,17.0,76.4,4.3,93.1,A,0,Not at risk,70-85%,10-20h,Eligible,B (secondary)
1438,13.3,83.3,7.7,100.0,A,0,Not at risk,70-85%,10-20h,Eligible,B (secondary)
1439,26.3,91.1,4.1,100.0,A,0,Not at risk,Above 85%,20-30h,Eligible,B (secondary)
1440,18.4,91.5,2.1,70.5,B,0,Not at risk,Above 85%,10-20h,Eligible,B (secondary)
1441,20.1,81.6,5.4,95.8,A,0,Not at risk,70-85%,20-30h,Eligible,B (secondary)
1442,19.6,87.7,7.2,97.0,A,0,Not at risk,Above 85%,10-20h,Eligible,B (secondary)
1443,23.2,89.9,1.7,100.0,A,0,Not at risk,Above 85%,20-30h,Eligible,B (secondary)
1444,16.3,70.5,8.4,88.2,A,0,Not at risk,70-85%,10-20h,Eligible,B (secondary)
1445,5.9,79.7,7.5,80.6,B,0,Not at risk,70-85%,Under 10h,Eligible,B (secondary)
1446,17.8,90.4,3.7,93.0,A,0,Not at risk,Above 85%,10-20h,Eligible,B (secondary)
1447,10.4,68.1,6.8,50.3,D,1,At risk,50-70%,10-20h,Not eligible,B (secondary)
1448,11.3,92.5,5.0,84.8,B,0,Not at risk,Above 85%,10-20h,Eligible,B (secondary)
1449,19.1,81.6,6.7,100.0,A,0,Not at risk,70-85%,10-20h,Eligible,B (secondary)
1450,23.7,82.8,4.6,92.5,A,0,Not at risk,70-85%,20-30h,Eligible,B (secondary)
1451,15.1,79.0,6.1,86.2,A,0,Not at risk,70-85%,10-20h,Eligible,B (secondary)
1452,17.2,74.2,5.6,84.5,B,0,Not at risk,70-85%,10-20h,Eligible,B (secondary)
1453,26.9,92.5,5.2,93.9,A,0,Not at risk,Above 85%,20-30h,Eligible,B (secondary)
1454,16.7,69.9,8.3,88.9,A,0,Not at risk,50-70%,10-20h,Not eligible,B (secondary)
1455,33.2,70.7,4.5,100.0,A,0,Not at risk,70-85%,Over 30h,Eligible,B (secondary)
1456,19.0,79.9,7.7,100.0,A,0,Not at risk,70-85%,10-20h,Eligible,B (secondary)
1457,2.7,85.9,6.0,44.8,D,1,At risk,Above 85%,Under 10h,Eligible,B (secondary)
1458,20.3,93.5,4.9,100.0,A,0,Not at risk,Above 85%,20-30h,Eligible,B (secondary)
1459,17.7,84.8,8.6,92.2,A,0,Not at risk,70-85%,10-20h,Eligible,B (secondary)
1460,24.0,83.5,3.3,100.0,A,0,Not at risk,70-85%,20-30h,Eligible,B (secondary)
1461,19.7,78.6,2.2,100.0,A,0,Not at risk,70-85%,10-20h,Eligible,B (secondary)
1462,14.0,86.1,6.1,93.4,A,0,Not at risk,Above 85%,10-20h,Eligible,B (secondary)
1463,6.4,73.6,5.1,66.5,C,0,Not at risk,70-85%,Under 10h,Eligible,B (secondary)
1464,13.5,73.8,4.0,83.1,B,0,Not at risk,70-85%,10-20h,Eligible,B (secondary)
1465,9.0,78.0,4.5,66.8,C,0,Not at risk,70-85%,Under 10h,Eligible,B (secondary)
1466,10.9,92.4,3.1,89.2,A,0,Not at risk,Above 85%,10-20h,Eligible,B (secondary)
1467,19.1,79.3,8.5,94.0,A,0,Not at risk,70-85%,10-20h,Eligible,B (secondary)
1468,26.7,75.8,7.2,100.0,A,0,Not at risk,70-85%,20-30h,Eligible,B (secondary)
1469,17.8,93.2,5.7,90.5,A,0,Not at risk,Above 85%,10-20h,Eligible,B (secondary)
1470,6.6,100.0,6.0,63.5,C,0,Not at risk,Above 85%,Under 10h,Eligible,B (secondary)
1471,18.1,81.3,4.5,93.4,A,0,Not at risk,70-85%,10-20h,Eligible,B (secondary)
1472,23.4,84.8,6.0,87.3,A,0,Not at risk,70-85%,20-30h,Eligible,B (secondary)
1473,10.7,76.6,10.0,89.9,A,0,Not at risk,70-85%,10-20h,Eligible,B (secondary)
1474,14.1,88.1,3.2,86.6,A,0,Not at risk,Above 85%,10-20h,Eligible,B (secondary)
1475,15.1,71.9,6.4,88.0,A,0,Not at risk,70-85%,10-20h,Eligible,B (secondary)
1476,9.5,93.9,2.2,63.3,C,0,Not at risk,Above 85%,Under 10h,Eligible,B (secondary)
1477,19.5,80.8,6.6,98.9,A,0,Not at risk,70-85%,10-20h,Eligible,B (secondary)
1478,14.2,81.4,4.0,87.0,A,0,Not at risk,70-85%,10-20h,Eligible,B (secondary)
1479,17.9,79.7,2.8,78.6,B,0,Not at risk,70-85%,10-20h,Eligible,B (secondary)
1480,8.8,87.3,8.3,78.2,B,0,Not at risk,Above 85%,Under 10h,Eligible,B (secondary)
1481,11.9,84.9,2.4,84.0,B,0,Not at risk,70-85%,10-20h,Eligible,B (secondary)
1482,20.1,100.0,7.0,88.7,A,0,Not at risk,Above 85%,20-30h,Eligible,B (secondary)
1483,12.4,91.1,9.1,92.6,A,0,Not at risk,Above 85%,10-20h,Eligible,B (secondary)
1484,27.1,68.4,2.6,100.0,A,0,Not at risk,50-70%,20-30h,Not eligible,B (secondary)
1485,12.2,77.8,4.4,79.3,B,0,Not at risk,70-85%,10-20h,Eligible,B (secondary)
1486,16.6,87.7,4.5,92.6,A,0,Not at risk,Above 85%,10-20h,Eligible,B (secondary)
1487,21.5,100.0,4.9,100.0,A,0,Not at risk,Above 85%,20-30h,Eligible,B (secondary)
1488,5.1,75.6,7.8,54.4,D,1,At risk,70-85%,Under 10h,Eligible,B (secondary)
1489,2.7,99.9,6.9,56.1,C,0,Not at risk,Above 85%,Under 10h,Eligible,B (secondary)
1490,4.3,73.1,6.8,54.7,D,1,At risk,70-85%,Under 10h,Eligible,B (secondary)
1491,23.8,89.7,4.4,100.0,A,0,Not at risk,Above 85%,20-30h,Eligible,B (secondary)
1492,11.1,91.4,6.3,100.0,A,0,Not at risk,Above 85%,10-20h,Eligible,B (secondary)
1493,32.9,91.6,4.8,100.0,A,0,Not at risk,Above 85%,Over 30h,Eligible,B (secondary)
1494,11.1,96.0,3.1,78.5,B,0,Not at risk,Above 85%,10-20h,Eligible,B (secondary)
1495,16.3,86.0,4.3,75.6,B,0,Not at risk,Above 85%,10-20h,Eligible,B (secondary)
1496,25.8,89.2,5.4,100.0,A,0,Not at risk,Above 85%,20-30h,Eligible,B (secondary)
1497,29.0,85.5,4.5,100.0,A,0,Not at risk,Above 85%,20-30h,Eligible,B (secondary)
1498,29.4,81.1,7.7,100.0,A,0,Not at risk,70-85%,20-30h,Eligible,B (secondary)
1499,23.5,96.0,1.5,100.0,A,0,Not at risk,Above 85%,20-30h,Eligible,B (secondary)
1500,22.2,74.0,5.7,100.0,A,0,Not at risk,70-85%,20-30h,Eligible,B (secondary)
1501,19.1,84.3,4.1,95.2,A,0,Not at risk,70-85%,10-20h,Eligible,B (secondary)
1502,20.4,80.5,5.6,100.0,A,0,Not at risk,70-85%,20-30h,Eligible,B (secondary)
1503,11.1,81.1,6.4,80.1,B,0,Not at risk,70-85%,10-20h,Eligible,B (secondary)
1504,9.3,70.3,8.5,77.7,B,0,Not at risk,70-85%,Under 10h,Eligible,B (secondary)
1505,15.0,74.3,3.5,98.3,A,0,Not at risk,70-85%,10-20h,Eligible,B (secondary)
1506,13.8,79.8,3.0,73.8,B,0,Not at risk,70-85%,10-20h,Eligible,B (secondary)
1507,11.8,86.8,5.5,50.6,D,1,At risk,Above 85%,10-20h,Eligible,B (secondary)
1508,19.9,78.5,5.5,100.0,A,0,Not at risk,70-85%,10-20h,Eligible,B (secondary)
1509,21.7,83.3,6.5,100.0,A,0,Not at risk,70-85%,20-30h,Eligible,B (secondary)
1510,15.6,80.6,5.7,100.0,A,0,Not at risk,70-85%,10-20h,Eligible,B (secondary)
1511,25.3,86.2,4.8,100.0,A,0,Not at risk,Above 85%,20-30h,Eligible,B (secondary)
1512,7.0,78.2,7.2,58.1,C,0,Not at risk,70-85%,Under 10h,Eligible,B (secondary)
1513,13.6,86.6,4.1,75.6,B,0,Not at risk,Above 85%,10-20h,Eligible,B (secondary)
1514,10.0,79.7,3.0,67.7,C,0,Not at risk,70-85%,Under 10h,Eligible,B (secondary)
1515,1.9,98.3,5.3,70.1,B,0,Not at risk,Above 85%,Under 10h,Eligible,B (secondary)
1516,14.4,94.3,7.7,98.3,A,0,Not at risk,Above 85%,10-20h,Eligible,B (secondary)
1517,14.1,82.2,4.4,85.3,A,0,Not at risk,70-85%,10-20h,Eligible,B (secondary)
1518,25.6,96.1,3.1,93.4,A,0,Not at risk,Above 85%,20-30h,Eligible,B (secondary)
1519,19.4,73.1,6.2,92.2,A,0,Not at risk,70-85%,10-20h,Eligible,B (secondary)
1520,7.8,91.0,9.2,77.8,B,0,Not at risk,Above 85%,Under 10h,Eligible,B (secondary)
1521,28.0,87.5,7.9,100.0,A,0,Not at risk,Above 85%,20-30h,Eligible,B (secondary)
1522,23.5,76.3,5.0,100.0,A,0,Not at risk,70-85%,20-30h,Eligible,B (secondary)
1523,19.1,89.2,2.1,98.6,A,0,Not at risk,Above 85%,10-20h,Eligible,B (secondary)
1524,13.4,87.3,8.2,96.9,A,0,Not at risk,Above 85%,10-20h,Eligible,B (secondary)
1525,8.3,100.0,5.7,75.4,B,0,Not at risk,Above 85%,Under 10h,Eligible,B (secondary)
1526,12.4,96.5,9.1,81.8,B,0,Not at risk,Above 85%,10-20h,Eligible,B (secondary)
1527,22.6,83.2,1.4,100.0,A,0,Not at risk,70-85%,20-30h,Eligible,B (secondary)
1528,28.2,99.1,5.5,100.0,A,0,Not at risk,Above 85%,20-30h,Eligible,B (secondary)
1529,25.8,70.0,9.7,100.0,A,0,Not at risk,50-70%,20-30h,Eligible,B (secondary)
1530,11.6,86.2,3.1,76.9,B,0,Not at risk,Above 85%,10-20h,Eligible,B (secondary)
1531,7.2,74.6,7.4,62.9,C,0,Not at risk,70-85%,Under 10h,Eligible,B (secondary)
1532,16.0,100.0,3.9,94.0,A,0,Not at risk,Above 85%,10-20h,Eligible,B (secondary)
1533,2.6,100.0,4.5,49.2,D,1,At risk,Above 85%,Under 10h,Eligible,B (secondary)
1534,17.3,81.9,6.0,89.7,A,0,Not at risk,70-85%,10-20h,Eligible,B (secondary)
1535,14.0,82.8,8.0,91.8,A,0,Not at risk,70-85%,10-20h,Eligible,B (secondary)
1536,11.7,81.3,4.4,89.8,A,0,Not at risk,70-85%,10-20h,Eligible,B (secondary)
1537,3.8,88.5,6.6,55.6,C,0,Not at risk,Above 85%,Under 10h,Eligible,B (secondary)
1538,18.6,72.4,9.5,98.7,A,0,Not at risk,70-85%,10-20h,Eligible,B (secondary)
1539,11.3,94.1,6.6,79.7,B,0,Not at risk,Above 85%,10-20h,Eligible,B (secondary)
1540,6.8,80.0,7.0,55.9,C,0,Not at risk,70-85%,Under 10h,Eligible,B (secondary)
1541,0.0,96.5,6.2,34.7,F,1,At risk,Above 85%,Under 10h,Eligible,B (secondary)
1542,14.8,73.9,1.6,100.0,A,0,Not at risk,70-85%,10-20h,Eligible,B (secondary)
1543,27.4,73.9,5.5,100.0,A,0,Not at risk,70-85%,20-30h,Eligible,B (secondary)
1544,26.6,96.1,6.9,100.0,A,0,Not at risk,Above 85%,20-30h,Eligible,B (secondary)
1545,11.8,98.8,10.0,91.8,A,0,Not at risk,Above 85%,10-20h,Eligible,B (secondary)
1546,10.8,80.2,5.3,89.2,A,0,Not at risk,70-85%,10-20h,Eligible,B (secondary)
1547,18.3,82.7,4.6,97.3,A,0,Not at risk,70-85%,10-20h,Eligible,B (secondary)
1548,8.0,83.5,6.6,68.9,C,0,Not at risk,70-85%,Under 10h,Eligible,B (secondary)
1549,17.1,93.2,10.0,90.9,A,0,Not at risk,Above 85%,10-20h,Eligible,B (secondary)
1550,20.4,84.9,4.2,96.1,A,0,Not at risk,70-85%,20-30h,Eligible,B (secondary)
1551,23.6,76.9,9.0,100.0,A,0,Not at risk,70-85%,20-30h,Eligible,B (secondary)
1552,14.3,87.3,6.4,79.0,B,0,Not at risk,Above 85%,10-20h,Eligible,B (secondary)
1553,13.6,98.4,2.6,87.7,A,0,Not at risk,Above 85%,10-20h,Eligible,B (secondary)
1554,8.9,93.2,9.2,64.1,C,0,Not at risk,Above 85%,Under 10h,Eligible,B (secondary)
1555,9.2,92.9,7.8,74.7,B,0,Not at risk,Above 85%,Under 10h,Eligible,B (secondary)
1556,13.4,83.3,6.4,95.3,A,0,Not at risk,70-85%,10-20h,Eligible,B (secondary)
1557,17.6,66.4,3.4,93.4,A,0,Not at risk,50-70%,10-20h,Not eligible,B (secondary)
1558,21.4,98.4,7.5,100.0,A,0,Not at risk,Above 85%,20-30h,Eligible,B (secondary)
1559,9.4,83.4,3.0,77.8,B,0,Not at risk,70-85%,Under 10h,Eligible,B (secondary)
1560,25.4,92.3,2.1,100.0,A,0,Not at risk,Above 85%,20-30h,Eligible,B (secondary)
1561,13.1,58.2,5.9,92.5,A,0,Not at risk,50-70%,10-20h,Not eligible,B (secondary)
1562,14.9,90.7,2.2,72.3,B,0,Not at risk,Above 85%,10-20h,Eligible,B (secondary)
1563,9.8,96.7,2.8,65.0,C,0,Not at risk,Above 85%,Under 10h,Eligible,B (secondary)
1564,0.0,81.6,7.2,46.6,D,1,At risk,70-85%,Under 10h,Eligible,B (secondary)
1565,21.2,79.2,9.2,100.0,A,0,Not at risk,70-85%,20-30h,Eligible,B (secondary)
1566,20.2,91.1,7.2,99.2,A,0,Not at risk,Above 85%,20-30h,Eligible,B (secondary)
1567,13.0,80.9,4.6,70.4,B,0,Not at risk,70-85%,10-20h,Eligible,B (secondary)
1568,15.5,70.1,4.8,89.6,A,0,Not at risk,70-85%,10-20h,Eligible,B (secondary)
1569,18.6,93.0,5.3,93.0,A,0,Not at risk,Above 85%,10-20h,Eligible,B (secondary)
1570,4.1,96.1,4.0,63.4,C,0,Not at risk,Above 85%,Under 10h,Eligible,B (secondary)
1571,11.3,96.4,5.2,93.2,A,0,Not at risk,Above 85%,10-20h,Eligible,B (secondary)
1572,20.6,93.5,8.0,95.4,A,0,Not at risk,Above 85%,20-30h,Eligible,B (secondary)
1573,6.2,86.6,4.2,78.6,B,0,Not at risk,Above 85%,Under 10h,Eligible,B (secondary)
1574,17.1,83.2,3.8,88.8,A,0,Not at risk,70-85%,10-20h,Eligible,B (secondary)
1575,5.5,91.4,1.6,63.2,C,0,Not at risk,Above 85%,Under 10h,Eligible,B (secondary)
1576,18.3,98.6,8.0,88.9,A,0,Not at risk,Above 85%,10-20h,Eligible,B (secondary)
1577,14.8,74.3,5.7,95.4,A,0,Not at risk,70-85%,10-20h,Eligible,B (secondary)
1578,3.7,77.0,6.5,48.8,D,1,At risk,70-85%,Under 10h,Eligible,B (secondary)
1579,23.2,80.2,6.2,90.8,A,0,Not at risk,70-85%,20-30h,Eligible,B (secondary)
1580,9.9,88.3,4.2,76.3,B,0,Not at risk,Above 85%,Under 10h,Eligible,B (secondary)
1581,9.3,84.5,6.7,77.2,B,0,Not at risk,70-85%,Under 10h,Eligible,B (secondary)
1582,16.4,94.6,8.1,94.9,A,0,Not at risk,Above 85%,10-20h,Eligible,B (secondary)
1583,23.0,88.6,5.2,77.5,B,0,Not at risk,Above 85%,20-30h,Eligible,B (secondary)
1584,7.9,69.6,6.5,78.6,B,0,Not at risk,50-70%,Under 10h,Not eligible,B (secondary)
1585,15.4,66.3,8.6,95.8,A,0,Not at risk,50-70%,10-20h,Not eligible,B (secondary)
1586,18.0,91.5,3.4,100.0,A,0,Not at risk,Above 85%,10-20h,Eligible,B (secondary)
1587,19.9,100.0,6.1,93.5,A,0,Not at risk,Above 85%,10-20h,Eligible,B (secondary)
1588,16.2,76.4,4.1,84.5,B,0,Not at risk,70-85%,10-20h,Eligible,B (secondary)
1589,12.4,90.8,8.7,82.6,B,0,Not at risk,Above 85%,10-20h,Eligible,B (secondary)
1590,9.2,84.7,3.1,71.5,B,0,Not at risk,70-85%,Under 10h,Eligible,B (secondary)
1591,15.6,100.0,2.8,93.1,A,0,Not at risk,Above 85%,10-20h,Eligible,B (secondary)
1592,7.5,86.0,6.3,80.2,B,0,Not at risk,Above 85%,Under 10h,Eligible,B (secondary)
1593,0.0,84.6,8.2,66.0,C,0,Not at risk,70-85%,Under 10h,Eligible,B (secondary)
1594,18.1,93.5,5.2,100.0,A,0,Not at risk,Above 85%,10-20h,Eligible,B (secondary)
1595,21.3,94.0,8.8,100.0,A,0,Not at risk,Above 85%,20-30h,Eligible,B (secondary)
1596,0.0,90.0,7.4,57.5,C,0,Not at risk,Above 85%,Under 10h,Eligible,B (secondary)
1597,7.9,98.5,3.6,49.0,D,1,At risk,Above 85%,Under 10h,Eligible,B (secondary)
1598,19.3,93.8,6.2,87.5,A,0,Not at risk,Above 85%,10-20h,Eligible,B (secondary)
1599,29.4,100.0,6.2,100.0,A,0,Not at risk,Above 85%,20-30h,Eligible,B (secondary)
1600,15.1,71.5,6.6,100.0,A,0,Not at risk,70-85%,10-20h,Eligible,B (secondary)
1601,9.9,74.8,8.6,66.3,C,0,Not at risk,70-85%,Under 10h,Eligible,B (secondary)
1602,13.7,86.5,7.6,63.6,C,0,Not at risk,Above 85%,10-20h,Eligible,B (secondary)
1603,24.6,72.5,7.5,100.0,A,0,Not at risk,70-85%,20-30h,Eligible,B (secondary)
1604,10.5,82.5,5.0,79.8,B,0,Not at risk,70-85%,10-20h,Eligible,B (secondary)
1605,9.4,79.1,5.6,80.7,B,0,Not at risk,70-85%,Under 10h,Eligible,B (secondary)
1606,11.6,88.6,6.0,79.8,B,0,Not at risk,Above 85%,10-20h,Eligible,B (secondary)
1607,8.3,78.8,6.1,50.1,D,1,At risk,70-85%,Under 10h,Eligible,B (secondary)
1608,15.9,78.5,6.5,78.4,B,0,Not at risk,70-85%,10-20h,Eligible,B (secondary)
1609,26.4,84.8,8.6,100.0,A,0,Not at risk,70-85%,20-30h,Eligible,B (secondary)
1610,17.3,86.7,6.0,96.1,A,0,Not at risk,Above 85%,10-20h,Eligible,B (secondary)
1611,13.2,63.8,9.8,74.0,B,0,Not at risk,50-70%,10-20h,Not eligible,B (secondary)
1612,13.0,92.8,6.7,84.9,B,0,Not at risk,Above 85%,10-20h,Eligible,B (secondary)
1613,4.1,85.3,8.9,75.9,B,0,Not at risk,Above 85%,Under 10h,Eligible,B (secondary)
1614,21.2,91.2,4.9,100.0,A,0,Not at risk,Above 85%,20-30h,Eligible,B (secondary)
1615,14.5,90.2,9.1,98.6,A,0,Not at risk,Above 85%,10-20h,Eligible,B (secondary)
1616,13.7,70.3,6.1,70.2,B,0,Not at risk,70-85%,10-20h,Eligible,B (secondary)
1617,37.4,81.5,0.0,100.0,A,0,Not at risk,70-85%,Over 30h,Eligible,B (secondary)
1618,17.1,84.6,3.6,92.4,A,0,Not at risk,70-85%,10-20h,Eligible,B (secondary)
1619,9.7,83.4,7.2,87.9,A,0,Not at risk,70-85%,Under 10h,Eligible,B (secondary)
1620,12.0,75.3,2.6,64.3,C,0,Not at risk,70-85%,10-20h,Eligible,B (secondary)
1621,23.0,74.3,5.0,100.0,A,0,Not at risk,70-85%,20-30h,Eligible,B (secondary)
1622,15.8,86.2,8.4,98.7,A,0,Not at risk,Above 85%,10-20h,Eligible,B (secondary)
1623,4.9,100.0,10.0,80.3,B,0,Not at risk,Above 85%,Under 10h,Eligible,B (secondary)
1624,21.4,75.7,7.8,100.0,A,0,Not at risk,70-85%,20-30h,Eligible,B (secondary)
1625,10.3,88.6,3.7,82.4,B,0,Not at risk,Above 85%,10-20h,Eligible,B (secondary)
1626,28.1,100.0,3.4,100.0,A,0,Not at risk,Above 85%,20-30h,Eligible,B (secondary)
1627,22.6,86.2,6.7,87.9,A,0,Not at risk,Above 85%,20-30h,Eligible,B (secondary)
1628,11.9,100.0,5.0,78.0,B,0,Not at risk,Above 85%,10-20h,Eligible,B (secondary)
1629,24.0,100.0,3.4,100.0,A,0,Not at risk,Above 85%,20-30h,Eligible,B (secondary)
1630,15.5,100.0,7.7,84.2,B,0,Not at risk,Above 85%,10-20h,Eligible,B (secondary)
1631,21.0,91.9,5.4,93.6,A,0,Not at risk,Above 85%,20-30h,Eligible,B (secondary)
1632,18.4,100.0,6.4,95.8,A,0,Not at risk,Above 85%,10-20h,Eligible,B (secondary)
1633,9.1,91.1,6.0,87.0,A,0,Not at risk,Above 85%,Under 10h,Eligible,B (secondary)
1634,10.5,98.7,5.2,63.9,C,0,Not at risk,Above 85%,10-20h,Eligible,B (secondary)
1635,22.2,81.1,8.1,93.1,A,0,Not at risk,70-85%,20-30h,Eligible,B (secondary)
1636,12.7,96.3,5.9,89.8,A,0,Not at risk,Above 85%,10-20h,Eligible,B (secondary)
1637,12.2,89.5,6.2,96.2,A,0,Not at risk,Above 85%,10-20h,Eligible,B (secondary)
1638,8.3,78.8,6.1,62.8,C,0,Not at risk,70-85%,Under 10h,Eligible,B (secondary)
1639,18.0,76.3,5.7,95.4,A,0,Not at risk,70-85%,10-20h,Eligible,B (secondary)
1640,29.4,89.0,9.0,100.0,A,0,Not at risk,Above 85%,20-30h,Eligible,B (secondary)
1641,7.5,97.4,7.9,74.1,B,0,Not at risk,Above 85%,Under 10h,Eligible,B (secondary)
1642,15.2,87.7,5.7,100.0,A,0,Not at risk,Above 85%,10-20h,Eligible,B (secondary)
1643,24.9,100.0,7.4,100.0,A,0,Not at risk,Above 85%,20-30h,Eligible,B (secondary)
1644,14.4,81.6,6.5,81.9,B,0,Not at risk,70-85%,10-20h,Eligible,B (secondary)
1645,18.2,79.3,4.4,100.0,A,0,Not at risk,70-85%,10-20h,Eligible,B (secondary)
1646,7.6,74.7,7.1,78.2,B,0,Not at risk,70-85%,Under 10h,Eligible,B (secondary)
1647,18.0,92.4,3.6,73.4,B,0,Not at risk,Above 85%,10-20h,Eligible,B (secondary)
1648,13.7,93.3,5.3,78.0,B,0,Not at risk,Above 85%,10-20h,Eligible,B (secondary)
1649,21.9,89.4,10.0,100.0,A,0,Not at risk,Above 85%,20-30h,Eligible,B (secondary)
1650,23.3,95.7,5.3,100.0,A,0,Not at risk,Above 85%,20-30h,Eligible,B (secondary)
1651,33.1,83.8,7.0,100.0,A,0,Not at risk,70-85%,Over 30h,Eligible,B (secondary)
1652,19.1,85.9,5.6,100.0,A,0,Not at risk,Above 85%,10-20h,Eligible,B (secondary)
1653,17.3,96.9,2.9,100.0,A,0,Not at risk,Above 85%,10-20h,Eligible,B (secondary)
1654,16.4,86.6,4.3,85.8,A,0,Not at risk,Above 85%,10-20h,Eligible,B (secondary)
1655,12.5,83.6,3.9,98.1,A,0,Not at risk,70-85%,10-20h,Eligible,B (secondary)
1656,17.4,72.5,5.8,96.9,A,0,Not at risk,70-85%,10-20h,Eligible,B (secondary)
1657,12.9,81.0,2.5,84.3,B,0,Not at risk,70-85%,10-20h,Eligible,B (secondary)
1658,16.2,81.5,4.2,100.0,A,0,Not at risk,70-85%,10-20h,Eligible,B (secondary)
1659,24.2,76.0,7.7,99.8,A,0,Not at risk,70-85%,20-30h,Eligible,B (secondary)
1660,8.0,93.1,7.1,69.8,C,0,Not at risk,Above 85%,Under 10h,Eligible,B (secondary)
1661,23.0,70.4,5.5,100.0,A,0,Not at risk,70-85%,20-30h,Eligible,B (secondary)
1662,24.2,95.8,5.6,100.0,A,0,Not at risk,Above 85%,20-30h,Eligible,B (secondary)
1663,14.2,77.0,6.5,82.6,B,0,Not at risk,70-85%,10-20h,Eligible,B (secondary)
1664,0.1,91.9,7.6,62.6,C,0,Not at risk,Above 85%,Under 10h,Eligible,B (secondary)
1665,10.7,80.2,2.5,85.9,A,0,Not at risk,70-85%,10-20h,Eligible,B (secondary)
1666,24.1,100.0,7.1,100.0,A,0,Not at risk,Above 85%,20-30h,Eligible,B (secondary)
1667,14.8,97.9,2.2,85.6,A,0,Not at risk,Above 85%,10-20h,Eligible,B (secondary)
1668,8.0,87.4,4.5,82.8,B,0,Not at risk,Above 85%,Under 10h,Eligible,B (secondary)
1669,11.5,100.0,7.2,53.6,D,1,At risk,Above 85%,10-20h,Eligible,B (secondary)
1670,20.9,94.1,1.4,100.0,A,0,Not at risk,Above 85%,20-30h,Eligible,B (secondary)
1671,18.8,92.9,5.4,89.9,A,0,Not at risk,Above 85%,10-20h,Eligible,B (secondary)
1672,13.3,98.6,5.2,98.3,A,0,Not at risk,Above 85%,10-20h,Eligible,B (secondary)
1673,12.4,54.1,6.8,83.9,B,0,Not at risk,50-70%,10-20h,Not eligible,B (secondary)
1674,12.3,90.9,4.6,71.7,B,0,Not at risk,Above 85%,10-20h,Eligible,B (secondary)
1675,8.5,88.7,4.2,61.4,C,0,Not at risk,Above 85%,Under 10h,Eligible,B (secondary)
1676,26.3,97.3,2.1,100.0,A,0,Not at risk,Above 85%,20-30h,Eligible,B (secondary)
1677,12.7,77.8,6.4,95.8,A,0,Not at risk,70-85%,10-20h,Eligible,B (secondary)
1678,23.5,86.6,7.7,100.0,A,0,Not at risk,Above 85%,20-30h,Eligible,B (secondary)
1679,25.6,90.8,9.2,100.0,A,0,Not at risk,Above 85%,20-30h,Eligible,B (secondary)
1680,22.0,68.6,8.3,100.0,A,0,Not at risk,50-70%,20-30h,Not eligible,B (secondary)
1681,12.0,90.8,4.6,85.4,A,0,Not at risk,Above 85%,10-20h,Eligible,B (secondary)
1682,17.8,70.8,5.6,99.5,A,0,Not at risk,70-85%,10-20h,Eligible,B (secondary)
1683,14.8,100.0,5.8,100.0,A,0,Not at risk,Above 85%,10-20h,Eligible,B (secondary)
1684,8.7,85.8,6.8,50.4,D,1,At risk,Above 85%,Under 10h,Eligible,B (secondary)
1685,17.3,69.7,8.2,95.4,A,0,Not at risk,50-70%,10-20h,Not eligible,B (secondary)
1686,6.7,86.2,7.1,73.6,B,0,Not at risk,Above 85%,Under 10h,Eligible,B (secondary)
1687,23.3,90.6,4.1,100.0,A,0,Not at risk,Above 85%,20-30h,Eligible,B (secondary)
1688,11.7,90.7,5.3,85.8,A,0,Not at risk,Above 85%,10-20h,Eligible,B (secondary)
1689,16.4,83.4,5.1,85.3,A,0,Not at risk,70-85%,10-20h,Eligible,B (secondary)
1690,17.0,64.4,8.5,97.8,A,0,Not at risk,50-70%,10-20h,Not eligible,B (secondary)
1691,13.2,73.0,6.7,77.4,B,0,Not at risk,70-85%,10-20h,Eligible,B (secondary)
1692,19.1,89.7,10.0,81.3,B,0,Not at risk,Above 85%,10-20h,Eligible,B (secondary)
1693,11.7,84.4,5.1,72.3,B,0,Not at risk,70-85%,10-20h,Eligible,B (secondary)
1694,21.1,75.8,4.3,83.8,B,0,Not at risk,70-85%,20-30h,Eligible,B (secondary)
1695,5.6,80.4,7.4,74.8,B,0,Not at risk,70-85%,Under 10h,Eligible,B (secondary)
1696,15.9,84.2,5.6,100.0,A,0,Not at risk,70-85%,10-20h,Eligible,B (secondary)
1697,28.6,80.6,7.1,100.0,A,0,Not at risk,70-85%,20-30h,Eligible,B (secondary)
1698,8.0,60.6,4.7,60.5,C,0,Not at risk,50-70%,Under 10h,Not eligible,B (secondary)
1699,10.3,71.1,8.9,78.6,B,0,Not at risk,70-85%,10-20h,Eligible,B (secondary)
1700,18.6,79.3,2.9,98.8,A,0,Not at risk,70-85%,10-20h,Eligible,B (secondary)
1701,16.3,85.5,4.6,100.0,A,0,Not at risk,Above 85%,10-20h,Eligible,B (secondary)
1702,17.5,78.7,5.8,100.0,A,0,Not at risk,70-85%,10-20h,Eligible,B (secondary)
1703,18.4,87.0,4.8,100.0,A,0,Not at risk,Above 85%,10-20h,Eligible,B (secondary)
1704,19.4,93.9,5.2,100.0,A,0,Not at risk,Above 85%,10-20h,Eligible,B (secondary)
1705,22.8,100.0,8.5,96.8,A,0,Not at risk,Above 85%,20-30h,Eligible,B (secondary)
1706,17.9,78.2,4.7,95.4,A,0,Not at risk,70-85%,10-20h,Eligible,B (secondary)
1707,13.3,100.0,4.4,75.8,B,0,Not at risk,Above 85%,10-20h,Eligible,B (secondary)
1708,19.7,77.3,4.0,100.0,A,0,Not at risk,70-85%,10-20h,Eligible,B (secondary)
1709,28.3,90.9,6.0,100.0,A,0,Not at risk,Above 85%,20-30h,Eligible,B (secondary)
1710,14.1,90.5,6.9,76.3,B,0,Not at risk,Above 85%,10-20h,Eligible,B (secondary)
1711,8.2,85.4,8.7,63.1,C,0,Not at risk,Above 85%,Under 10h,Eligible,B (secondary)
1712,22.7,75.3,6.3,100.0,A,0,Not at risk,70-85%,20-30h,Eligible,B (secondary)
1713,14.2,78.3,6.7,79.8,B,0,Not at risk,70-85%,10-20h,Eligible,B (secondary)
1714,0.0,96.4,6.8,53.8,D,1,At risk,Above 85%,Under 10h,Eligible,B (secondary)
1715,20.9,95.2,3.0,100.0,A,0,Not at risk,Above 85%,20-30h,Eligible,B (secondary)
1716,11.3,81.3,5.6,85.2,A,0,Not at risk,70-85%,10-20h,Eligible,B (secondary)
1717,14.4,75.6,5.6,87.0,A,0,Not at risk,70-85%,10-20h,Eligible,B (secondary)
1718,17.3,85.7,8.3,91.0,A,0,Not at risk,Above 85%,10-20h,Eligible,B (secondary)
1719,16.3,94.2,4.6,89.7,A,0,Not at risk,Above 85%,10-20h,Eligible,B (secondary)
1720,20.0,67.3,7.6,99.4,A,0,Not at risk,50-70%,10-20h,Not eligible,B (secondary)
1721,12.0,91.6,4.6,87.3,A,0,Not at risk,Above 85%,10-20h,Eligible,B (secondary)
1722,18.6,83.2,7.7,97.1,A,0,Not at risk,70-85%,10-20h,Eligible,B (secondary)
1723,13.2,100.0,6.4,87.7,A,0,Not at risk,Above 85%,10-20h,Eligible,B (secondary)
1724,20.2,75.4,5.6,100.0,A,0,Not at risk,70-85%,20-30h,Eligible,B (secondary)
1725,19.3,79.0,5.8,100.0,A,0,Not at risk,70-85%,10-20h,Eligible,B (secondary)
1726,8.5,87.3,5.3,86.8,A,0,Not at risk,Above 85%,Under 10h,Eligible,B (secondary)
1727,22.6,84.8,7.3,98.3,A,0,Not at risk,70-85%,20-30h,Eligible,B (secondary)
1728,11.2,87.5,8.2,91.0,A,0,Not at risk,Above 85%,10-20h,Eligible,B (secondary)
1729,20.7,94.1,6.2,99.9,A,0,Not at risk,Above 85%,20-30h,Eligible,B (secondary)
1730,17.6,90.8,7.2,92.6,A,0,Not at risk,Above 85%,10-20h,Eligible,B (secondary)
1731,27.9,76.9,4.1,100.0,A,0,Not at risk,70-85%,20-30h,Eligible,B (secondary)
1732,13.4,79.5,8.6,87.7,A,0,Not at risk,70-85%,10-20h,Eligible,B (secondary)
1733,12.6,92.8,4.8,82.4,B,0,Not at risk,Above 85%,10-20h,Eligible,B (secondary)
1734,14.9,83.5,7.1,92.5,A,0,Not at risk,70-85%,10-20h,Eligible,B (secondary)
1735,12.9,91.3,5.6,90.2,A,0,Not at risk,Above 85%,10-20h,Eligible,B (secondary)
1736,20.6,70.8,4.9,96.1,A,0,Not at risk,70-85%,20-30h,Eligible,B (secondary)
1737,3.7,79.8,4.7,57.1,C,0,Not at risk,70-85%,Under 10h,Eligible,B (secondary)
1738,7.6,100.0,4.4,65.2,C,0,Not at risk,Above 85%,Under 10h,Eligible,B (secondary)
1739,7.5,76.5,4.8,74.1,B,0,Not at risk,70-85%,Under 10h,Eligible,B (secondary)
1740,21.7,75.5,6.3,100.0,A,0,Not at risk,70-85%,20-30h,Eligible,B (secondary)
1741,27.0,82.3,4.8,100.0,A,0,Not at risk,70-85%,20-30h,Eligible,B (secondary)
1742,14.3,87.6,2.7,94.7,A,0,Not at risk,Above 85%,10-20h,Eligible,B (secondary)
1743,13.8,88.2,9.7,68.8,C,0,Not at risk,Above 85%,10-20h,Eligible,B (secondary)
1744,15.5,92.9,6.7,83.1,B,0,Not at risk,Above 85%,10-20h,Eligible,B (secondary)
1745,23.1,72.5,8.3,96.1,A,0,Not at risk,70-85%,20-30h,Eligible,B (secondary)
1746,8.5,73.4,3.6,63.0,C,0,Not at risk,70-85%,Under 10h,Eligible,B (secondary)
1747,16.7,75.5,6.6,91.6,A,0,Not at risk,70-85%,10-20h,Eligible,B (secondary)
1748,21.8,91.5,6.5,100.0,A,0,Not at risk,Above 85%,20-30h,Eligible,B (secondary)
1749,18.5,77.0,7.3,87.0,A,0,Not at risk,70-85%,10-20h,Eligible,B (secondary)
1750,16.3,95.0,6.5,91.5,A,0,Not at risk,Above 85%,10-20h,Eligible,B (secondary)
1751,22.0,67.2,9.4,99.2,A,0,Not at risk,50-70%,20-30h,Not eligible,B (secondary)
1752,0.0,89.0,6.1,60.7,C,0,Not at risk,Above 85%,Under 10h,Eligible,B (secondary)
1753,19.7,84.5,6.8,100.0,A,0,Not at risk,70-85%,10-20h,Eligible,B (secondary)
1754,10.4,98.1,6.5,87.8,A,0,Not at risk,Above 85%,10-20h,Eligible,B (secondary)
1755,2.2,95.2,5.0,52.6,D,1,At risk,Above 85%,Under 10h,Eligible,B (secondary)
1756,18.6,89.1,5.0,81.3,B,0,Not at risk,Above 85%,10-20h,Eligible,B (secondary)
1757,24.6,100.0,7.1,100.0,A,0,Not at risk,Above 85%,20-30h,Eligible,B (secondary)
1758,14.0,86.1,4.9,100.0,A,0,Not at risk,Above 85%,10-20h,Eligible,B (secondary)
1759,21.7,95.7,7.7,97.4,A,0,Not at risk,Above 85%,20-30h,Eligible,B (secondary)
1760,26.3,82.3,5.9,100.0,A,0,Not at risk,70-85%,20-30h,Eligible,B (secondary)
1761,24.2,91.9,6.3,100.0,A,0,Not at risk,Above 85%,20-30h,Eligible,B (secondary)
1762,26.5,74.2,4.7,100.0,A,0,Not at risk,70-85%,20-30h,Eligible,B (secondary)
1763,20.2,80.6,5.0,100.0,A,0,Not at risk,70-85%,20-30h,Eligible,B (secondary)
1764,15.5,82.4,9.2,97.8,A,0,Not at risk,70-85%,10-20h,Eligible,B (secondary)
1765,3.8,74.1,8.9,49.3,D,1,At risk,70-85%,Under 10h,Eligible,B (secondary)
1766,13.3,73.5,4.0,93.1,A,0,Not at risk,70-85%,10-20h,Eligible,B (secondary)
1767,9.1,75.5,5.4,44.6,D,1,At risk,70-85%,Under 10h,Eligible,B (secondary)
1768,30.2,82.7,8.6,100.0,A,0,Not at risk,70-85%,Over 30h,Eligible,B (secondary)
1769,13.8,100.0,5.3,96.9,A,0,Not at risk,Above 85%,10-20h,Eligible,B (secondary)
1770,15.9,88.6,0.0,100.0,A,0,Not at risk,Above 85%,10-20h,Eligible,B (secondary)
1771,18.9,93.9,3.4,100.0,A,0,Not at risk,Above 85%,10-20h,Eligible,B (secondary)
1772,15.3,84.0,5.7,89.0,A,0,Not at risk,70-85%,10-20h,Eligible,B (secondary)
1773,26.9,98.0,5.2,100.0,A,0,Not at risk,Above 85%,20-30h,Eligible,B (secondary)
1774,10.6,93.7,7.3,73.5,B,0,Not at risk,Above 85%,10-20h,Eligible,B (secondary)
1775,16.4,76.6,3.9,76.9,B,0,Not at risk,70-85%,10-20h,Eligible,B (secondary)
1776,9.8,86.9,9.6,65.5,C,0,Not at risk,Above 85%,Under 10h,Eligible,B (secondary)
1777,5.8,79.0,8.5,58.8,C,0,Not at risk,70-85%,Under 10h,Eligible,B (secondary)
1778,10.7,95.6,8.2,80.2,B,0,Not at risk,Above 85%,10-20h,Eligible,B (secondary)
1779,14.7,77.1,6.9,84.3,B,0,Not at risk,70-85%,10-20h,Eligible,B (secondary)
1780,12.0,90.2,7.3,64.5,C,0,Not at risk,Above 85%,10-20h,Eligible,B (secondary)
1781,10.2,88.0,8.9,66.3,C,0,Not at risk,Above 85%,10-20h,Eligible,B (secondary)
1782,5.2,91.5,4.6,56.0,C,0,Not at risk,Above 85%,Under 10h,Eligible,B (secondary)
1783,14.4,90.9,4.6,79.5,B,0,Not at risk,Above 85%,10-20h,Eligible,B (secondary)
1784,4.5,100.0,5.7,40.7,D,1,At risk,Above 85%,Under 10h,Eligible,B (secondary)
1785,20.3,85.2,6.2,73.2,B,0,Not at risk,Above 85%,20-30h,Eligible,B (secondary)
1786,15.6,79.0,6.6,83.1,B,0,Not at risk,70-85%,10-20h,Eligible,B (secondary)
1787,4.8,81.4,7.1,63.0,C,0,Not at risk,70-85%,Under 10h,Eligible,B (secondary)
1788,12.8,79.9,6.0,82.9,B,0,Not at risk,70-85%,10-20h,Eligible,B (secondary)
1789,9.7,72.4,7.9,76.4,B,0,Not at risk,70-85%,Under 10h,Eligible,B (secondary)
1790,17.2,88.7,6.6,98.8,A,0,Not at risk,Above 85%,10-20h,Eligible,B (secondary)
1791,24.4,70.3,4.8,100.0,A,0,Not at risk,70-85%,20-30h,Eligible,B (secondary)
1792,1.9,95.8,4.3,65.2,C,0,Not at risk,Above 85%,Under 10h,Eligible,B (secondary)
1793,15.8,87.0,6.5,71.0,B,0,Not at risk,Above 85%,10-20h,Eligible,B (secondary)
1794,13.9,84.6,4.6,92.8,A,0,Not at risk,70-85%,10-20h,Eligible,B (secondary)
1795,19.7,93.1,5.9,100.0,A,0,Not at risk,Above 85%,10-20h,Eligible,B (secondary)
1796,16.5,67.3,9.8,97.8,A,0,Not at risk,50-70%,10-20h,Not eligible,B (secondary)
1797,9.7,74.4,6.2,53.1,D,1,At risk,70-85%,Under 10h,Eligible,B (secondary)
1798,12.8,77.3,4.3,83.7,B,0,Not at risk,70-85%,10-20h,Eligible,B (secondary)
1799,9.4,72.9,3.8,79.4,B,0,Not at risk,70-85%,Under 10h,Eligible,B (secondary)
1800,22.5,98.7,8.7,94.7,A,0,Not at risk,Above 85%,20-30h,Eligible,B (secondary)
1801,15.1,88.1,6.1,90.5,A,0,Not at risk,Above 85%,10-20h,Eligible,B (secondary)
1802,28.3,81.9,8.6,100.0,A,0,Not at risk,70-85%,20-30h,Eligible,B (secondary)
1803,14.6,80.0,4.5,88.4,A,0,Not at risk,70-85%,10-20h,Eligible,B (secondary)
1804,10.0,100.0,5.8,61.9,C,0,Not at risk,Above 85%,Under 10h,Eligible,B (secondary)
1805,4.4,78.7,9.5,61.3,C,0,Not at risk,70-85%,Under 10h,Eligible,B (secondary)
1806,2.4,84.3,7.8,60.9,C,0,Not at risk,70-85%,Under 10h,Eligible,B (secondary)
1807,3.9,86.4,10.0,57.8,C,0,Not at risk,Above 85%,Under 10h,Eligible,B (secondary)
1808,16.9,74.5,3.9,99.1,A,0,Not at risk,70-85%,10-20h,Eligible,B (secondary)
1809,18.6,84.5,2.0,93.9,A,0,Not at risk,70-85%,10-20h,Eligible,B (secondary)
1810,3.9,79.3,5.4,65.6,C,0,Not at risk,70-85%,Under 10h,Eligible,B (secondary)
1811,21.3,89.9,5.8,95.5,A,0,Not at risk,Above 85%,20-30h,Eligible,B (secondary)
1812,11.6,98.8,8.6,78.7,B,0,Not at risk,Above 85%,10-20h,Eligible,B (secondary)
1813,16.0,86.7,3.3,100.0,A,0,Not at risk,Above 85%,10-20h,Eligible,B (secondary)
1814,26.3,81.8,8.2,100.0,A,0,Not at risk,70-85%,20-30h,Eligible,B (secondary)
1815,21.3,84.6,6.0,100.0,A,0,Not at risk,70-85%,20-30h,Eligible,B (secondary)
1816,13.1,85.4,5.7,96.6,A,0,Not at risk,Above 85%,10-20h,Eligible,B (secondary)
1817,8.8,100.0,7.3,76.9,B,0,Not at risk,Above 85%,Under 10h,Eligible,B (secondary)
1818,0.0,81.5,5.6,36.6,F,1,At risk,70-85%,Under 10h,Eligible,B (secondary)
1819,10.0,96.0,7.8,87.1,A,0,Not at risk,Above 85%,Under 10h,Eligible,B (secondary)
1820,13.5,78.5,8.3,89.1,A,0,Not at risk,70-85%,10-20h,Eligible,B (secondary)
1821,8.1,79.3,5.4,77.6,B,0,Not at risk,70-85%,Under 10h,Eligible,B (secondary)
1822,14.1,86.8,8.2,88.1,A,0,Not at risk,Above 85%,10-20h,Eligible,B (secondary)
1823,15.5,80.9,5.4,86.5,A,0,Not at risk,70-85%,10-20h,Eligible,B (secondary)
1824,13.4,100.0,6.0,91.3,A,0,Not at risk,Above 85%,10-20h,Eligible,B (secondary)
1825,10.4,87.7,6.0,74.6,B,0,Not at risk,Above 85%,10-20h,Eligible,B (secondary)
1826,16.2,83.0,6.7,85.4,A,0,Not at risk,70-85%,10-20h,Eligible,B (secondary)
1827,18.1,74.5,0.4,100.0,A,0,Not at risk,70-85%,10-20h,Eligible,B (secondary)
1828,7.4,90.6,2.9,85.7,A,0,Not at risk,Above 85%,Under 10h,Eligible,B (secondary)
1829,24.9,74.3,7.6,100.0,A,0,Not at risk,70-85%,20-30h,Eligible,B (secondary)
1830,14.3,86.8,5.9,81.4,B,0,Not at risk,Above 85%,10-20h,Eligible,B (secondary)
1831,15.1,78.4,2.7,86.3,A,0,Not at risk,70-85%,10-20h,Eligible,B (secondary)
1832,20.0,82.1,8.4,88.7,A,0,Not at risk,70-85%,10-20h,Eligible,B (secondary)
1833,16.6,71.8,6.2,88.8,A,0,Not at risk,70-85%,10-20h,Eligible,B (secondary)
1834,21.7,79.6,8.7,99.2,A,0,Not at risk,70-85%,20-30h,Eligible,B (secondary)
1835,17.0,83.6,4.3,100.0,A,0,Not at risk,70-85%,10-20h,Eligible,B (secondary)
1836,10.7,79.5,2.9,90.3,A,0,Not at risk,70-85%,10-20h,Eligible,B (secondary)
1837,17.5,74.1,5.7,100.0,A,0,Not at risk,70-85%,10-20h,Eligible,B (secondary)
1838,7.0,87.2,5.6,62.5,C,0,Not at risk,Above 85%,Under 10h,Eligible,B (secondary)
1839,15.8,90.9,3.8,100.0,A,0,Not at risk,Above 85%,10-20h,Eligible,B (secondary)
1840,14.8,85.1,4.9,72.7,B,0,Not at risk,Above 85%,10-20h,Eligible,B (secondary)
1841,13.5,83.9,7.5,77.2,B,0,Not at risk,70-85%,10-20h,Eligible,B (secondary)
1842,14.1,93.0,10.0,87.2,A,0,Not at risk,Above 85%,10-20h,Eligible,B (secondary)
1843,1.8,100.0,1.5,55.9,C,0,Not at risk,Above 85%,Under 10h,Eligible,B (secondary)
1844,11.2,77.5,6.3,77.5,B,0,Not at risk,70-85%,10-20h,Eligible,B (secondary)
1845,15.6,80.8,6.6,96.1,A,0,Not at risk,70-85%,10-20h,Eligible,B (secondary)
1846,16.1,73.7,6.1,94.3,A,0,Not at risk,70-85%,10-20h,Eligible,B (secondary)
1847,7.8,80.9,5.6,71.7,B,0,Not at risk,70-85%,Under 10h,Eligible,B (secondary)
1848,23.9,86.4,3.7,100.0,A,0,Not at risk,Above 85%,20-30h,Eligible,B (secondary)
1849,8.9,74.5,9.1,74.1,B,0,Not at risk,70-85%,Under 10h,Eligible,B (secondary)
1850,21.8,86.8,3.4,100.0,A,0,Not at risk,Above 85%,20-30h,Eligible,B (secondary)
1851,18.0,79.1,2.4,100.0,A,0,Not at risk,70-85%,10-20h,Eligible,B (secondary)
1852,10.5,67.7,8.2,79.0,B,0,Not at risk,50-70%,10-20h,Not eligible,B (secondary)
1853,27.4,96.8,5.6,100.0,A,0,Not at risk,Above 85%,20-30h,Eligible,B (secondary)
1854,6.6,82.3,6.5,63.0,C,0,Not at risk,70-85%,Under 10h,Eligible,B (secondary)
1855,21.4,80.9,6.3,100.0,A,0,Not at risk,70-85%,20-30h,Eligible,B (secondary)
1856,22.0,80.1,7.1,100.0,A,0,Not at risk,70-85%,20-30h,Eligible,B (secondary)
1857,10.3,81.4,8.1,73.4,B,0,Not at risk,70-85%,10-20h,Eligible,B (secondary)
1858,24.7,80.7,1.2,100.0,A,0,Not at risk,70-85%,20-30h,Eligible,B (secondary)
1859,13.2,88.4,3.4,99.1,A,0,Not at risk,Above 85%,10-20h,Eligible,B (secondary)
1860,17.0,82.5,6.2,98.7,A,0,Not at risk,70-85%,10-20h,Eligible,B (secondary)
1861,16.8,77.7,9.3,98.0,A,0,Not at risk,70-85%,10-20h,Eligible,B (secondary)
1862,14.1,87.7,8.9,89.4,A,0,Not at risk,Above 85%,10-20h,Eligible,B (secondary)
1863,20.7,80.2,5.7,100.0,A,0,Not at risk,70-85%,20-30h,Eligible,B (secondary)
1864,20.6,95.9,6.9,100.0,A,0,Not at risk,Above 85%,20-30h,Eligible,B (secondary)
1865,2.8,100.0,6.2,71.7,B,0,Not at risk,Above 85%,Under 10h,Eligible,B (secondary)
1866,24.1,88.3,4.5,100.0,A,0,Not at risk,Above 85%,20-30h,Eligible,B (secondary)
1867,3.4,62.3,9.0,79.5,B,0,Not at risk,50-70%,Under 10h,Not eligible,B (secondary)
1868,22.2,100.0,6.1,96.4,A,0,Not at risk,Above 85%,20-30h,Eligible,B (secondary)
1869,22.9,99.8,4.7,100.0,A,0,Not at risk,Above 85%,20-30h,Eligible,B (secondary)
1870,7.4,93.1,5.7,75.0,B,0,Not at risk,Above 85%,Under 10h,Eligible,B (secondary)
1871,12.1,91.6,5.7,100.0,A,0,Not at risk,Above 85%,10-20h,Eligible,B (secondary)
1872,7.3,84.6,5.5,66.4,C,0,Not at risk,70-85%,Under 10h,Eligible,B (secondary)
1873,13.5,83.4,8.8,73.8,B,0,Not at risk,70-85%,10-20h,Eligible,B (secondary)
1874,12.8,96.2,8.4,77.0,B,0,Not at risk,Above 85%,10-20h,Eligible,B (secondary)
1875,20.5,89.0,8.2,100.0,A,0,Not at risk,Above 85%,20-30h,Eligible,B (secondary)
1876,24.2,89.7,7.7,100.0,A,0,Not at risk,Above 85%,20-30h,Eligible,B (secondary)
1877,24.8,73.7,3.3,100.0,A,0,Not at risk,70-85%,20-30h,Eligible,B (secondary)
1878,11.1,91.9,7.2,71.7,B,0,Not at risk,Above 85%,10-20h,Eligible,B (secondary)
1879,13.5,82.3,5.3,78.5,B,0,Not at risk,70-85%,10-20h,Eligible,B (secondary)
1880,3.2,87.9,4.6,89.1,A,0,Not at risk,Above 85%,Under 10h,Eligible,B (secondary)
1881,9.4,85.2,7.4,71.6,B,0,Not at risk,Above 85%,Under 10h,Eligible,B (secondary)
1882,21.8,83.8,3.0,96.4,A,0,Not at risk,70-85%,20-30h,Eligible,B (secondary)
1883,26.3,73.9,6.4,100.0,A,0,Not at risk,70-85%,20-30h,Eligible,B (secondary)
1884,6.4,82.7,5.2,63.2,C,0,Not at risk,70-85%,Under 10h,Eligible,B (secondary)
1885,10.9,97.3,6.8,57.2,C,0,Not at risk,Above 85%,10-20h,Eligible,B (secondary)
1886,14.8,87.0,5.6,88.0,A,0,Not at risk,Above 85%,10-20h,Eligible,B (secondary)
1887,17.0,92.7,7.7,90.5,A,0,Not at risk,Above 85%,10-20h,Eligible,B (secondary)
1888,9.3,93.5,7.1,74.3,B,0,Not at risk,Above 85%,Under 10h,Eligible,B (secondary)
1889,18.0,82.5,5.7,86.1,A,0,Not at risk,70-85%,10-20h,Eligible,B (secondary)
1890,11.7,66.2,4.8,86.1,A,0,Not at risk,50-70%,10-20h,Not eligible,B (secondary)
1891,14.9,90.9,6.8,88.6,A,0,Not at risk,Above 85%,10-20h,Eligible,B (secondary)
1892,18.8,84.2,6.9,89.0,A,0,Not at risk,70-85%,10-20h,Eligible,B (secondary)
1893,15.0,80.8,4.2,100.0,A,0,Not at risk,70-85%,10-20h,Eligible,B (secondary)
1894,11.9,96.8,6.7,67.3,C,0,Not at risk,Above 85%,10-20h,Eligible,B (secondary)
1895,14.2,80.2,5.4,79.2,B,0,Not at risk,70-85%,10-20h,Eligible,B (secondary)
1896,14.4,91.6,7.8,97.2,A,0,Not at risk,Above 85%,10-20h,Eligible,B (secondary)
1897,12.4,80.8,3.3,82.9,B,0,Not at risk,70-85%,10-20h,Eligible,B (secondary)
1898,13.2,91.3,5.6,69.6,C,0,Not at risk,Above 85%,10-20h,Eligible,B (secondary)
1899,26.2,89.7,6.9,100.0,A,0,Not at risk,Above 85%,20-30h,Eligible,B (secondary)
1900,18.9,87.0,4.1,100.0,A,0,Not at risk,Above 85%,10-20h,Eligible,B (secondary)
1901,12.9,84.7,7.7,81.9,B,0,Not at risk,70-85%,10-20h,Eligible,B (secondary)
1902,19.9,84.6,8.0,100.0,A,0,Not at risk,70-85%,10-20h,Eligible,B (secondary)
1903,12.7,100.0,5.9,95.5,A,0,Not at risk,Above 85%,10-20h,Eligible,B (secondary)
1904,23.2,80.7,6.0,97.5,A,0,Not at risk,70-85%,20-30h,Eligible,B (secondary)
1905,17.6,63.4,5.4,77.8,B,0,Not at risk,50-70%,10-20h,Not eligible,B (secondary)
1906,14.2,77.6,7.7,99.0,A,0,Not at risk,70-85%,10-20h,Eligible,B (secondary)
1907,18.1,72.0,9.7,87.4,A,0,Not at risk,70-85%,10-20h,Eligible,B (secondary)
1908,4.0,94.2,3.1,59.3,C,0,Not at risk,Above 85%,Under 10h,Eligible,B (secondary)
1909,7.1,88.8,6.8,86.8,A,0,Not at risk,Above 85%,Under 10h,Eligible,B (secondary)
1910,6.6,86.7,5.0,63.8,C,0,Not at risk,Above 85%,Under 10h,Eligible,B (secondary)
1911,16.0,90.4,5.7,100.0,A,0,Not at risk,Above 85%,10-20h,Eligible,B (secondary)
1912,27.1,96.5,7.2,100.0,A,0,Not at risk,Above 85%,20-30h,Eligible,B (secondary)
1913,30.6,81.1,3.2,100.0,A,0,Not at risk,70-85%,Over 30h,Eligible,B (secondary)
1914,19.5,78.9,7.2,100.0,A,0,Not at risk,70-85%,10-20h,Eligible,B (secondary)
1915,18.5,77.0,8.4,100.0,A,0,Not at risk,70-85%,10-20h,Eligible,B (secondary)
1916,2.4,100.0,6.1,42.2,D,1,At risk,Above 85%,Under 10h,Eligible,B (secondary)
1917,11.2,88.2,5.0,84.9,B,0,Not at risk,Above 85%,10-20h,Eligible,B (secondary)
1918,9.5,83.7,2.3,66.0,C,0,Not at risk,70-85%,Under 10h,Eligible,B (secondary)
1919,10.7,92.3,6.2,63.8,C,0,Not at risk,Above 85%,10-20h,Eligible,B (secondary)
1920,13.8,64.7,6.8,76.1,B,0,Not at risk,50-70%,10-20h,Not eligible,B (secondary)
1921,11.7,82.7,5.5,84.8,B,0,Not at risk,70-85%,10-20h,Eligible,B (secondary)
1922,1.1,100.0,4.9,62.5,C,0,Not at risk,Above 85%,Under 10h,Eligible,B (secondary)
1923,20.2,89.9,2.5,88.8,A,0,Not at risk,Above 85%,20-30h,Eligible,B (secondary)
1924,7.5,81.2,5.5,88.8,A,0,Not at risk,70-85%,Under 10h,Eligible,B (secondary)
1925,16.7,68.4,5.3,73.8,B,0,Not at risk,50-70%,10-20h,Not eligible,B (secondary)
1926,29.5,91.7,5.5,100.0,A,0,Not at risk,Above 85%,20-30h,Eligible,B (secondary)
1927,8.6,83.0,4.0,82.4,B,0,Not at risk,70-85%,Under 10h,Eligible,B (secondary)
1928,0.0,73.1,4.8,59.2,C,0,Not at risk,70-85%,Under 10h,Eligible,B (secondary)
1929,13.0,70.0,5.1,76.7,B,0,Not at risk,50-70%,10-20h,Eligible,B (secondary)
1930,22.7,84.0,7.4,99.5,A,0,Not at risk,70-85%,20-30h,Eligible,B (secondary)
1931,28.7,68.5,5.4,100.0,A,0,Not at risk,50-70%,20-30h,Not eligible,B (secondary)
1932,6.4,70.8,7.2,69.9,C,0,Not at risk,70-85%,Under 10h,Eligible,B (secondary)
1933,18.5,84.0,5.3,93.4,A,0,Not at risk,70-85%,10-20h,Eligible,B (secondary)
1934,11.7,87.0,5.0,60.1,C,0,Not at risk,Above 85%,10-20h,Eligible,B (secondary)
1935,14.3,67.8,4.8,76.4,B,0,Not at risk,50-70%,10-20h,Not eligible,B (secondary)
1936,33.5,74.4,9.6,100.0,A,0,Not at risk,70-85%,Over 30h,Eligible,B (secondary)
1937,4.5,88.7,1.8,74.1,B,0,Not at risk,Above 85%,Under 10h,Eligible,B (secondary)
1938,16.8,79.4,5.9,100.0,A,0,Not at risk,70-85%,10-20h,Eligible,B (secondary)
1939,18.3,97.2,4.3,94.8,A,0,Not at risk,Above 85%,10-20h,Eligible,B (secondary)
1940,22.6,65.9,3.3,100.0,A,0,Not at risk,50-70%,20-30h,Not eligible,B (secondary)
1941,15.7,87.4,5.0,92.9,A,0,Not at risk,Above 85%,10-20h,Eligible,B (secondary)
1942,17.2,72.0,10.0,100.0,A,0,Not at risk,70-85%,10-20h,Eligible,B (secondary)
1943,12.3,94.9,5.4,71.0,B,0,Not at risk,Above 85%,10-20h,Eligible,B (secondary)
1944,16.9,87.4,6.3,98.6,A,0,Not at risk,Above 85%,10-20h,Eligible,B (secondary)
1945,12.6,77.0,5.3,67.5,C,0,Not at risk,70-85%,10-20h,Eligible,B (secondary)
1946,19.4,93.2,5.9,84.3,B,0,Not at risk,Above 85%,10-20h,Eligible,B (secondary)
1947,12.4,100.0,5.2,66.4,C,0,Not at risk,Above 85%,10-20h,Eligible,B (secondary)
1948,17.6,83.9,6.9,92.2,A,0,Not at risk,70-85%,10-20h,Eligible,B (secondary)
1949,14.8,93.7,8.6,95.7,A,0,Not at risk,Above 85%,10-20h,Eligible,B (secondary)
1950,22.9,73.5,3.4,100.0,A,0,Not at risk,70-85%,20-30h,Eligible,B (secondary)
1951,14.6,95.7,6.9,68.6,C,0,Not at risk,Above 85%,10-20h,Eligible,B (secondary)
1952,2.6,89.9,6.5,54.9,D,1,At risk,Above 85%,Under 10h,Eligible,B (secondary)
1953,23.8,78.1,4.5,100.0,A,0,Not at risk,70-85%,20-30h,Eligible,B (secondary)
1954,8.7,77.7,10.0,62.9,C,0,Not at risk,70-85%,Under 10h,Eligible,B (secondary)
1955,10.4,80.2,6.2,66.3,C,0,Not at risk,70-85%,10-20h,Eligible,B (secondary)
1956,10.8,95.8,8.1,73.0,B,0,Not at risk,Above 85%,10-20h,Eligible,B (secondary)
1957,24.6,85.6,8.9,100.0,A,0,Not at risk,Above 85%,20-30h,Eligible,B (secondary)
1958,0.1,90.4,9.1,54.9,D,1,At risk,Above 85%,Under 10h,Eligible,B (secondary)
1959,37.0,86.8,7.5,100.0,A,0,Not at risk,Above 85%,Over 30h,Eligible,B (secondary)
1960,22.4,96.4,5.6,100.0,A,0,Not at risk,Above 85%,20-30h,Eligible,B (secondary)
1961,16.6,100.0,8.7,87.5,A,0,Not at risk,Above 85%,10-20h,Eligible,B (secondary)
1962,14.6,75.1,3.4,75.6,B,0,Not at risk,70-85%,10-20h,Eligible,B (secondary)
1963,17.0,94.9,6.9,92.9,A,0,Not at risk,Above 85%,10-20h,Eligible,B (secondary)
1964,18.6,79.0,7.4,76.0,B,0,Not at risk,70-85%,10-20h,Eligible,B (secondary)
1965,19.5,92.4,6.9,100.0,A,0,Not at risk,Above 85%,10-20h,Eligible,B (secondary)
1966,18.9,71.9,6.0,87.2,A,0,Not at risk,70-85%,10-20h,Eligible,B (secondary)
1967,15.6,76.6,7.9,95.9,A,0,Not at risk,70-85%,10-20h,Eligible,B (secondary)
1968,13.6,98.4,6.8,80.0,B,0,Not at risk,Above 85%,10-20h,Eligible,B (secondary)
1969,13.9,89.1,7.7,70.0,B,0,Not at risk,Above 85%,10-20h,Eligible,B (secondary)
1970,13.6,90.2,3.4,93.3,A,0,Not at risk,Above 85%,10-20h,Eligible,B (secondary)
1971,22.9,84.4,5.1,100.0,A,0,Not at risk,70-85%,20-30h,Eligible,B (secondary)
1972,19.2,82.5,7.2,100.0,A,0,Not at risk,70-85%,10-20h,Eligible,B (secondary)
1973,0.0,93.4,5.0,51.4,D,1,At risk,Above 85%,Under 10h,Eligible,B (secondary)
1974,19.6,88.1,3.7,94.5,A,0,Not at risk,Above 85%,10-20h,Eligible,B (secondary)
1975,16.4,86.5,5.2,97.2,A,0,Not at risk,Above 85%,10-20h,Eligible,B (secondary)
1976,14.9,77.7,6.0,81.7,B,0,Not at risk,70-85%,10-20h,Eligible,B (secondary)
1977,12.3,79.7,5.3,62.5,C,0,Not at risk,70-85%,10-20h,Eligible,B (secondary)
1978,22.9,71.4,4.0,100.0,A,0,Not at risk,70-85%,20-30h,Eligible,B (secondary)
1979,21.6,81.0,6.1,90.0,A,0,Not at risk,70-85%,20-30h,Eligible,B (secondary)
1980,9.6,100.0,7.6,67.5,C,0,Not at risk,Above 85%,Under 10h,Eligible,B (secondary)
1981,17.8,85.7,7.5,100.0,A,0,Not at risk,Above 85%,10-20h,Eligible,B (secondary)
1982,8.2,100.0,2.4,45.7,D,1,At risk,Above 85%,Under 10h,Eligible,B (secondary)
1983,5.3,86.4,6.0,44.4,D,1,At risk,Above 85%,Under 10h,Eligible,B (secondary)
1984,10.6,96.3,4.6,71.0,B,0,Not at risk,Above 85%,10-20h,Eligible,B (secondary)
1985,21.0,69.1,5.1,100.0,A,0,Not at risk,50-70%,20-30h,Not eligible,B (secondary)
1986,21.7,75.6,9.5,100.0,A,0,Not at risk,70-85%,20-30h,Eligible,B (secondary)
1987,18.6,91.9,5.7,100.0,A,0,Not at risk,Above 85%,10-20h,Eligible,B (secondary)
1988,20.1,86.5,6.9,100.0,A,0,Not at risk,Above 85%,20-30h,Eligible,B (secondary)
1989,18.6,100.0,4.3,100.0,A,0,Not at risk,Above 85%,10-20h,Eligible,B (secondary)
1990,10.5,87.7,8.4,71.4,B,0,Not at risk,Above 85%,10-20h,Eligible,B (secondary)
1991,18.0,83.0,6.4,90.6,A,0,Not at risk,70-85%,10-20h,Eligible,B (secondary)
1992,20.6,83.5,6.9,99.1,A,0,Not at risk,70-85%,20-30h,Eligible,B (secondary)
1993,20.3,91.6,4.4,100.0,A,0,Not at risk,Above 85%,20-30h,Eligible,B (secondary)
1994,23.3,83.1,7.9,100.0,A,0,Not at risk,70-85%,20-30h,Eligible,B (secondary)
1995,20.0,74.2,9.1,100.0,A,0,Not at risk,70-85%,10-20h,Eligible,B (secondary)
1996,17.5,87.7,4.5,100.0,A,0,Not at risk,Above 85%,10-20h,Eligible,B (secondary)
1997,22.5,81.5,6.2,100.0,A,0,Not at risk,70-85%,20-30h,Eligible,B (secondary)
1998,14.8,98.0,8.8,75.0,B,0,Not at risk,Above 85%,10-20h,Eligible,B (secondary)
1999,8.8,92.5,4.7,51.5,D,1,At risk,Above 85%,Under 10h,Eligible,B (secondary)
2000,13.9,90.2,6.1,85.6,A,0,Not at risk,Above 85%,10-20h,Eligible,B (secondary)
2001,9.8,89.0,9.1,83.9,B,0,Not at risk,Above 85%,Under 10h,Eligible,B (secondary)
2002,10.3,88.1,8.6,59.8,C,0,Not at risk,Above 85%,10-20h,Eligible,B (secondary)
2003,14.0,81.4,6.5,93.9,A,0,Not at risk,70-85%,10-20h,Eligible,B (secondary)
2004,9.5,100.0,4.7,64.3,C,0,Not at risk,Above 85%,Under 10h,Eligible,B (secondary)
2005,12.8,86.5,3.3,81.4,B,0,Not at risk,Above 85%,10-20h,Eligible,B (secondary)
2006,1.7,93.0,6.6,51.2,D,1,At risk,Above 85%,Under 10h,Eligible,B (secondary)
2007,16.5,100.0,4.9,72.4,B,0,Not at risk,Above 85%,10-20h,Eligible,B (secondary)
2008,15.0,87.6,3.4,76.2,B,0,Not at risk,Above 85%,10-20h,Eligible,B (secondary)
2009,9.3,79.6,8.5,65.8,C,0,Not at risk,70-85%,Under 10h,Eligible,B (secondary)
2010,19.6,100.0,3.9,99.1,A,0,Not at risk,Above 85%,10-20h,Eligible,B (secondary)
2011,21.6,89.4,4.7,100.0,A,0,Not at risk,Above 85%,20-30h,Eligible,B (secondary)
2012,3.7,91.4,6.2,45.1,D,1,At risk,Above 85%,Under 10h,Eligible,B (secondary)
2013,9.7,95.4,4.2,78.9,B,0,Not at risk,Above 85%,Under 10h,Eligible,B (secondary)
2014,9.6,94.2,7.7,62.5,C,0,Not at risk,Above 85%,Under 10h,Eligible,B (secondary)
2015,8.4,100.0,5.1,53.7,D,1,At risk,Above 85%,Under 10h,Eligible,B (secondary)
2016,20.8,75.3,3.2,85.9,A,0,Not at risk,70-85%,20-30h,Eligible,B (secondary)
2017,13.6,77.6,6.5,79.8,B,0,Not at risk,70-85%,10-20h,Eligible,B (secondary)
2018,13.1,86.0,6.2,81.4,B,0,Not at risk,Above 85%,10-20h,Eligible,B (secondary)
2019,1.0,100.0,6.5,45.4,D,1,At risk,Above 85%,Under 10h,Eligible,B (secondary)
2020,19.4,86.2,7.2,100.0,A,0,Not at risk,Above 85%,10-20h,Eligible,B (secondary)
2021,6.3,82.7,7.3,61.9,C,0,Not at risk,70-85%,Under 10h,Eligible,B (secondary)
2022,15.4,90.4,3.4,84.1,B,0,Not at risk,Above 85%,10-20h,Eligible,B (secondary)
2023,16.9,81.1,7.9,93.6,A,0,Not at risk,70-85%,10-20h,Eligible,B (secondary)
2024,24.5,78.9,4.1,100.0,A,0,Not at risk,70-85%,20-30h,Eligible,B (secondary)
2025,5.8,70.2,2.0,66.4,C,0,Not at risk,70-85%,Under 10h,Eligible,B (secondary)
2026,0.0,100.0,8.6,52.5,D,1,At risk,Above 85%,Under 10h,Eligible,B (secondary)
2027,16.3,65.4,6.7,94.0,A,0,Not at risk,50-70%,10-20h,Not eligible,B (secondary)
2028,27.6,87.9,1.8,100.0,A,0,Not at risk,Above 85%,20-30h,Eligible,B (secondary)
2029,23.7,93.6,4.8,100.0,A,0,Not at risk,Above 85%,20-30h,Eligible,B (secondary)
2030,16.5,88.6,4.5,98.1,A,0,Not at risk,Above 85%,10-20h,Eligible,B (secondary)
2031,11.6,85.1,4.9,61.1,C,0,Not at risk,Above 85%,10-20h,Eligible,B (secondary)
2032,20.6,70.2,0.0,100.0,A,0,Not at risk,70-85%,20-30h,Eligible,B (secondary)
2033,8.2,72.7,5.1,58.0,C,0,Not at risk,70-85%,Under 10h,Eligible,B (secondary)
2034,18.3,83.9,5.3,98.9,A,0,Not at risk,70-85%,10-20h,Eligible,B (secondary)
2035,18.5,68.3,7.9,72.8,B,0,Not at risk,50-70%,10-20h,Not eligible,B (secondary)
2036,22.4,65.6,4.9,91.3,A,0,Not at risk,50-70%,20-30h,Not eligible,B (secondary)
2037,34.3,81.6,4.2,100.0,A,0,Not at risk,70-85%,Over 30h,Eligible,B (secondary)
2038,17.7,77.9,7.4,90.1,A,0,Not at risk,70-85%,10-20h,Eligible,B (secondary)
2039,11.4,82.7,6.7,74.4,B,0,Not at risk,70-85%,10-20h,Eligible,B (secondary)
2040,14.8,67.7,7.0,91.2,A,0,Not at risk,50-70%,10-20h,Not eligible,B (secondary)
2041,2.6,62.5,4.3,67.3,C,0,Not at risk,50-70%,Under 10h,Not eligible,B (secondary)
2042,10.1,82.4,4.5,67.3,C,0,Not at risk,70-85%,10-20h,Eligible,B (secondary)
2043,12.1,76.2,10.0,67.0,C,0,Not at risk,70-85%,10-20h,Eligible,B (secondary)
2044,11.3,94.0,5.2,75.6,B,0,Not at risk,Above 85%,10-20h,Eligible,B (secondary)
2045,16.1,76.9,4.2,74.5,B,0,Not at risk,70-85%,10-20h,Eligible,B (secondary)
2046,9.2,94.6,6.5,79.9,B,0,Not at risk,Above 85%,Under 10h,Eligible,B (secondary)
2047,22.8,62.2,8.6,100.0,A,0,Not at risk,50-70%,20-30h,Not eligible,B (secondary)
2048,15.0,84.6,5.7,94.1,A,0,Not at risk,70-85%,10-20h,Eligible,B (secondary)
2049,14.9,75.8,9.3,85.0,A,0,Not at risk,70-85%,10-20h,Eligible,B (secondary)
2050,12.7,97.4,6.5,79.1,B,0,Not at risk,Above 85%,10-20h,Eligible,B (secondary)
2051,16.1,81.8,6.0,94.7,A,0,Not at risk,70-85%,10-20h,Eligible,B (secondary)
2052,20.8,89.0,5.0,100.0,A,0,Not at risk,Above 85%,20-30h,Eligible,B (secondary)
2053,8.9,77.9,1.8,73.4,B,0,Not at risk,70-85%,Under 10h,Eligible,B (secondary)
2054,10.4,100.0,3.6,82.2,B,0,Not at risk,Above 85%,10-20h,Eligible,B (secondary)
2055,12.9,71.2,4.8,76.2,B,0,Not at risk,70-85%,10-20h,Eligible,B (secondary)
2056,5.6,88.1,3.8,64.1,C,0,Not at risk,Above 85%,Under 10h,Eligible,B (secondary)
2057,9.3,88.2,2.7,63.3,C,0,Not at risk,Above 85%,Under 10h,Eligible,B (secondary)
2058,11.7,95.5,3.5,81.5,B,0,Not at risk,Above 85%,10-20h,Eligible,B (secondary)
2059,21.1,97.1,6.7,83.2,B,0,Not at risk,Above 85%,20-30h,Eligible,B (secondary)
2060,16.8,87.9,5.8,83.6,B,0,Not at risk,Above 85%,10-20h,Eligible,B (secondary)
2061,16.4,100.0,7.3,95.6,A,0,Not at risk,Above 85%,10-20h,Eligible,B (secondary)
2062,21.0,86.7,4.3,100.0,A,0,Not at risk,Above 85%,20-30h,Eligible,B (secondary)
2063,14.0,89.7,7.0,79.6,B,0,Not at risk,Above 85%,10-20h,Eligible,B (secondary)
2064,17.7,100.0,7.7,89.1,A,0,Not at risk,Above 85%,10-20h,Eligible,B (secondary)
2065,14.3,75.0,3.6,93.4,A,0,Not at risk,70-85%,10-20h,Eligible,B (secondary)
2066,16.9,82.9,4.0,92.5,A,0,Not at risk,70-85%,10-20h,Eligible,B (secondary)
2067,10.9,82.0,9.2,77.1,B,0,Not at risk,70-85%,10-20h,Eligible,B (secondary)
2068,0.0,93.4,7.0,50.2,D,1,At risk,Above 85%,Under 10h,Eligible,B (secondary)
2069,14.1,91.2,9.2,82.5,B,0,Not at risk,Above 85%,10-20h,Eligible,B (secondary)
2070,25.0,84.6,4.9,100.0,A,0,Not at risk,70-85%,20-30h,Eligible,B (secondary)
2071,21.5,91.6,1.6,98.9,A,0,Not at risk,Above 85%,20-30h,Eligible,B (secondary)
2072,21.8,84.0,4.9,100.0,A,0,Not at risk,70-85%,20-30h,Eligible,B (secondary)
2073,23.7,88.0,6.2,100.0,A,0,Not at risk,Above 85%,20-30h,Eligible,B (secondary)
2074,15.6,90.3,4.5,73.9,B,0,Not at risk,Above 85%,10-20h,Eligible,B (secondary)
2075,16.4,60.0,4.2,95.4,A,0,Not at risk,50-70%,10-20h,Not eligible,B (secondary)
2076,10.7,92.4,3.9,75.7,B,0,Not at risk,Above 85%,10-20h,Eligible,B (secondary)
2077,12.8,82.4,4.9,87.0,A,0,Not at risk,70-85%,10-20h,Eligible,B (secondary)
2078,19.3,91.4,5.1,100.0,A,0,Not at risk,Above 85%,10-20h,Eligible,B (secondary)
2079,23.4,68.5,1.1,100.0,A,0,Not at risk,50-70%,20-30h,Not eligible,B (secondary)
2080,14.0,88.6,9.4,97.5,A,0,Not at risk,Above 85%,10-20h,Eligible,B (secondary)
2081,11.8,80.5,3.1,69.6,C,0,Not at risk,70-85%,10-20h,Eligible,B (secondary)
2082,15.0,89.0,7.3,100.0,A,0,Not at risk,Above 85%,10-20h,Eligible,B (secondary)
2083,19.2,86.1,4.3,100.0,A,0,Not at risk,Above 85%,10-20h,Eligible,B (secondary)
2084,4.9,74.2,6.0,87.6,A,0,Not at risk,70-85%,Under 10h,Eligible,B (secondary)
2085,0.0,77.9,5.2,51.2,D,1,At risk,70-85%,Under 10h,Eligible,B (secondary)
2086,11.1,90.0,5.6,65.3,C,0,Not at risk,Above 85%,10-20h,Eligible,B (secondary)
2087,6.5,83.8,7.5,69.2,C,0,Not at risk,70-85%,Under 10h,Eligible,B (secondary)
2088,11.4,85.6,3.9,63.1,C,0,Not at risk,Above 85%,10-20h,Eligible,B (secondary)
2089,14.0,60.5,5.0,71.5,B,0,Not at risk,50-70%,10-20h,Not eligible,B (secondary)
2090,11.8,84.1,7.3,77.2,B,0,Not at risk,70-85%,10-20h,Eligible,B (secondary)
2091,25.2,88.8,6.6,87.9,A,0,Not at risk,Above 85%,20-30h,Eligible,B (secondary)
2092,17.3,100.0,8.4,95.7,A,0,Not at risk,Above 85%,10-20h,Eligible,B (secondary)
2093,17.1,88.6,7.7,100.0,A,0,Not at risk,Above 85%,10-20h,Eligible,B (secondary)
2094,19.4,78.0,4.5,100.0,A,0,Not at risk,70-85%,10-20h,Eligible,B (secondary)
2095,7.0,92.8,8.0,78.4,B,0,Not at risk,Above 85%,Under 10h,Eligible,B (secondary)
2096,22.3,98.7,5.2,96.5,A,0,Not at risk,Above 85%,20-30h,Eligible,B (secondary)
2097,14.5,95.5,6.2,86.0,A,0,Not at risk,Above 85%,10-20h,Eligible,B (secondary)
2098,19.7,80.7,7.6,100.0,A,0,Not at risk,70-85%,10-20h,Eligible,B (secondary)
2099,7.5,97.1,5.1,60.6,C,0,Not at risk,Above 85%,Under 10h,Eligible,B (secondary)
2100,4.1,82.0,5.8,64.5,C,0,Not at risk,70-85%,Under 10h,Eligible,B (secondary)
2101,20.7,76.0,4.3,99.1,A,0,Not at risk,70-85%,20-30h,Eligible,B (secondary)
2102,17.6,98.9,6.2,100.0,A,0,Not at risk,Above 85%,10-20h,Eligible,B (secondary)
2103,8.7,85.8,10.0,64.3,C,0,Not at risk,Above 85%,Under 10h,Eligible,B (secondary)
2104,8.9,74.9,3.6,63.4,C,0,Not at risk,70-85%,Under 10h,Eligible,B (secondary)
2105,22.9,86.8,6.9,100.0,A,0,Not at risk,Above 85%,20-30h,Eligible,B (secondary)
2106,6.7,75.7,6.7,76.9,B,0,Not at risk,70-85%,Under 10h,Eligible,B (secondary)
2107,26.5,81.7,5.4,100.0,A,0,Not at risk,70-85%,20-30h,Eligible,B (secondary)
2108,8.7,95.7,4.8,85.1,A,0,Not at risk,Above 85%,Under 10h,Eligible,B (secondary)
2109,19.5,83.3,8.2,100.0,A,0,Not at risk,70-85%,10-20h,Eligible,B (secondary)
2110,12.7,80.9,7.1,79.5,B,0,Not at risk,70-85%,10-20h,Eligible,B (secondary)
2111,19.2,98.8,3.3,83.0,B,0,Not at risk,Above 85%,10-20h,Eligible,B (secondary)
2112,11.2,74.3,5.7,89.6,A,0,Not at risk,70-85%,10-20h,Eligible,B (secondary)
2113,13.9,89.7,4.3,84.3,B,0,Not at risk,Above 85%,10-20h,Eligible,B (secondary)
2114,15.3,79.7,3.9,93.6,A,0,Not at risk,70-85%,10-20h,Eligible,B (secondary)
2115,8.0,83.5,7.5,76.9,B,0,Not at risk,70-85%,Under 10h,Eligible,B (secondary)
2116,20.2,79.8,9.5,100.0,A,0,Not at risk,70-85%,20-30h,Eligible,B (secondary)
2117,11.4,65.3,5.5,100.0,A,0,Not at risk,50-70%,10-20h,Not eligible,B (secondary)
2118,13.4,94.2,5.6,87.6,A,0,Not at risk,Above 85%,10-20h,Eligible,B (secondary)
2119,8.0,72.7,7.9,76.7,B,0,Not at risk,70-85%,Under 10h,Eligible,B (secondary)
2120,0.0,79.8,2.7,14.6,F,1,At risk,70-85%,Under 10h,Eligible,B (secondary)
2121,13.7,82.1,1.0,91.3,A,0,Not at risk,70-85%,10-20h,Eligible,B (secondary)
2122,31.9,81.8,4.9,100.0,A,0,Not at risk,70-85%,Over 30h,Eligible,B (secondary)
2123,20.5,71.7,8.9,100.0,A,0,Not at risk,70-85%,20-30h,Eligible,B (secondary)
2124,14.9,83.0,6.6,65.2,C,0,Not at risk,70-85%,10-20h,Eligible,B (secondary)
2125,13.2,85.0,5.9,80.3,B,0,Not at risk,70-85%,10-20h,Eligible,B (secondary)
2126,15.2,87.5,6.7,88.3,A,0,Not at risk,Above 85%,10-20h,Eligible,B (secondary)
2127,18.8,82.0,5.7,100.0,A,0,Not at risk,70-85%,10-20h,Eligible,B (secondary)
2128,6.7,87.1,8.1,73.3,B,0,Not at risk,Above 85%,Under 10h,Eligible,B (secondary)
2129,22.8,86.8,6.7,100.0,A,0,Not at risk,Above 85%,20-30h,Eligible,B (secondary)
2130,20.0,82.6,8.6,100.0,A,0,Not at risk,70-85%,10-20h,Eligible,B (secondary)
2131,20.0,99.6,7.1,92.6,A,0,Not at risk,Above 85%,10-20h,Eligible,B (secondary)
2132,18.1,64.5,8.6,100.0,A,0,Not at risk,50-70%,10-20h,Not eligible,B (secondary)
2133,15.1,74.6,5.0,98.2,A,0,Not at risk,70-85%,10-20h,Eligible,B (secondary)
2134,19.7,89.8,6.0,95.8,A,0,Not at risk,Above 85%,10-20h,Eligible,B (secondary)
2135,19.1,83.1,10.0,98.9,A,0,Not at risk,70-85%,10-20h,Eligible,B (secondary)
2136,12.5,76.3,6.3,89.6,A,0,Not at risk,70-85%,10-20h,Eligible,B (secondary)
2137,11.0,100.0,4.1,83.4,B,0,Not at risk,Above 85%,10-20h,Eligible,B (secondary)
2138,15.7,97.2,6.8,95.4,A,0,Not at risk,Above 85%,10-20h,Eligible,B (secondary)
2139,25.8,69.6,2.7,100.0,A,0,Not at risk,50-70%,20-30h,Not eligible,B (secondary)
2140,6.3,82.7,3.7,69.2,C,0,Not at risk,70-85%,Under 10h,Eligible,B (secondary)
2141,4.7,90.7,8.8,68.1,C,0,Not at risk,Above 85%,Under 10h,Eligible,B (secondary)
2142,16.2,86.9,5.9,92.6,A,0,Not at risk,Above 85%,10-20h,Eligible,B (secondary)
2143,15.4,78.8,3.8,82.7,B,0,Not at risk,70-85%,10-20h,Eligible,B (secondary)
2144,16.2,87.8,7.6,78.5,B,0,Not at risk,Above 85%,10-20h,Eligible,B (secondary)
2145,16.7,72.9,3.2,79.5,B,0,Not at risk,70-85%,10-20h,Eligible,B (secondary)
2146,13.4,92.3,3.6,85.0,A,0,Not at risk,Above 85%,10-20h,Eligible,B (secondary)
2147,25.4,94.0,8.7,100.0,A,0,Not at risk,Above 85%,20-30h,Eligible,B (secondary)
2148,3.8,90.2,4.6,55.2,C,0,Not at risk,Above 85%,Under 10h,Eligible,B (secondary)
2149,9.2,91.3,8.4,77.3,B,0,Not at risk,Above 85%,Under 10h,Eligible,B (secondary)
2150,14.3,92.0,8.4,79.6,B,0,Not at risk,Above 85%,10-20h,Eligible,B (secondary)
2151,3.5,82.6,3.2,46.1,D,1,At risk,70-85%,Under 10h,Eligible,B (secondary)
2152,13.8,91.6,6.1,90.6,A,0,Not at risk,Above 85%,10-20h,Eligible,B (secondary)
2153,26.6,88.0,9.8,100.0,A,0,Not at risk,Above 85%,20-30h,Eligible,B (secondary)
2154,15.1,88.5,8.2,87.5,A,0,Not at risk,Above 85%,10-20h,Eligible,B (secondary)
2155,16.6,85.4,4.9,90.3,A,0,Not at risk,Above 85%,10-20h,Eligible,B (secondary)
2156,6.2,93.6,7.8,62.9,C,0,Not at risk,Above 85%,Under 10h,Eligible,B (secondary)
2157,10.7,76.0,5.1,74.4,B,0,Not at risk,70-85%,10-20h,Eligible,B (secondary)
2158,12.4,72.5,4.8,87.9,A,0,Not at risk,70-85%,10-20h,Eligible,B (secondary)
2159,12.8,77.7,6.9,83.4,B,0,Not at risk,70-85%,10-20h,Eligible,B (secondary)
2160,24.0,99.3,9.5,100.0,A,0,Not at risk,Above 85%,20-30h,Eligible,B (secondary)
2161,18.9,76.9,4.3,100.0,A,0,Not at risk,70-85%,10-20h,Eligible,B (secondary)
2162,7.2,86.7,7.3,59.0,C,0,Not at risk,Above 85%,Under 10h,Eligible,B (secondary)
2163,16.7,88.6,3.5,100.0,A,0,Not at risk,Above 85%,10-20h,Eligible,B (secondary)
2164,18.5,100.0,7.7,92.5,A,0,Not at risk,Above 85%,10-20h,Eligible,B (secondary)
2165,23.0,71.9,7.7,93.8,A,0,Not at risk,70-85%,20-30h,Eligible,B (secondary)
2166,26.1,79.3,8.2,100.0,A,0,Not at risk,70-85%,20-30h,Eligible,B (secondary)
2167,7.9,78.0,6.3,75.0,B,0,Not at risk,70-85%,Under 10h,Eligible,B (secondary)
2168,9.3,81.3,5.6,55.1,C,0,Not at risk,70-85%,Under 10h,Eligible,B (secondary)
2169,6.2,84.3,4.8,85.7,A,0,Not at risk,70-85%,Under 10h,Eligible,B (secondary)
2170,13.4,97.8,6.6,72.3,B,0,Not at risk,Above 85%,10-20h,Eligible,B (secondary)
2171,18.3,78.1,6.2,93.3,A,0,Not at risk,70-85%,10-20h,Eligible,B (secondary)
2172,21.9,100.0,7.8,100.0,A,0,Not at risk,Above 85%,20-30h,Eligible,B (secondary)
2173,14.5,86.9,2.7,75.9,B,0,Not at risk,Above 85%,10-20h,Eligible,B (secondary)
2174,12.8,71.4,3.0,88.8,A,0,Not at risk,70-85%,10-20h,Eligible,B (secondary)
2175,16.1,72.7,9.0,99.1,A,0,Not at risk,70-85%,10-20h,Eligible,B (secondary)
2176,9.2,100.0,4.0,57.4,C,0,Not at risk,Above 85%,Under 10h,Eligible,B (secondary)
2177,29.6,93.9,6.1,100.0,A,0,Not at risk,Above 85%,20-30h,Eligible,B (secondary)
2178,3.7,72.3,8.3,63.0,C,0,Not at risk,70-85%,Under 10h,Eligible,B (secondary)
2179,16.3,69.0,9.5,93.2,A,0,Not at risk,50-70%,10-20h,Not eligible,B (secondary)
2180,29.2,100.0,2.9,100.0,A,0,Not at risk,Above 85%,20-30h,Eligible,B (secondary)
2181,15.0,79.1,2.5,88.9,A,0,Not at risk,70-85%,10-20h,Eligible,B (secondary)
2182,13.7,91.3,3.0,86.8,A,0,Not at risk,Above 85%,10-20h,Eligible,B (secondary)
2183,12.5,83.6,6.8,84.8,B,0,Not at risk,70-85%,10-20h,Eligible,B (secondary)
2184,13.7,80.5,6.9,80.2,B,0,Not at risk,70-85%,10-20h,Eligible,B (secondary)
2185,24.6,94.4,4.5,100.0,A,0,Not at risk,Above 85%,20-30h,Eligible,B (secondary)
2186,0.0,74.9,5.3,50.4,D,1,At risk,70-85%,Under 10h,Eligible,B (secondary)
2187,25.7,96.2,10.0,100.0,A,0,Not at risk,Above 85%,20-30h,Eligible,B (secondary)
2188,5.0,91.3,5.1,65.3,C,0,Not at risk,Above 85%,Under 10h,Eligible,B (secondary)
2189,13.1,65.4,6.3,96.0,A,0,Not at risk,50-70%,10-20h,Not eligible,B (secondary)
2190,12.0,92.0,9.8,72.6,B,0,Not at risk,Above 85%,10-20h,Eligible,B (secondary)
2191,19.1,91.7,4.2,94.7,A,0,Not at risk,Above 85%,10-20h,Eligible,B (secondary)
2192,3.8,85.1,10.0,45.2,D,1,At risk,Above 85%,Under 10h,Eligible,B (secondary)
2193,18.2,100.0,6.0,92.4,A,0,Not at risk,Above 85%,10-20h,Eligible,B (secondary)
2194,29.2,89.1,7.4,100.0,A,0,Not at risk,Above 85%,20-30h,Eligible,B (secondary)
2195,5.5,100.0,5.4,61.9,C,0,Not at risk,Above 85%,Under 10h,Eligible,B (secondary)
2196,16.3,85.1,7.2,72.5,B,0,Not at risk,Above 85%,10-20h,Eligible,B (secondary)
2197,10.4,96.6,4.0,62.7,C,0,Not at risk,Above 85%,10-20h,Eligible,B (secondary)
2198,18.0,100.0,9.8,93.8,A,0,Not at risk,Above 85%,10-20h,Eligible,B (secondary)
2199,15.1,72.0,9.8,77.2,B,0,Not at risk,70-85%,10-20h,Eligible,B (secondary)
2200,10.5,98.5,6.9,69.5,C,0,Not at risk,Above 85%,10-20h,Eligible,B (secondary)
2201,18.4,96.8,1.8,100.0,A,0,Not at risk,Above 85%,10-20h,Eligible,B (secondary)
2202,27.6,90.0,6.5,99.2,A,0,Not at risk,Above 85%,20-30h,Eligible,B (secondary)
2203,13.7,74.0,6.4,91.2,A,0,Not at risk,70-85%,10-20h,Eligible,B (secondary)
2204,20.0,84.0,4.7,100.0,A,0,Not at risk,70-85%,10-20h,Eligible,B (secondary)
2205,5.9,87.8,7.1,71.9,B,0,Not at risk,Above 85%,Under 10h,Eligible,B (secondary)
2206,8.3,97.4,9.0,55.2,C,0,Not at risk,Above 85%,Under 10h,Eligible,B (secondary)
2207,18.3,91.9,5.2,100.0,A,0,Not at risk,Above 85%,10-20h,Eligible,B (secondary)
2208,25.4,95.6,6.5,100.0,A,0,Not at risk,Above 85%,20-30h,Eligible,B (secondary)
2209,17.5,77.0,7.0,81.8,B,0,Not at risk,70-85%,10-20h,Eligible,B (secondary)
2210,12.8,75.6,8.9,93.3,A,0,Not at risk,70-85%,10-20h,Eligible,B (secondary)
2211,15.0,67.0,5.0,85.1,A,0,Not at risk,50-70%,10-20h,Not eligible,B (secondary)
2212,6.2,88.8,7.6,82.9,B,0,Not at risk,Above 85%,Under 10h,Eligible,B (secondary)
2213,19.2,77.1,5.3,100.0,A,0,Not at risk,70-85%,10-20h,Eligible,B (secondary)
2214,21.2,69.9,2.5,89.7,A,0,Not at risk,50-70%,20-30h,Not eligible,B (secondary)
2215,11.8,73.0,5.6,82.2,B,0,Not at risk,70-85%,10-20h,Eligible,B (secondary)
2216,11.7,76.9,8.9,67.0,C,0,Not at risk,70-85%,10-20h,Eligible,B (secondary)
2217,16.9,100.0,3.8,92.0,A,0,Not at risk,Above 85%,10-20h,Eligible,B (secondary)
2218,11.9,86.7,7.9,83.5,B,0,Not at risk,Above 85%,10-20h,Eligible,B (secondary)
2219,14.5,91.3,8.5,91.4,A,0,Not at risk,Above 85%,10-20h,Eligible,B (secondary)
2220,29.7,88.7,7.5,100.0,A,0,Not at risk,Above 85%,20-30h,Eligible,B (secondary)
2221,13.3,87.7,8.3,77.4,B,0,Not at risk,Above 85%,10-20h,Eligible,B (secondary)
2222,12.5,67.7,6.8,94.2,A,0,Not at risk,50-70%,10-20h,Not eligible,B (secondary)
2223,10.5,83.4,8.7,76.7,B,0,Not at risk,70-85%,10-20h,Eligible,B (secondary)
2224,20.2,86.8,4.6,95.9,A,0,Not at risk,Above 85%,20-30h,Eligible,B (secondary)
2225,13.7,80.0,5.4,74.7,B,0,Not at risk,70-85%,10-20h,Eligible,B (secondary)
2226,10.5,80.7,7.0,73.8,B,0,Not at risk,70-85%,10-20h,Eligible,B (secondary)
2227,24.2,81.3,6.3,97.7,A,0,Not at risk,70-85%,20-30h,Eligible,B (secondary)
2228,24.9,83.7,2.3,100.0,A,0,Not at risk,70-85%,20-30h,Eligible,B (secondary)
2229,10.8,100.0,7.2,91.1,A,0,Not at risk,Above 85%,10-20h,Eligible,B (secondary)
2230,1.9,78.1,5.1,65.2,C,0,Not at risk,70-85%,Under 10h,Eligible,B (secondary)
2231,22.1,89.0,4.0,99.5,A,0,Not at risk,Above 85%,20-30h,Eligible,B (secondary)
2232,10.2,75.8,5.7,75.9,B,0,Not at risk,70-85%,10-20h,Eligible,B (secondary)
2233,20.5,63.4,7.8,94.6,A,0,Not at risk,50-70%,20-30h,Not eligible,B (secondary)
2234,1.2,96.8,3.3,65.2,C,0,Not at risk,Above 85%,Under 10h,Eligible,B (secondary)
2235,21.2,75.3,5.7,99.5,A,0,Not at risk,70-85%,20-30h,Eligible,B (secondary)
2236,6.5,71.4,6.0,67.5,C,0,Not at risk,70-85%,Under 10h,Eligible,B (secondary)
2237,20.1,79.7,9.3,100.0,A,0,Not at risk,70-85%,20-30h,Eligible,B (secondary)
2238,15.1,95.6,7.5,86.4,A,0,Not at risk,Above 85%,10-20h,Eligible,B (secondary)
2239,8.3,87.9,4.4,73.9,B,0,Not at risk,Above 85%,Under 10h,Eligible,B (secondary)
2240,12.2,100.0,5.2,86.1,A,0,Not at risk,Above 85%,10-20h,Eligible,B (secondary)
2241,19.8,95.1,5.8,95.4,A,0,Not at risk,Above 85%,10-20h,Eligible,B (secondary)
2242,15.7,71.4,9.8,78.6,B,0,Not at risk,70-85%,10-20h,Eligible,B (secondary)
2243,19.1,80.5,7.2,100.0,A,0,Not at risk,70-85%,10-20h,Eligible,B (secondary)
2244,28.8,76.6,8.2,100.0,A,0,Not at risk,70-85%,20-30h,Eligible,B (secondary)
2245,4.1,72.7,2.6,64.8,C,0,Not at risk,70-85%,Under 10h,Eligible,B (secondary)
2246,26.3,95.9,3.9,100.0,A,0,Not at risk,Above 85%,20-30h,Eligible,B (secondary)
2247,15.7,68.8,10.0,89.1,A,0,Not at risk,50-70%,10-20h,Not eligible,B (secondary)
2248,8.7,82.5,2.3,79.8,B,0,Not at risk,70-85%,Under 10h,Eligible,B (secondary)
2249,5.7,91.4,5.5,42.3,D,1,At risk,Above 85%,Under 10h,Eligible,B (secondary)
2250,13.7,71.5,6.0,67.3,C,0,Not at risk,70-85%,10-20h,Eligible,B (secondary)
2251,21.5,86.7,3.0,100.0,A,0,Not at risk,Above 85%,20-30h,Eligible,B (secondary)
2252,14.1,93.7,6.6,68.8,C,0,Not at risk,Above 85%,10-20h,Eligible,B (secondary)
2253,25.6,65.5,8.8,99.4,A,0,Not at risk,50-70%,20-30h,Not eligible,B (secondary)
2254,4.8,93.1,5.9,66.3,C,0,Not at risk,Above 85%,Under 10h,Eligible,B (secondary)
2255,14.9,82.8,3.2,85.6,A,0,Not at risk,70-85%,10-20h,Eligible,B (secondary)
2256,6.2,80.9,5.9,80.8,B,0,Not at risk,70-85%,Under 10h,Eligible,B (secondary)
2257,17.5,93.5,2.0,100.0,A,0,Not at risk,Above 85%,10-20h,Eligible,B (secondary)
2258,21.2,100.0,3.4,100.0,A,0,Not at risk,Above 85%,20-30h,Eligible,B (secondary)
2259,12.1,70.5,7.8,76.6,B,0,Not at risk,70-85%,10-20h,Eligible,B (secondary)
2260,0.0,95.4,4.4,34.9,F,1,At risk,Above 85%,Under 10h,Eligible,B (secondary)
2261,16.4,90.5,8.1,77.9,B,0,Not at risk,Above 85%,10-20h,Eligible,B (secondary)
2262,18.1,81.9,5.2,82.4,B,0,Not at risk,70-85%,10-20h,Eligible,B (secondary)
2263,17.8,87.4,6.3,82.0,B,0,Not at risk,Above 85%,10-20h,Eligible,B (secondary)
2264,23.7,78.4,8.5,100.0,A,0,Not at risk,70-85%,20-30h,Eligible,B (secondary)
2265,7.5,71.1,4.4,55.3,C,0,Not at risk,70-85%,Under 10h,Eligible,B (secondary)
2266,19.8,100.0,6.1,85.8,A,0,Not at risk,Above 85%,10-20h,Eligible,B (secondary)
2267,23.3,100.0,3.2,100.0,A,0,Not at risk,Above 85%,20-30h,Eligible,B (secondary)
2268,2.5,98.3,9.3,63.7,C,0,Not at risk,Above 85%,Under 10h,Eligible,B (secondary)
2269,17.2,74.4,4.2,88.3,A,0,Not at risk,70-85%,10-20h,Eligible,B (secondary)
2270,11.5,88.0,5.3,90.4,A,0,Not at risk,Above 85%,10-20h,Eligible,B (secondary)
2271,14.4,100.0,5.2,89.8,A,0,Not at risk,Above 85%,10-20h,Eligible,B (secondary)
2272,17.4,75.8,6.7,100.0,A,0,Not at risk,70-85%,10-20h,Eligible,B (secondary)
2273,11.6,84.2,7.4,90.1,A,0,Not at risk,70-85%,10-20h,Eligible,B (secondary)
2274,10.3,84.9,8.2,68.5,C,0,Not at risk,70-85%,10-20h,Eligible,B (secondary)
2275,15.2,82.0,7.0,87.4,A,0,Not at risk,70-85%,10-20h,Eligible,B (secondary)
2276,7.4,69.4,8.4,86.4,A,0,Not at risk,50-70%,Under 10h,Not eligible,B (secondary)
2277,7.4,80.3,6.9,56.5,C,0,Not at risk,70-85%,Under 10h,Eligible,B (secondary)
2278,19.8,91.3,7.7,88.6,A,0,Not at risk,Above 85%,10-20h,Eligible,B (secondary)
2279,7.0,95.2,4.0,87.0,A,0,Not at risk,Above 85%,Under 10h,Eligible,B (secondary)
2280,19.7,91.4,3.0,100.0,A,0,Not at risk,Above 85%,10-20h,Eligible,B (secondary)
2281,18.2,83.7,6.6,100.0,A,0,Not at risk,70-85%,10-20h,Eligible,B (secondary)
2282,2.9,89.5,5.6,58.5,C,0,Not at risk,Above 85%,Under 10h,Eligible,B (secondary)
2283,10.3,100.0,6.5,72.3,B,0,Not at risk,Above 85%,10-20h,Eligible,B (secondary)
2284,23.4,99.1,5.9,93.5,A,0,Not at risk,Above 85%,20-30h,Eligible,B (secondary)
2285,8.1,96.1,4.3,83.9,B,0,Not at risk,Above 85%,Under 10h,Eligible,B (secondary)
2286,11.7,93.6,5.2,70.8,B,0,Not at risk,Above 85%,10-20h,Eligible,B (secondary)
2287,18.2,95.7,7.0,100.0,A,0,Not at risk,Above 85%,10-20h,Eligible,B (secondary)
2288,20.5,66.7,4.3,98.8,A,0,Not at risk,50-70%,20-30h,Not eligible,B (secondary)
2289,13.2,71.5,6.1,100.0,A,0,Not at risk,70-85%,10-20h,Eligible,B (secondary)
2290,10.8,86.1,4.9,85.5,A,0,Not at risk,Above 85%,10-20h,Eligible,B (secondary)
2291,25.0,80.8,7.1,100.0,A,0,Not at risk,70-85%,20-30h,Eligible,B (secondary)
2292,27.2,95.3,8.5,100.0,A,0,Not at risk,Above 85%,20-30h,Eligible,B (secondary)
2293,21.9,81.4,7.6,100.0,A,0,Not at risk,70-85%,20-30h,Eligible,B (secondary)
2294,15.6,62.4,6.3,97.1,A,0,Not at risk,50-70%,10-20h,Not eligible,B (secondary)
2295,9.3,78.8,7.1,89.1,A,0,Not at risk,70-85%,Under 10h,Eligible,B (secondary)
2296,9.2,91.3,4.8,81.9,B,0,Not at risk,Above 85%,Under 10h,Eligible,B (secondary)
2297,18.7,93.7,4.9,93.9,A,0,Not at risk,Above 85%,10-20h,Eligible,B (secondary)
2298,17.9,80.0,4.0,98.3,A,0,Not at risk,70-85%,10-20h,Eligible,B (secondary)
2299,24.8,66.8,4.2,100.0,A,0,Not at risk,50-70%,20-30h,Not eligible,B (secondary)
2300,19.6,90.6,1.8,100.0,A,0,Not at risk,Above 85%,10-20h,Eligible,B (secondary)
2301,4.5,88.6,6.1,35.2,F,1,At risk,Above 85%,Under 10h,Eligible,B (secondary)
2302,22.4,88.3,5.8,100.0,A,0,Not at risk,Above 85%,20-30h,Eligible,B (secondary)
2303,8.0,88.3,2.9,77.0,B,0,Not at risk,Above 85%,Under 10h,Eligible,B (secondary)
2304,12.3,79.9,6.3,76.9,B,0,Not at risk,70-85%,10-20h,Eligible,B (secondary)
2305,16.8,79.8,5.1,86.0,A,0,Not at risk,70-85%,10-20h,Eligible,B (secondary)
2306,29.0,81.3,5.6,100.0,A,0,Not at risk,70-85%,20-30h,Eligible,B (secondary)
2307,36.8,81.0,8.5,100.0,A,0,Not at risk,70-85%,Over 30h,Eligible,B (secondary)
2308,19.2,81.9,9.4,92.6,A,0,Not at risk,70-85%,10-20h,Eligible,B (secondary)
2309,13.7,100.0,5.7,74.3,B,0,Not at risk,Above 85%,10-20h,Eligible,B (secondary)
2310,18.7,78.1,6.6,91.8,A,0,Not at risk,70-85%,10-20h,Eligible,B (secondary)
2311,21.2,90.1,3.9,96.7,A,0,Not at risk,Above 85%,20-30h,Eligible,B (secondary)
2312,12.8,79.6,3.9,77.5,B,0,Not at risk,70-85%,10-20h,Eligible,B (secondary)
2313,27.6,93.5,3.8,100.0,A,0,Not at risk,Above 85%,20-30h,Eligible,B (secondary)
2314,16.6,74.8,3.7,100.0,A,0,Not at risk,70-85%,10-20h,Eligible,B (secondary)
2315,18.5,100.0,5.5,100.0,A,0,Not at risk,Above 85%,10-20h,Eligible,B (secondary)
2316,19.7,98.4,9.3,100.0,A,0,Not at risk,Above 85%,10-20h,Eligible,B (secondary)
2317,18.0,88.3,7.4,99.7,A,0,Not at risk,Above 85%,10-20h,Eligible,B (secondary)
2318,20.9,80.0,5.9,97.6,A,0,Not at risk,70-85%,20-30h,Eligible,B (secondary)
2319,10.7,67.2,6.0,80.1,B,0,Not at risk,50-70%,10-20h,Not eligible,B (secondary)
2320,11.1,88.0,4.6,88.4,A,0,Not at risk,Above 85%,10-20h,Eligible,B (secondary)
2321,7.3,85.7,6.1,66.3,C,0,Not at risk,Above 85%,Under 10h,Eligible,B (secondary)
2322,18.1,76.7,3.7,100.0,A,0,Not at risk,70-85%,10-20h,Eligible,B (secondary)
2323,20.5,85.9,6.5,100.0,A,0,Not at risk,Above 85%,20-30h,Eligible,B (secondary)
2324,18.2,68.6,6.1,100.0,A,0,Not at risk,50-70%,10-20h,Not eligible,B (secondary)
2325,26.7,100.0,3.4,97.2,A,0,Not at risk,Above 85%,20-30h,Eligible,B (secondary)
2326,15.0,83.2,10.0,100.0,A,0,Not at risk,70-85%,10-20h,Eligible,B (secondary)
2327,19.7,100.0,6.4,100.0,A,0,Not at risk,Above 85%,10-20h,Eligible,B (secondary)
2328,7.4,66.1,4.5,69.8,C,0,Not at risk,50-70%,Under 10h,Not eligible,B (secondary)
2329,12.3,82.7,6.6,73.9,B,0,Not at risk,70-85%,10-20h,Eligible,B (secondary)
2330,19.9,68.5,7.5,100.0,A,0,Not at risk,50-70%,10-20h,Not eligible,B (secondary)
2331,20.9,75.0,4.8,100.0,A,0,Not at risk,70-85%,20-30h,Eligible,B (secondary)
2332,12.9,96.6,3.5,89.9,A,0,Not at risk,Above 85%,10-20h,Eligible,B (secondary)
2333,14.5,100.0,7.2,89.8,A,0,Not at risk,Above 85%,10-20h,Eligible,B (secondary)
2334,4.4,91.9,8.0,66.9,C,0,Not at risk,Above 85%,Under 10h,Eligible,B (secondary)
2335,12.5,79.6,5.4,90.0,A,0,Not at risk,70-85%,10-20h,Eligible,B (secondary)
2336,21.2,88.7,6.2,98.7,A,0,Not at risk,Above 85%,20-30h,Eligible,B (secondary)
2337,19.0,86.9,6.7,94.9,A,0,Not at risk,Above 85%,10-20h,Eligible,B (secondary)
2338,18.5,92.0,5.9,85.2,A,0,Not at risk,Above 85%,10-20h,Eligible,B (secondary)
2339,15.3,83.1,8.3,90.5,A,0,Not at risk,70-85%,10-20h,Eligible,B (secondary)
2340,15.0,73.4,5.6,96.5,A,0,Not at risk,70-85%,10-20h,Eligible,B (secondary)
2341,10.4,79.4,10.0,84.3,B,0,Not at risk,70-85%,10-20h,Eligible,B (secondary)
2342,19.9,81.3,4.0,95.8,A,0,Not at risk,70-85%,10-20h,Eligible,B (secondary)
2343,17.9,89.0,4.6,85.4,A,0,Not at risk,Above 85%,10-20h,Eligible,B (secondary)
2344,18.4,82.1,7.8,98.8,A,0,Not at risk,70-85%,10-20h,Eligible,B (secondary)
2345,11.3,95.9,4.7,91.8,A,0,Not at risk,Above 85%,10-20h,Eligible,B (secondary)
2346,0.0,88.2,5.4,24.3,F,1,At risk,Above 85%,Under 10h,Eligible,B (secondary)
2347,22.7,94.9,6.4,100.0,A,0,Not at risk,Above 85%,20-30h,Eligible,B (secondary)
2348,11.6,80.9,8.5,65.9,C,0,Not at risk,70-85%,10-20h,Eligible,B (secondary)
2349,9.0,67.2,7.3,69.6,C,0,Not at risk,50-70%,Under 10h,Not eligible,B (secondary)
2350,19.9,87.2,4.7,100.0,A,0,Not at risk,Above 85%,10-20h,Eligible,B (secondary)
2351,12.3,67.5,6.9,85.8,A,0,Not at risk,50-70%,10-20h,Not eligible,B (secondary)
2352,22.4,94.0,6.7,100.0,A,0,Not at risk,Above 85%,20-30h,Eligible,B (secondary)
2353,19.3,93.4,7.8,98.9,A,0,Not at risk,Above 85%,10-20h,Eligible,B (secondary)
2354,19.8,81.2,9.3,100.0,A,0,Not at risk,70-85%,10-20h,Eligible,B (secondary)
2355,5.4,92.5,6.1,83.6,B,0,Not at risk,Above 85%,Under 10h,Eligible,B (secondary)
2356,23.5,94.8,1.2,100.0,A,0,Not at risk,Above 85%,20-30h,Eligible,B (secondary)
2357,16.8,81.4,7.3,81.7,B,0,Not at risk,70-85%,10-20h,Eligible,B (secondary)
2358,12.4,87.5,8.5,80.4,B,0,Not at risk,Above 85%,10-20h,Eligible,B (secondary)
2359,16.0,73.3,7.6,100.0,A,0,Not at risk,70-85%,10-20h,Eligible,B (secondary)
2360,2.6,96.8,5.4,61.8,C,0,Not at risk,Above 85%,Under 10h,Eligible,B (secondary)
2361,17.9,69.7,6.0,100.0,A,0,Not at risk,50-70%,10-20h,Not eligible,B (secondary)
2362,7.8,78.3,8.3,78.7,B,0,Not at risk,70-85%,Under 10h,Eligible,B (secondary)
2363,5.5,93.1,7.9,66.4,C,0,Not at risk,Above 85%,Under 10h,Eligible,B (secondary)
2364,4.3,83.7,6.4,63.9,C,0,Not at risk,70-85%,Under 10h,Eligible,B (secondary)
2365,22.8,98.7,7.4,100.0,A,0,Not at risk,Above 85%,20-30h,Eligible,B (secondary)
2366,10.6,100.0,6.7,54.7,D,1,At risk,Above 85%,10-20h,Eligible,B (secondary)
2367,25.7,75.3,2.0,100.0,A,0,Not at risk,70-85%,20-30h,Eligible,B (secondary)
2368,11.2,66.6,6.2,63.4,C,0,Not at risk,50-70%,10-20h,Not eligible,B (secondary)
2369,3.0,100.0,5.7,53.2,D,1,At risk,Above 85%,Under 10h,Eligible,B (secondary)
2370,7.2,89.3,7.1,74.1,B,0,Not at risk,Above 85%,Under 10h,Eligible,B (secondary)
2371,23.7,100.0,7.3,100.0,A,0,Not at risk,Above 85%,20-30h,Eligible,B (secondary)
2372,13.9,100.0,8.1,91.2,A,0,Not at risk,Above 85%,10-20h,Eligible,B (secondary)
2373,11.2,92.0,2.8,77.5,B,0,Not at risk,Above 85%,10-20h,Eligible,B (secondary)
2374,16.1,93.5,7.4,89.1,A,0,Not at risk,Above 85%,10-20h,Eligible,B (secondary)
2375,18.5,92.7,7.0,100.0,A,0,Not at risk,Above 85%,10-20h,Eligible,B (secondary)
2376,22.8,92.2,7.2,100.0,A,0,Not at risk,Above 85%,20-30h,Eligible,B (secondary)
2377,25.1,80.0,7.9,100.0,A,0,Not at risk,70-85%,20-30h,Eligible,B (secondary)
2378,12.5,97.9,4.0,97.1,A,0,Not at risk,Above 85%,10-20h,Eligible,B (secondary)
2379,5.7,85.7,6.0,60.5,C,0,Not at risk,Above 85%,Under 10h,Eligible,B (secondary)
2380,12.1,90.0,3.9,82.6,B,0,Not at risk,Above 85%,10-20h,Eligible,B (secondary)
2381,16.8,86.3,8.1,93.4,A,0,Not at risk,Above 85%,10-20h,Eligible,B (secondary)
2382,8.3,93.9,3.7,73.6,B,0,Not at risk,Above 85%,Under 10h,Eligible,B (secondary)
2383,8.3,90.3,2.9,80.8,B,0,Not at risk,Above 85%,Under 10h,Eligible,B (secondary)
2384,17.4,87.8,6.1,74.2,B,0,Not at risk,Above 85%,10-20h,Eligible,B (secondary)
2385,14.7,75.5,9.5,77.9,B,0,Not at risk,70-85%,10-20h,Eligible,B (secondary)
2386,15.2,81.9,2.4,98.8,A,0,Not at risk,70-85%,10-20h,Eligible,B (secondary)
2387,9.7,86.0,6.3,80.2,B,0,Not at risk,Above 85%,Under 10h,Eligible,B (secondary)
2388,13.4,79.8,5.8,80.4,B,0,Not at risk,70-85%,10-20h,Eligible,B (secondary)
2389,8.5,90.7,6.2,87.6,A,0,Not at risk,Above 85%,Under 10h,Eligible,B (secondary)
2390,21.2,92.5,4.3,100.0,A,0,Not at risk,Above 85%,20-30h,Eligible,B (secondary)
2391,22.2,62.8,4.8,91.7,A,0,Not at risk,50-70%,20-30h,Not eligible,B (secondary)
2392,2.1,72.9,6.3,46.2,D,1,At risk,70-85%,Under 10h,Eligible,B (secondary)
2393,8.5,76.0,4.7,83.6,B,0,Not at risk,70-85%,Under 10h,Eligible,B (secondary)
2394,4.5,80.6,2.3,54.9,D,1,At risk,70-85%,Under 10h,Eligible,B (secondary)
2395,10.4,80.2,6.6,67.6,C,0,Not at risk,70-85%,10-20h,Eligible,B (secondary)
2396,14.4,81.7,1.8,86.6,A,0,Not at risk,70-85%,10-20h,Eligible,B (secondary)
2397,4.9,86.5,6.8,44.0,D,1,At risk,Above 85%,Under 10h,Eligible,B (secondary)
2398,8.5,89.2,5.4,71.4,B,0,Not at risk,Above 85%,Under 10h,Eligible,B (secondary)
2399,8.0,91.9,8.2,87.5,A,0,Not at risk,Above 85%,Under 10h,Eligible,B (secondary)
2400,16.5,79.7,5.1,100.0,A,0,Not at risk,70-85%,10-20h,Eligible,B (secondary)
2401,15.5,75.6,5.0,97.6,A,0,Not at risk,70-85%,10-20h,Eligible,B (secondary)
2402,9.9,98.5,5.8,75.4,B,0,Not at risk,Above 85%,Under 10h,Eligible,B (secondary)
2403,16.2,99.6,4.6,84.1,B,0,Not at risk,Above 85%,10-20h,Eligible,B (secondary)
2404,11.2,71.3,7.0,83.3,B,0,Not at risk,70-85%,10-20h,Eligible,B (secondary)
2405,13.1,83.1,7.5,92.9,A,0,Not at risk,70-85%,10-20h,Eligible,B (secondary)
2406,26.7,100.0,6.0,100.0,A,0,Not at risk,Above 85%,20-30h,Eligible,B (secondary)
2407,24.4,85.4,5.0,100.0,A,0,Not at risk,Above 85%,20-30h,Eligible,B (secondary)
2408,5.9,68.2,8.9,63.3,C,0,Not at risk,50-70%,Under 10h,Not eligible,B (secondary)
2409,20.8,74.3,6.1,96.1,A,0,Not at risk,70-85%,20-30h,Eligible,B (secondary)
2410,20.7,82.4,6.3,94.3,A,0,Not at risk,70-85%,20-30h,Eligible,B (secondary)
2411,7.0,76.2,6.7,73.8,B,0,Not at risk,70-85%,Under 10h,Eligible,B (secondary)
2412,20.7,92.1,5.6,96.9,A,0,Not at risk,Above 85%,20-30h,Eligible,B (secondary)
2413,25.8,86.8,3.3,100.0,A,0,Not at risk,Above 85%,20-30h,Eligible,B (secondary)
2414,7.1,87.5,2.9,57.7,C,0,Not at risk,Above 85%,Under 10h,Eligible,B (secondary)
2415,8.6,70.9,4.7,70.3,B,0,Not at risk,70-85%,Under 10h,Eligible,B (secondary)
2416,22.1,71.9,5.8,100.0,A,0,Not at risk,70-85%,20-30h,Eligible,B (secondary)
2417,16.9,81.2,6.5,86.7,A,0,Not at risk,70-85%,10-20h,Eligible,B (secondary)
2418,18.9,80.3,6.8,96.8,A,0,Not at risk,70-85%,10-20h,Eligible,B (secondary)
2419,17.4,88.7,2.7,100.0,A,0,Not at risk,Above 85%,10-20h,Eligible,B (secondary)
2420,17.7,87.5,7.5,100.0,A,0,Not at risk,Above 85%,10-20h,Eligible,B (secondary)
2421,5.7,93.2,6.8,72.2,B,0,Not at risk,Above 85%,Under 10h,Eligible,B (secondary)
2422,22.3,86.5,6.7,99.8,A,0,Not at risk,Above 85%,20-30h,Eligible,B (secondary)
2423,23.2,84.9,6.0,100.0,A,0,Not at risk,70-85%,20-30h,Eligible,B (secondary)
2424,13.4,83.4,3.5,87.2,A,0,Not at risk,70-85%,10-20h,Eligible,B (secondary)
2425,14.7,84.0,5.6,84.7,B,0,Not at risk,70-85%,10-20h,Eligible,B (secondary)
2426,4.3,86.8,4.5,56.1,C,0,Not at risk,Above 85%,Under 10h,Eligible,B (secondary)
2427,18.6,92.0,6.7,96.9,A,0,Not at risk,Above 85%,10-20h,Eligible,B (secondary)
2428,19.0,93.3,3.6,100.0,A,0,Not at risk,Above 85%,10-20h,Eligible,B (secondary)
2429,14.6,88.4,9.8,87.8,A,0,Not at risk,Above 85%,10-20h,Eligible,B (secondary)
2430,22.9,78.6,9.8,100.0,A,0,Not at risk,70-85%,20-30h,Eligible,B (secondary)
2431,12.7,75.1,6.7,79.5,B,0,Not at risk,70-85%,10-20h,Eligible,B (secondary)
2432,19.0,77.2,7.9,99.5,A,0,Not at risk,70-85%,10-20h,Eligible,B (secondary)
2433,7.9,86.9,9.3,79.6,B,0,Not at risk,Above 85%,Under 10h,Eligible,B (secondary)
2434,14.8,93.6,9.2,94.9,A,0,Not at risk,Above 85%,10-20h,Eligible,B (secondary)
2435,13.8,63.9,7.9,73.8,B,0,Not at risk,50-70%,10-20h,Not eligible,B (secondary)
2436,16.6,69.1,4.9,88.1,A,0,Not at risk,50-70%,10-20h,Not eligible,B (secondary)
2437,12.4,100.0,8.0,67.6,C,0,Not at risk,Above 85%,10-20h,Eligible,B (secondary)
2438,14.1,84.1,5.4,100.0,A,0,Not at risk,70-85%,10-20h,Eligible,B (secondary)
2439,20.8,86.9,2.8,100.0,A,0,Not at risk,Above 85%,20-30h,Eligible,B (secondary)
2440,11.9,71.1,6.4,84.7,B,0,Not at risk,70-85%,10-20h,Eligible,B (secondary)
2441,3.8,76.6,4.2,67.7,C,0,Not at risk,70-85%,Under 10h,Eligible,B (secondary)
2442,27.2,81.0,4.0,100.0,A,0,Not at risk,70-85%,20-30h,Eligible,B (secondary)
2443,24.7,74.3,9.4,99.6,A,0,Not at risk,70-85%,20-30h,Eligible,B (secondary)
2444,6.0,68.7,7.1,53.9,D,1,At risk,50-70%,Under 10h,Not eligible,B (secondary)
2445,19.8,93.4,5.8,98.4,A,0,Not at risk,Above 85%,10-20h,Eligible,B (secondary)
2446,11.5,85.0,10.0,81.2,B,0,Not at risk,70-85%,10-20h,Eligible,B (secondary)
2447,16.8,80.1,7.2,99.7,A,0,Not at risk,70-85%,10-20h,Eligible,B (secondary)
2448,17.1,93.0,5.7,100.0,A,0,Not at risk,Above 85%,10-20h,Eligible,B (secondary)
2449,13.4,93.0,6.8,89.9,A,0,Not at risk,Above 85%,10-20h,Eligible,B (secondary)
2450,9.5,100.0,6.9,87.0,A,0,Not at risk,Above 85%,Under 10h,Eligible,B (secondary)
2451,10.2,84.9,5.2,73.1,B,0,Not at risk,70-85%,10-20h,Eligible,B (secondary)
2452,8.6,75.9,8.2,61.1,C,0,Not at risk,70-85%,Under 10h,Eligible,B (secondary)
2453,9.2,80.9,4.4,69.2,C,0,Not at risk,70-85%,Under 10h,Eligible,B (secondary)
2454,14.5,99.8,6.0,83.2,B,0,Not at risk,Above 85%,10-20h,Eligible,B (secondary)
2455,10.0,77.8,4.0,68.4,C,0,Not at risk,70-85%,Under 10h,Eligible,B (secondary)
2456,19.8,80.1,3.6,100.0,A,0,Not at risk,70-85%,10-20h,Eligible,B (secondary)
2457,25.4,96.4,4.3,100.0,A,0,Not at risk,Above 85%,20-30h,Eligible,B (secondary)
2458,10.9,83.7,7.7,62.6,C,0,Not at risk,70-85%,10-20h,Eligible,B (secondary)
2459,16.7,100.0,4.7,67.9,C,0,Not at risk,Above 85%,10-20h,Eligible,B (secondary)
2460,18.5,98.6,4.9,97.5,A,0,Not at risk,Above 85%,10-20h,Eligible,B (secondary)
2461,18.3,90.5,5.8,90.6,A,0,Not at risk,Above 85%,10-20h,Eligible,B (secondary)
2462,15.5,92.4,4.7,72.0,B,0,Not at risk,Above 85%,10-20h,Eligible,B (secondary)
2463,20.2,80.5,6.9,100.0,A,0,Not at risk,70-85%,20-30h,Eligible,B (secondary)
2464,18.4,80.8,4.3,100.0,A,0,Not at risk,70-85%,10-20h,Eligible,B (secondary)
2465,6.3,98.5,4.4,77.2,B,0,Not at risk,Above 85%,Under 10h,Eligible,B (secondary)
2466,21.1,93.9,4.9,100.0,A,0,Not at risk,Above 85%,20-30h,Eligible,B (secondary)
2467,21.2,96.2,7.7,100.0,A,0,Not at risk,Above 85%,20-30h,Eligible,B (secondary)
2468,9.7,88.6,4.6,73.5,B,0,Not at risk,Above 85%,Under 10h,Eligible,B (secondary)
2469,15.3,84.5,4.5,85.0,A,0,Not at risk,70-85%,10-20h,Eligible,B (secondary)
2470,19.8,78.6,6.7,75.2,B,0,Not at risk,70-85%,10-20h,Eligible,B (secondary)
2471,13.5,91.2,2.4,64.0,C,0,Not at risk,Above 85%,10-20h,Eligible,B (secondary)
2472,22.5,73.5,3.4,100.0,A,0,Not at risk,70-85%,20-30h,Eligible,B (secondary)
2473,31.5,95.8,8.1,100.0,A,0,Not at risk,Above 85%,Over 30h,Eligible,B (secondary)
2474,9.5,84.5,7.9,81.5,B,0,Not at risk,70-85%,Under 10h,Eligible,B (secondary)
2475,5.3,93.9,4.6,60.9,C,0,Not at risk,Above 85%,Under 10h,Eligible,B (secondary)
2476,17.1,95.6,6.4,76.5,B,0,Not at risk,Above 85%,10-20h,Eligible,B (secondary)
2477,20.1,80.0,8.7,87.3,A,0,Not at risk,70-85%,20-30h,Eligible,B (secondary)
2478,13.4,87.9,6.2,74.0,B,0,Not at risk,Above 85%,10-20h,Eligible,B (secondary)
2479,25.2,87.3,5.8,100.0,A,0,Not at risk,Above 85%,20-30h,Eligible,B (secondary)
2480,5.6,76.4,4.8,74.9,B,0,Not at risk,70-85%,Under 10h,Eligible,B (secondary)
2481,19.9,99.9,6.2,96.9,A,0,Not at risk,Above 85%,10-20h,Eligible,B (secondary)
2482,10.8,90.2,4.6,88.5,A,0,Not at risk,Above 85%,10-20h,Eligible,B (secondary)
2483,27.0,78.4,4.6,100.0,A,0,Not at risk,70-85%,20-30h,Eligible,B (secondary)
2484,28.9,85.8,3.9,100.0,A,0,Not at risk,Above 85%,20-30h,Eligible,B (secondary)
2485,9.6,76.1,9.1,82.0,B,0,Not at risk,70-85%,Under 10h,Eligible,B (secondary)
2486,11.2,100.0,8.1,81.2,B,0,Not at risk,Above 85%,10-20h,Eligible,B (secondary)
2487,21.0,89.9,1.8,100.0,A,0,Not at risk,Above 85%,20-30h,Eligible,B (secondary)
2488,12.3,86.3,5.5,95.0,A,0,Not at risk,Above 85%,10-20h,Eligible,B (secondary)
2489,14.7,78.3,8.6,87.5,A,0,Not at risk,70-85%,10-20h,Eligible,B (secondary)
2490,15.2,100.0,2.9,95.0,A,0,Not at risk,Above 85%,10-20h,Eligible,B (secondary)
2491,1.6,85.8,6.0,61.9,C,0,Not at risk,Above 85%,Under 10h,Eligible,B (secondary)
2492,14.9,96.8,6.0,78.3,B,0,Not at risk,Above 85%,10-20h,Eligible,B (secondary)
2493,10.2,87.3,5.4,73.3,B,0,Not at risk,Above 85%,10-20h,Eligible,B (secondary)
2494,11.5,90.3,4.2,94.1,A,0,Not at risk,Above 85%,10-20h,Eligible,B (secondary)
2495,25.1,82.7,8.8,100.0,A,0,Not at risk,70-85%,20-30h,Eligible,B (secondary)
2496,6.2,83.0,2.3,72.9,B,0,Not at risk,70-85%,Under 10h,Eligible,B (secondary)
2497,20.7,90.4,7.8,100.0,A,0,Not at risk,Above 85%,20-30h,Eligible,B (secondary)
2498,13.0,69.2,5.2,97.9,A,0,Not at risk,50-70%,10-20h,Not eligible,B (secondary)
2499,13.0,79.6,7.8,85.8,A,0,Not at risk,70-85%,10-20h,Eligible,B (secondary)
2500,20.5,83.9,7.2,100.0,A,0,Not at risk,70-85%,20-30h,Eligible,B (secondary)
2501,17.4,100.0,7.7,98.0,A,0,Not at risk,Above 85%,10-20h,Eligible,B (secondary)
2502,19.0,86.3,6.0,100.0,A,0,Not at risk,Above 85%,10-20h,Eligible,B (secondary)
2503,21.8,100.0,6.9,93.7,A,0,Not at risk,Above 85%,20-30h,Eligible,B (secondary)
2504,12.7,67.7,9.3,81.1,B,0,Not at risk,50-70%,10-20h,Not eligible,B (secondary)
2505,10.7,75.9,5.5,76.6,B,0,Not at risk,70-85%,10-20h,Eligible,B (secondary)
2506,7.4,92.1,5.7,61.7,C,0,Not at risk,Above 85%,Under 10h,Eligible,B (secondary)
2507,9.2,71.3,10.0,69.9,C,0,Not at risk,70-85%,Under 10h,Eligible,B (secondary)
2508,35.6,81.4,8.8,100.0,A,0,Not at risk,70-85%,Over 30h,Eligible,B (secondary)
2509,23.7,88.3,6.8,100.0,A,0,Not at risk,Above 85%,20-30h,Eligible,B (secondary)
2510,5.5,78.4,5.2,71.4,B,0,Not at risk,70-85%,Under 10h,Eligible,B (secondary)
2511,5.7,83.9,5.8,58.7,C,0,Not at risk,70-85%,Under 10h,Eligible,B (secondary)
2512,18.4,75.5,6.3,100.0,A,0,Not at risk,70-85%,10-20h,Eligible,B (secondary)
2513,18.8,96.3,9.3,100.0,A,0,Not at risk,Above 85%,10-20h,Eligible,B (secondary)
2514,18.8,80.6,5.1,81.5,B,0,Not at risk,70-85%,10-20h,Eligible,B (secondary)
2515,13.2,69.9,8.1,99.8,A,0,Not at risk,50-70%,10-20h,Not eligible,B (secondary)
2516,14.1,77.0,7.7,70.3,B,0,Not at risk,70-85%,10-20h,Eligible,B (secondary)
2517,17.3,66.1,6.0,88.4,A,0,Not at risk,50-70%,10-20h,Not eligible,B (secondary)
2518,15.6,71.7,6.7,100.0,A,0,Not at risk,70-85%,10-20h,Eligible,B (secondary)
2519,0.0,85.5,7.8,34.4,F,1,At risk,Above 85%,Under 10h,Eligible,B (secondary)
2520,13.4,86.9,8.4,81.7,B,0,Not at risk,Above 85%,10-20h,Eligible,B (secondary)
2521,9.0,80.4,9.4,66.9,C,0,Not at risk,70-85%,Under 10h,Eligible,B (secondary)
2522,16.2,90.3,7.2,100.0,A,0,Not at risk,Above 85%,10-20h,Eligible,B (secondary)
2523,35.9,98.7,6.1,100.0,A,0,Not at risk,Above 85%,Over 30h,Eligible,B (secondary)
2524,17.6,89.8,4.1,92.9,A,0,Not at risk,Above 85%,10-20h,Eligible,B (secondary)
2525,12.8,80.0,1.6,83.7,B,0,Not at risk,70-85%,10-20h,Eligible,B (secondary)
2526,21.5,87.6,3.9,100.0,A,0,Not at risk,Above 85%,20-30h,Eligible,B (secondary)
2527,18.4,84.1,6.3,99.0,A,0,Not at risk,70-85%,10-20h,Eligible,B (secondary)
2528,17.9,92.1,5.5,100.0,A,0,Not at risk,Above 85%,10-20h,Eligible,B (secondary)
2529,19.2,88.9,5.5,82.7,B,0,Not at risk,Above 85%,10-20h,Eligible,B (secondary)
2530,29.4,79.5,7.1,100.0,A,0,Not at risk,70-85%,20-30h,Eligible,B (secondary)
2531,7.1,75.0,5.9,74.5,B,0,Not at risk,70-85%,Under 10h,Eligible,B (secondary)
2532,18.3,88.8,3.4,98.3,A,0,Not at risk,Above 85%,10-20h,Eligible,B (secondary)
2533,8.5,94.5,7.0,76.0,B,0,Not at risk,Above 85%,Under 10h,Eligible,B (secondary)
2534,18.9,99.1,5.1,87.2,A,0,Not at risk,Above 85%,10-20h,Eligible,B (secondary)
2535,8.6,83.8,5.3,71.0,B,0,Not at risk,70-85%,Under 10h,Eligible,B (secondary)
2536,12.1,88.9,7.1,84.1,B,0,Not at risk,Above 85%,10-20h,Eligible,B (secondary)
2537,12.9,98.4,7.0,93.2,A,0,Not at risk,Above 85%,10-20h,Eligible,B (secondary)
2538,21.8,94.0,4.6,100.0,A,0,Not at risk,Above 85%,20-30h,Eligible,B (secondary)
2539,21.4,81.6,4.9,100.0,A,0,Not at risk,70-85%,20-30h,Eligible,B (secondary)
2540,6.3,88.8,9.8,63.7,C,0,Not at risk,Above 85%,Under 10h,Eligible,B (secondary)
2541,15.4,85.1,2.2,85.6,A,0,Not at risk,Above 85%,10-20h,Eligible,B (secondary)
2542,10.0,79.9,8.0,79.9,B,0,Not at risk,70-85%,Under 10h,Eligible,B (secondary)
2543,6.2,80.7,6.0,59.4,C,0,Not at risk,70-85%,Under 10h,Eligible,B (secondary)
2544,13.5,85.7,8.3,83.2,B,0,Not at risk,Above 85%,10-20h,Eligible,B (secondary)
2545,12.8,79.3,5.8,90.3,A,0,Not at risk,70-85%,10-20h,Eligible,B (secondary)
2546,32.0,81.0,5.0,100.0,A,0,Not at risk,70-85%,Over 30h,Eligible,B (secondary)
2547,18.0,95.7,4.2,89.6,A,0,Not at risk,Above 85%,10-20h,Eligible,B (secondary)
2548,5.4,69.2,10.0,49.3,D,1,At risk,50-70%,Under 10h,Not eligible,B (secondary)
2549,11.0,85.4,5.9,86.4,A,0,Not at risk,Above 85%,10-20h,Eligible,B (secondary)
2550,22.1,83.8,4.1,100.0,A,0,Not at risk,70-85%,20-30h,Eligible,B (secondary)
2551,29.6,74.9,4.1,100.0,A,0,Not at risk,70-85%,20-30h,Eligible,B (secondary)
2552,3.9,86.9,5.2,66.1,C,0,Not at risk,Above 85%,Under 10h,Eligible,B (secondary)
2553,1.8,79.9,7.1,36.0,F,1,At risk,70-85%,Under 10h,Eligible,B (secondary)
2554,28.1,95.0,4.2,100.0,A,0,Not at risk,Above 85%,20-30h,Eligible,B (secondary)
2555,17.7,87.7,4.5,100.0,A,0,Not at risk,Above 85%,10-20h,Eligible,B (secondary)
2556,8.9,90.7,8.2,74.3,B,0,Not at risk,Above 85%,Under 10h,Eligible,B (secondary)
2557,18.7,69.2,2.7,98.5,A,0,Not at risk,50-70%,10-20h,Not eligible,B (secondary)
2558,0.0,72.4,5.5,48.9,D,1,At risk,70-85%,Under 10h,Eligible,B (secondary)
2559,15.0,100.0,6.9,98.0,A,0,Not at risk,Above 85%,10-20h,Eligible,B (secondary)
2560,17.3,89.7,7.1,95.4,A,0,Not at risk,Above 85%,10-20h,Eligible,B (secondary)
2561,21.5,78.6,4.1,100.0,A,0,Not at risk,70-85%,20-30h,Eligible,B (secondary)
2562,7.9,100.0,5.8,65.7,C,0,Not at risk,Above 85%,Under 10h,Eligible,B (secondary)
2563,15.6,84.8,5.1,98.1,A,0,Not at risk,70-85%,10-20h,Eligible,B (secondary)
2564,8.5,80.7,5.0,87.8,A,0,Not at risk,70-85%,Under 10h,Eligible,B (secondary)
2565,16.8,80.3,6.6,82.1,B,0,Not at risk,70-85%,10-20h,Eligible,B (secondary)
2566,8.7,70.9,5.2,59.2,C,0,Not at risk,70-85%,Under 10h,Eligible,B (secondary)
2567,12.1,90.8,7.0,99.2,A,0,Not at risk,Above 85%,10-20h,Eligible,B (secondary)
2568,8.0,94.6,8.0,55.2,C,0,Not at risk,Above 85%,Under 10h,Eligible,B (secondary)
2569,19.6,97.1,4.2,92.1,A,0,Not at risk,Above 85%,10-20h,Eligible,B (secondary)
2570,21.0,76.7,2.9,89.2,A,0,Not at risk,70-85%,20-30h,Eligible,B (secondary)
2571,13.4,85.3,6.5,76.8,B,0,Not at risk,Above 85%,10-20h,Eligible,B (secondary)
2572,15.3,79.0,4.0,100.0,A,0,Not at risk,70-85%,10-20h,Eligible,B (secondary)
2573,4.9,85.0,5.6,71.1,B,0,Not at risk,70-85%,Under 10h,Eligible,B (secondary)
2574,12.9,79.7,9.4,92.4,A,0,Not at risk,70-85%,10-20h,Eligible,B (secondary)
2575,14.6,70.9,3.5,76.7,B,0,Not at risk,70-85%,10-20h,Eligible,B (secondary)
2576,33.3,100.0,3.4,100.0,A,0,Not at risk,Above 85%,Over 30h,Eligible,B (secondary)
2577,7.2,85.6,6.3,72.6,B,0,Not at risk,Above 85%,Under 10h,Eligible,B (secondary)
2578,25.2,91.6,6.2,100.0,A,0,Not at risk,Above 85%,20-30h,Eligible,B (secondary)
2579,22.0,100.0,6.1,91.0,A,0,Not at risk,Above 85%,20-30h,Eligible,B (secondary)
2580,17.0,86.5,4.0,90.2,A,0,Not at risk,Above 85%,10-20h,Eligible,B (secondary)
2581,27.3,100.0,3.2,100.0,A,0,Not at risk,Above 85%,20-30h,Eligible,B (secondary)
2582,17.6,91.5,9.5,100.0,A,0,Not at risk,Above 85%,10-20h,Eligible,B (secondary)
2583,17.7,61.1,6.4,100.0,A,0,Not at risk,50-70%,10-20h,Not eligible,B (secondary)
2584,14.6,80.0,6.5,79.5,B,0,Not at risk,70-85%,10-20h,Eligible,B (secondary)
2585,23.6,67.2,6.8,100.0,A,0,Not at risk,50-70%,20-30h,Not eligible,B (secondary)
2586,22.7,80.6,8.1,100.0,A,0,Not at risk,70-85%,20-30h,Eligible,B (secondary)
2587,10.6,73.9,10.0,53.1,D,1,At risk,70-85%,10-20h,Eligible,B (secondary)
2588,5.8,94.8,6.8,52.5,D,1,At risk,Above 85%,Under 10h,Eligible,B (secondary)
2589,13.6,84.5,9.1,73.7,B,0,Not at risk,70-85%,10-20h,Eligible,B (secondary)
2590,9.4,76.8,5.0,81.5,B,0,Not at risk,70-85%,Under 10h,Eligible,B (secondary)
2591,14.6,95.4,4.1,94.6,A,0,Not at risk,Above 85%,10-20h,Eligible,B (secondary)
2592,23.7,82.4,7.2,100.0,A,0,Not at risk,70-85%,20-30h,Eligible,B (secondary)
2593,11.8,89.0,5.9,75.4,B,0,Not at risk,Above 85%,10-20h,Eligible,B (secondary)
2594,14.7,73.5,4.3,100.0,A,0,Not at risk,70-85%,10-20h,Eligible,B (secondary)
2595,15.4,81.3,3.5,89.3,A,0,Not at risk,70-85%,10-20h,Eligible,B (secondary)
2596,20.9,92.4,7.0,100.0,A,0,Not at risk,Above 85%,20-30h,Eligible,B (secondary)
2597,0.0,100.0,6.0,61.6,C,0,Not at risk,Above 85%,Under 10h,Eligible,B (secondary)
2598,10.8,85.5,7.3,82.2,B,0,Not at risk,Above 85%,10-20h,Eligible,B (secondary)
2599,16.5,90.0,7.6,97.3,A,0,Not at risk,Above 85%,10-20h,Eligible,B (secondary)
2600,23.4,100.0,6.2,100.0,A,0,Not at risk,Above 85%,20-30h,Eligible,B (secondary)
2601,11.6,66.9,4.4,78.6,B,0,Not at risk,50-70%,10-20h,Not eligible,B (secondary)
2602,1.9,83.8,6.1,56.0,C,0,Not at risk,70-85%,Under 10h,Eligible,B (secondary)
2603,19.3,90.6,4.6,95.2,A,0,Not at risk,Above 85%,10-20h,Eligible,B (secondary)
2604,10.6,79.6,3.1,88.4,A,0,Not at risk,70-85%,10-20h,Eligible,B (secondary)
2605,6.7,78.6,5.6,55.3,C,0,Not at risk,70-85%,Under 10h,Eligible,B (secondary)
2606,10.6,65.5,7.4,67.7,C,0,Not at risk,50-70%,10-20h,Not eligible,B (secondary)
2607,13.7,97.7,2.8,68.7,C,0,Not at risk,Above 85%,10-20h,Eligible,B (secondary)
2608,10.8,68.1,5.1,68.5,C,0,Not at risk,50-70%,10-20h,Not eligible,B (secondary)
2609,0.0,89.4,6.6,43.8,D,1,At risk,Above 85%,Under 10h,Eligible,B (secondary)
2610,21.3,88.0,2.7,100.0,A,0,Not at risk,Above 85%,20-30h,Eligible,B (secondary)
2611,23.9,76.3,8.5,98.1,A,0,Not at risk,70-85%,20-30h,Eligible,B (secondary)
2612,19.6,78.0,8.2,88.6,A,0,Not at risk,70-85%,10-20h,Eligible,B (secondary)
2613,7.0,93.7,8.1,83.7,B,0,Not at risk,Above 85%,Under 10h,Eligible,B (secondary)
2614,13.6,87.3,5.6,94.6,A,0,Not at risk,Above 85%,10-20h,Eligible,B (secondary)
2615,15.0,81.5,6.0,65.0,C,0,Not at risk,70-85%,10-20h,Eligible,B (secondary)
2616,19.2,80.8,3.5,84.3,B,0,Not at risk,70-85%,10-20h,Eligible,B (secondary)
2617,19.7,76.7,4.3,98.4,A,0,Not at risk,70-85%,10-20h,Eligible,B (secondary)
2618,9.9,92.5,6.7,66.5,C,0,Not at risk,Above 85%,Under 10h,Eligible,B (secondary)
2619,15.6,94.3,4.7,73.6,B,0,Not at risk,Above 85%,10-20h,Eligible,B (secondary)
2620,18.2,87.8,5.9,100.0,A,0,Not at risk,Above 85%,10-20h,Eligible,B (secondary)
2621,25.2,93.1,7.3,100.0,A,0,Not at risk,Above 85%,20-30h,Eligible,B (secondary)
2622,19.9,81.8,4.3,76.5,B,0,Not at risk,70-85%,10-20h,Eligible,B (secondary)
2623,20.5,88.2,5.8,97.6,A,0,Not at risk,Above 85%,20-30h,Eligible,B (secondary)
2624,15.6,75.9,6.0,86.9,A,0,Not at risk,70-85%,10-20h,Eligible,B (secondary)
2625,24.9,85.0,5.0,100.0,A,0,Not at risk,70-85%,20-30h,Eligible,B (secondary)
2626,17.9,98.2,6.5,90.3,A,0,Not at risk,Above 85%,10-20h,Eligible,B (secondary)
2627,9.0,83.5,5.4,71.0,B,0,Not at risk,70-85%,Under 10h,Eligible,B (secondary)
2628,24.8,87.0,4.8,100.0,A,0,Not at risk,Above 85%,20-30h,Eligible,B (secondary)
2629,19.9,84.4,5.7,88.0,A,0,Not at risk,70-85%,10-20h,Eligible,B (secondary)
2630,11.9,94.1,5.2,73.0,B,0,Not at risk,Above 85%,10-20h,Eligible,B (secondary)
2631,11.6,84.0,9.1,81.2,B,0,Not at risk,70-85%,10-20h,Eligible,B (secondary)
2632,17.1,75.5,9.1,89.9,A,0,Not at risk,70-85%,10-20h,Eligible,B (secondary)
2633,18.2,83.1,10.0,99.2,A,0,Not at risk,70-85%,10-20h,Eligible,B (secondary)
2634,16.4,95.7,6.9,81.8,B,0,Not at risk,Above 85%,10-20h,Eligible,B (secondary)
2635,17.2,83.8,8.7,100.0,A,0,Not at risk,70-85%,10-20h,Eligible,B (secondary)
2636,26.9,85.7,5.9,100.0,A,0,Not at risk,Above 85%,20-30h,Eligible,B (secondary)
2637,22.5,76.4,4.7,100.0,A,0,Not at risk,70-85%,20-30h,Eligible,B (secondary)
2638,16.3,66.0,0.7,87.7,A,0,Not at risk,50-70%,10-20h,Not eligible,B (secondary)
2639,21.6,95.2,5.2,100.0,A,0,Not at risk,Above 85%,20-30h,Eligible,B (secondary)
2640,7.8,75.3,4.1,74.9,B,0,Not at risk,70-85%,Under 10h,Eligible,B (secondary)
2641,17.8,95.7,5.1,84.8,B,0,Not at risk,Above 85%,10-20h,Eligible,B (secondary)
2642,27.7,85.9,3.3,100.0,A,0,Not at risk,Above 85%,20-30h,Eligible,B (secondary)
2643,13.5,78.7,7.2,88.6,A,0,Not at risk,70-85%,10-20h,Eligible,B (secondary)
2644,9.1,75.4,10.0,59.1,C,0,Not at risk,70-85%,Under 10h,Eligible,B (secondary)
2645,10.4,100.0,4.3,78.5,B,0,Not at risk,Above 85%,10-20h,Eligible,B (secondary)
2646,7.4,88.3,6.1,64.9,C,0,Not at risk,Above 85%,Under 10h,Eligible,B (secondary)
2647,9.5,91.5,9.0,82.8,B,0,Not at risk,Above 85%,Under 10h,Eligible,B (secondary)
2648,12.4,93.1,4.7,61.1,C,0,Not at risk,Above 85%,10-20h,Eligible,B (secondary)
2649,5.2,80.4,2.4,64.3,C,0,Not at risk,70-85%,Under 10h,Eligible,B (secondary)
2650,15.1,82.7,8.1,92.1,A,0,Not at risk,70-85%,10-20h,Eligible,B (secondary)
2651,21.3,88.5,10.0,100.0,A,0,Not at risk,Above 85%,20-30h,Eligible,B (secondary)
2652,8.6,72.2,5.2,71.3,B,0,Not at risk,70-85%,Under 10h,Eligible,B (secondary)
2653,25.6,61.8,4.3,100.0,A,0,Not at risk,50-70%,20-30h,Not eligible,B (secondary)
2654,18.6,88.9,5.1,92.3,A,0,Not at risk,Above 85%,10-20h,Eligible,B (secondary)
2655,22.2,89.4,3.4,100.0,A,0,Not at risk,Above 85%,20-30h,Eligible,B (secondary)
2656,10.4,98.8,5.8,64.5,C,0,Not at risk,Above 85%,10-20h,Eligible,B (secondary)
2657,21.0,97.0,4.8,94.7,A,0,Not at risk,Above 85%,20-30h,Eligible,B (secondary)
2658,7.4,83.3,6.0,47.3,D,1,At risk,70-85%,Under 10h,Eligible,B (secondary)
2659,21.2,90.7,6.6,98.6,A,0,Not at risk,Above 85%,20-30h,Eligible,B (secondary)
2660,16.2,68.1,6.7,78.6,B,0,Not at risk,50-70%,10-20h,Not eligible,B (secondary)
2661,18.9,69.1,5.0,100.0,A,0,Not at risk,50-70%,10-20h,Not eligible,B (secondary)
2662,6.8,92.0,5.9,73.3,B,0,Not at risk,Above 85%,Under 10h,Eligible,B (secondary)
2663,8.7,86.5,4.6,66.7,C,0,Not at risk,Above 85%,Under 10h,Eligible,B (secondary)
2664,19.2,100.0,2.9,100.0,A,0,Not at risk,Above 85%,10-20h,Eligible,B (secondary)
2665,8.4,95.4,3.6,73.0,B,0,Not at risk,Above 85%,Under 10h,Eligible,B (secondary)
2666,18.2,100.0,5.2,92.9,A,0,Not at risk,Above 85%,10-20h,Eligible,B (secondary)
2667,5.4,83.9,3.4,56.5,C,0,Not at risk,70-85%,Under 10h,Eligible,B (secondary)
2668,20.9,89.8,4.8,94.3,A,0,Not at risk,Above 85%,20-30h,Eligible,B (secondary)
2669,6.4,86.5,3.2,50.1,D,1,At risk,Above 85%,Under 10h,Eligible,B (secondary)
2670,18.9,92.1,0.6,100.0,A,0,Not at risk,Above 85%,10-20h,Eligible,B (secondary)
2671,19.4,89.5,7.3,98.9,A,0,Not at risk,Above 85%,10-20h,Eligible,B (secondary)
2672,10.1,78.6,7.1,82.1,B,0,Not at risk,70-85%,10-20h,Eligible,B (secondary)
2673,19.1,70.4,8.1,93.1,A,0,Not at risk,70-85%,10-20h,Eligible,B (secondary)
2674,16.8,92.1,4.7,78.0,B,0,Not at risk,Above 85%,10-20h,Eligible,B (secondary)
2675,11.2,85.0,6.3,83.3,B,0,Not at risk,70-85%,10-20h,Eligible,B (secondary)
2676,7.9,86.8,8.9,62.8,C,0,Not at risk,Above 85%,Under 10h,Eligible,B (secondary)
2677,1.3,100.0,8.0,69.0,C,0,Not at risk,Above 85%,Under 10h,Eligible,B (secondary)
2678,17.4,93.5,1.0,90.5,A,0,Not at risk,Above 85%,10-20h,Eligible,B (secondary)
2679,4.0,82.4,8.4,73.6,B,0,Not at risk,70-85%,Under 10h,Eligible,B (secondary)
2680,15.7,85.8,5.7,92.5,A,0,Not at risk,Above 85%,10-20h,Eligible,B (secondary)
2681,13.2,98.1,6.2,85.3,A,0,Not at risk,Above 85%,10-20h,Eligible,B (secondary)
2682,19.8,88.6,9.0,100.0,A,0,Not at risk,Above 85%,10-20h,Eligible,B (secondary)
2683,12.9,93.0,6.6,74.7,B,0,Not at risk,Above 85%,10-20h,Eligible,B (secondary)
2684,12.7,75.0,6.8,90.1,A,0,Not at risk,70-85%,10-20h,Eligible,B (secondary)
2685,20.1,80.8,4.1,100.0,A,0,Not at risk,70-85%,20-30h,Eligible,B (secondary)
2686,17.3,81.7,6.7,89.9,A,0,Not at risk,70-85%,10-20h,Eligible,B (secondary)
2687,17.2,91.4,4.5,99.2,A,0,Not at risk,Above 85%,10-20h,Eligible,B (secondary)
2688,18.3,98.4,4.9,88.1,A,0,Not at risk,Above 85%,10-20h,Eligible,B (secondary)
2689,4.3,92.9,7.6,79.4,B,0,Not at risk,Above 85%,Under 10h,Eligible,B (secondary)
2690,20.3,92.2,4.6,100.0,A,0,Not at risk,Above 85%,20-30h,Eligible,B (secondary)
2691,19.3,88.9,5.4,74.6,B,0,Not at risk,Above 85%,10-20h,Eligible,B (secondary)
2692,7.9,100.0,4.1,76.9,B,0,Not at risk,Above 85%,Under 10h,Eligible,B (secondary)
2693,13.3,91.2,4.3,73.1,B,0,Not at risk,Above 85%,10-20h,Eligible,B (secondary)
2694,14.7,81.6,5.0,81.2,B,0,Not at risk,70-85%,10-20h,Eligible,B (secondary)
2695,14.1,83.0,2.6,99.9,A,0,Not at risk,70-85%,10-20h,Eligible,B (secondary)
2696,17.3,77.8,7.7,100.0,A,0,Not at risk,70-85%,10-20h,Eligible,B (secondary)
2697,25.0,80.7,8.3,100.0,A,0,Not at risk,70-85%,20-30h,Eligible,B (secondary)
2698,22.6,77.5,3.7,100.0,A,0,Not at risk,70-85%,20-30h,Eligible,B (secondary)
2699,5.8,75.5,6.3,63.4,C,0,Not at risk,70-85%,Under 10h,Eligible,B (secondary)
2700,19.4,89.2,6.0,100.0,A,0,Not at risk,Above 85%,10-20h,Eligible,B (secondary)
2701,24.3,92.5,7.1,100.0,A,0,Not at risk,Above 85%,20-30h,Eligible,B (secondary)
2702,17.7,73.8,4.6,96.4,A,0,Not at risk,70-85%,10-20h,Eligible,B (secondary)
2703,22.6,82.7,3.2,95.0,A,0,Not at risk,70-85%,20-30h,Eligible,B (secondary)
2704,29.1,74.5,3.7,100.0,A,0,Not at risk,70-85%,20-30h,Eligible,B (secondary)
2705,22.2,95.2,6.2,100.0,A,0,Not at risk,Above 85%,20-30h,Eligible,B (secondary)
2706,16.7,77.9,5.3,100.0,A,0,Not at risk,70-85%,10-20h,Eligible,B (secondary)
2707,22.3,70.2,7.8,100.0,A,0,Not at risk,70-85%,20-30h,Eligible,B (secondary)
2708,16.0,93.5,6.1,97.8,A,0,Not at risk,Above 85%,10-20h,Eligible,B (secondary)
2709,15.2,94.6,5.9,82.7,B,0,Not at risk,Above 85%,10-20h,Eligible,B (secondary)
2710,12.5,69.1,5.5,66.6,C,0,Not at risk,50-70%,10-20h,Not eligible,B (secondary)
2711,25.9,78.8,10.0,100.0,A,0,Not at risk,70-85%,20-30h,Eligible,B (secondary)
2712,9.3,100.0,8.6,84.1,B,0,Not at risk,Above 85%,Under 10h,Eligible,B (secondary)
2713,25.7,71.3,7.3,100.0,A,0,Not at risk,70-85%,20-30h,Eligible,B (secondary)
2714,18.5,71.3,5.3,93.7,A,0,Not at risk,70-85%,10-20h,Eligible,B (secondary)
2715,5.2,74.5,5.6,72.7,B,0,Not at risk,70-85%,Under 10h,Eligible,B (secondary)
2716,17.6,72.8,4.2,100.0,A,0,Not at risk,70-85%,10-20h,Eligible,B (secondary)
2717,0.3,90.7,7.0,50.0,D,1,At risk,Above 85%,Under 10h,Eligible,B (secondary)
2718,19.4,94.7,6.9,100.0,A,0,Not at risk,Above 85%,10-20h,Eligible,B (secondary)
2719,21.2,71.4,9.3,100.0,A,0,Not at risk,70-85%,20-30h,Eligible,B (secondary)
2720,10.9,99.7,7.8,90.0,A,0,Not at risk,Above 85%,10-20h,Eligible,B (secondary)
2721,15.9,70.0,4.0,83.0,B,0,Not at risk,50-70%,10-20h,Eligible,B (secondary)
2722,28.7,87.1,8.5,100.0,A,0,Not at risk,Above 85%,20-30h,Eligible,B (secondary)
2723,11.5,91.7,6.3,74.2,B,0,Not at risk,Above 85%,10-20h,Eligible,B (secondary)
2724,7.6,100.0,3.9,67.9,C,0,Not at risk,Above 85%,Under 10h,Eligible,B (secondary)
2725,25.4,100.0,4.6,100.0,A,0,Not at risk,Above 85%,20-30h,Eligible,B (secondary)
2726,28.7,78.0,6.0,100.0,A,0,Not at risk,70-85%,20-30h,Eligible,B (secondary)
2727,15.0,90.9,6.4,81.8,B,0,Not at risk,Above 85%,10-20h,Eligible,B (secondary)
2728,22.1,81.3,6.8,99.7,A,0,Not at risk,70-85%,20-30h,Eligible,B (secondary)
2729,24.4,100.0,10.0,100.0,A,0,Not at risk,Above 85%,20-30h,Eligible,B (secondary)
2730,9.8,72.6,2.3,80.0,B,0,Not at risk,70-85%,Under 10h,Eligible,B (secondary)
2731,11.6,80.0,5.0,56.7,C,0,Not at risk,70-85%,10-20h,Eligible,B (secondary)
2732,23.6,72.3,4.0,100.0,A,0,Not at risk,70-85%,20-30h,Eligible,B (secondary)
2733,26.8,80.9,8.8,100.0,A,0,Not at risk,70-85%,20-30h,Eligible,B (secondary)
2734,18.9,78.2,5.6,100.0,A,0,Not at risk,70-85%,10-20h,Eligible,B (secondary)
2735,8.8,71.4,6.1,81.0,B,0,Not at risk,70-85%,Under 10h,Eligible,B (secondary)
2736,28.9,87.2,5.6,100.0,A,0,Not at risk,Above 85%,20-30h,Eligible,B (secondary)
2737,11.3,84.9,5.6,72.1,B,0,Not at risk,70-85%,10-20h,Eligible,B (secondary)
2738,12.7,97.7,6.3,82.1,B,0,Not at risk,Above 85%,10-20h,Eligible,B (secondary)
2739,17.4,100.0,7.4,96.4,A,0,Not at risk,Above 85%,10-20h,Eligible,B (secondary)
2740,25.9,85.2,6.9,100.0,A,0,Not at risk,Above 85%,20-30h,Eligible,B (secondary)
2741,21.0,74.6,5.2,100.0,A,0,Not at risk,70-85%,20-30h,Eligible,B (secondary)
2742,17.9,87.6,8.2,100.0,A,0,Not at risk,Above 85%,10-20h,Eligible,B (secondary)
2743,18.2,77.8,6.9,95.0,A,0,Not at risk,70-85%,10-20h,Eligible,B (secondary)
2744,15.3,79.2,8.7,81.9,B,0,Not at risk,70-85%,10-20h,Eligible,B (secondary)
2745,18.9,71.3,9.6,71.2,B,0,Not at risk,70-85%,10-20h,Eligible,B (secondary)
2746,0.0,83.4,6.4,55.4,C,0,Not at risk,70-85%,Under 10h,Eligible,B (secondary)
2747,12.9,79.2,5.5,75.4,B,0,Not at risk,70-85%,10-20h,Eligible,B (secondary)
2748,16.7,78.3,3.2,83.2,B,0,Not at risk,70-85%,10-20h,Eligible,B (secondary)
2749,6.9,85.3,4.8,64.5,C,0,Not at risk,Above 85%,Under 10h,Eligible,B (secondary)
2750,17.7,99.5,6.2,96.1,A,0,Not at risk,Above 85%,10-20h,Eligible,B (secondary)
2751,13.6,69.5,6.3,99.8,A,0,Not at risk,50-70%,10-20h,Not eligible,B (secondary)
2752,27.3,100.0,8.7,100.0,A,0,Not at risk,Above 85%,20-30h,Eligible,B (secondary)
2753,26.0,78.2,4.2,99.2,A,0,Not at risk,70-85%,20-30h,Eligible,B (secondary)
2754,11.7,94.8,4.5,91.2,A,0,Not at risk,Above 85%,10-20h,Eligible,B (secondary)
2755,13.9,77.0,4.9,78.1,B,0,Not at risk,70-85%,10-20h,Eligible,B (secondary)
2756,14.5,97.1,7.3,86.3,A,0,Not at risk,Above 85%,10-20h,Eligible,B (secondary)
2757,11.8,74.1,5.5,69.8,C,0,Not at risk,70-85%,10-20h,Eligible,B (secondary)
2758,16.4,90.3,4.6,97.5,A,0,Not at risk,Above 85%,10-20h,Eligible,B (secondary)
2759,9.7,78.6,6.0,89.0,A,0,Not at risk,70-85%,Under 10h,Eligible,B (secondary)
2760,7.1,100.0,6.4,66.1,C,0,Not at risk,Above 85%,Under 10h,Eligible,B (secondary)
2761,19.4,86.9,3.8,100.0,A,0,Not at risk,Above 85%,10-20h,Eligible,B (secondary)
2762,19.4,80.6,6.7,94.1,A,0,Not at risk,70-85%,10-20h,Eligible,B (secondary)
2763,9.4,98.6,3.1,85.3,A,0,Not at risk,Above 85%,Under 10h,Eligible,B (secondary)
2764,21.3,100.0,7.0,96.2,A,0,Not at risk,Above 85%,20-30h,Eligible,B (secondary)
2765,10.6,88.6,5.0,79.1,B,0,Not at risk,Above 85%,10-20h,Eligible,B (secondary)
2766,16.8,88.3,9.1,84.7,B,0,Not at risk,Above 85%,10-20h,Eligible,B (secondary)
2767,20.7,86.5,0.0,100.0,A,0,Not at risk,Above 85%,20-30h,Eligible,B (secondary)
2768,14.8,84.0,2.4,87.0,A,0,Not at risk,70-85%,10-20h,Eligible,B (secondary)
2769,18.2,94.9,4.9,89.5,A,0,Not at risk,Above 85%,10-20h,Eligible,B (secondary)
2770,11.4,97.7,5.7,88.0,A,0,Not at risk,Above 85%,10-20h,Eligible,B (secondary)
2771,13.6,74.7,5.5,98.2,A,0,Not at risk,70-85%,10-20h,Eligible,B (secondary)
2772,13.6,72.7,9.2,86.0,A,0,Not at risk,70-85%,10-20h,Eligible,B (secondary)
2773,9.8,76.3,10.0,79.7,B,0,Not at risk,70-85%,Under 10h,Eligible,B (secondary)
2774,13.8,97.5,5.5,73.3,B,0,Not at risk,Above 85%,10-20h,Eligible,B (secondary)
2775,4.2,97.1,5.8,62.8,C,0,Not at risk,Above 85%,Under 10h,Eligible,B (secondary)
2776,11.6,80.0,5.3,76.9,B,0,Not at risk,70-85%,10-20h,Eligible,B (secondary)
2777,13.0,81.8,8.6,91.0,A,0,Not at risk,70-85%,10-20h,Eligible,B (secondary)
2778,13.2,69.4,1.1,85.3,A,0,Not at risk,50-70%,10-20h,Not eligible,B (secondary)
2779,13.3,83.2,7.4,89.2,A,0,Not at risk,70-85%,10-20h,Eligible,B (secondary)
2780,14.6,92.3,7.2,95.8,A,0,Not at risk,Above 85%,10-20h,Eligible,B (secondary)
2781,18.4,96.3,4.0,99.2,A,0,Not at risk,Above 85%,10-20h,Eligible,B (secondary)
2782,21.1,73.7,7.0,92.2,A,0,Not at risk,70-85%,20-30h,Eligible,B (secondary)
2783,10.5,80.1,5.8,68.9,C,0,Not at risk,70-85%,10-20h,Eligible,B (secondary)
2784,6.6,76.8,4.6,89.3,A,0,Not at risk,70-85%,Under 10h,Eligible,B (secondary)
2785,7.7,94.9,8.8,65.7,C,0,Not at risk,Above 85%,Under 10h,Eligible,B (secondary)
2786,11.6,82.0,8.4,72.2,B,0,Not at risk,70-85%,10-20h,Eligible,B (secondary)
2787,12.5,90.6,6.5,81.6,B,0,Not at risk,Above 85%,10-20h,Eligible,B (secondary)
2788,9.6,83.6,2.7,75.6,B,0,Not at risk,70-85%,Under 10h,Eligible,B (secondary)
2789,5.9,99.1,8.8,61.6,C,0,Not at risk,Above 85%,Under 10h,Eligible,B (secondary)
2790,11.8,83.9,5.7,87.4,A,0,Not at risk,70-85%,10-20h,Eligible,B (secondary)
2791,16.3,83.7,8.4,99.0,A,0,Not at risk,70-85%,10-20h,Eligible,B (secondary)
2792,19.2,88.4,5.7,100.0,A,0,Not at risk,Above 85%,10-20h,Eligible,B (secondary)
2793,11.1,86.7,5.6,74.0,B,0,Not at risk,Above 85%,10-20h,Eligible,B (secondary)
2794,12.1,78.7,7.9,92.7,A,0,Not at risk,70-85%,10-20h,Eligible,B (secondary)
2795,8.5,96.2,5.6,70.0,C,0,Not at risk,Above 85%,Under 10h,Eligible,B (secondary)
2796,14.8,76.3,4.5,68.7,C,0,Not at risk,70-85%,10-20h,Eligible,B (secondary)
2797,9.1,82.4,8.3,66.2,C,0,Not at risk,70-85%,Under 10h,Eligible,B (secondary)
2798,19.0,79.7,6.9,99.3,A,0,Not at risk,70-85%,10-20h,Eligible,B (secondary)
2799,2.5,73.6,5.3,57.0,C,0,Not at risk,70-85%,Under 10h,Eligible,B (secondary)
2800,12.5,74.8,5.6,84.5,B,0,Not at risk,70-85%,10-20h,Eligible,B (secondary)
2801,17.1,95.1,8.3,83.3,B,0,Not at risk,Above 85%,10-20h,Eligible,B (secondary)
2802,16.3,93.2,7.1,86.7,A,0,Not at risk,Above 85%,10-20h,Eligible,B (secondary)
2803,33.9,72.7,8.2,100.0,A,0,Not at risk,70-85%,Over 30h,Eligible,B (secondary)
2804,17.4,77.4,7.3,90.4,A,0,Not at risk,70-85%,10-20h,Eligible,B (secondary)
2805,8.0,80.0,7.1,58.2,C,0,Not at risk,70-85%,Under 10h,Eligible,B (secondary)
2806,14.3,87.4,9.0,86.5,A,0,Not at risk,Above 85%,10-20h,Eligible,B (secondary)
2807,2.6,89.2,5.8,54.6,D,1,At risk,Above 85%,Under 10h,Eligible,B (secondary)
2808,14.4,81.1,3.4,100.0,A,0,Not at risk,70-85%,10-20h,Eligible,B (secondary)
2809,9.2,82.4,4.6,75.4,B,0,Not at risk,70-85%,Under 10h,Eligible,B (secondary)
2810,21.4,79.1,10.0,92.4,A,0,Not at risk,70-85%,20-30h,Eligible,B (secondary)
2811,11.2,72.8,5.6,80.8,B,0,Not at risk,70-85%,10-20h,Eligible,B (secondary)
2812,14.2,82.0,6.0,86.4,A,0,Not at risk,70-85%,10-20h,Eligible,B (secondary)
2813,10.6,70.4,4.7,82.4,B,0,Not at risk,70-85%,10-20h,Eligible,B (secondary)
2814,27.2,67.2,5.0,100.0,A,0,Not at risk,50-70%,20-30h,Not eligible,B (secondary)
2815,12.8,83.9,8.0,72.2,B,0,Not at risk,70-85%,10-20h,Eligible,B (secondary)
2816,27.8,72.7,8.7,100.0,A,0,Not at risk,70-85%,20-30h,Eligible,B (secondary)
2817,20.7,77.3,4.4,100.0,A,0,Not at risk,70-85%,20-30h,Eligible,B (secondary)
2818,18.4,81.4,9.4,96.7,A,0,Not at risk,70-85%,10-20h,Eligible,B (secondary)
2819,17.6,78.1,8.1,86.2,A,0,Not at risk,70-85%,10-20h,Eligible,B (secondary)
2820,17.8,97.9,4.5,98.2,A,0,Not at risk,Above 85%,10-20h,Eligible,B (secondary)
2821,1.5,98.3,5.0,43.2,D,1,At risk,Above 85%,Under 10h,Eligible,B (secondary)
2822,13.0,66.0,7.3,84.4,B,0,Not at risk,50-70%,10-20h,Not eligible,B (secondary)
2823,20.9,85.7,6.0,84.6,B,0,Not at risk,Above 85%,20-30h,Eligible,B (secondary)
2824,14.7,97.1,4.1,97.0,A,0,Not at risk,Above 85%,10-20h,Eligible,B (secondary)
2825,5.2,83.7,8.6,65.1,C,0,Not at risk,70-85%,Under 10h,Eligible,B (secondary)
2826,14.6,69.8,6.5,86.1,A,0,Not at risk,50-70%,10-20h,Not eligible,B (secondary)
2827,26.9,68.8,4.8,100.0,A,0,Not at risk,50-70%,20-30h,Not eligible,B (secondary)
2828,23.7,80.8,5.3,100.0,A,0,Not at risk,70-85%,20-30h,Eligible,B (secondary)
2829,14.6,100.0,4.1,67.0,C,0,Not at risk,Above 85%,10-20h,Eligible,B (secondary)
2830,21.7,84.5,4.6,93.7,A,0,Not at risk,70-85%,20-30h,Eligible,B (secondary)
2831,12.4,76.9,1.9,77.6,B,0,Not at risk,70-85%,10-20h,Eligible,B (secondary)
2832,3.1,90.1,5.5,44.8,D,1,At risk,Above 85%,Under 10h,Eligible,B (secondary)
2833,8.5,98.0,6.5,63.7,C,0,Not at risk,Above 85%,Under 10h,Eligible,B (secondary)
2834,25.9,74.0,5.3,100.0,A,0,Not at risk,70-85%,20-30h,Eligible,B (secondary)
2835,13.1,87.0,7.8,80.1,B,0,Not at risk,Above 85%,10-20h,Eligible,B (secondary)
2836,13.3,96.1,9.1,88.8,A,0,Not at risk,Above 85%,10-20h,Eligible,B (secondary)
2837,12.9,81.4,5.0,93.0,A,0,Not at risk,70-85%,10-20h,Eligible,B (secondary)
2838,28.3,73.9,5.3,100.0,A,0,Not at risk,70-85%,20-30h,Eligible,B (secondary)
2839,26.4,63.1,7.2,100.0,A,0,Not at risk,50-70%,20-30h,Not eligible,B (secondary)
2840,30.5,83.3,10.0,100.0,A,0,Not at risk,70-85%,Over 30h,Eligible,B (secondary)
2841,13.9,86.7,7.2,82.6,B,0,Not at risk,Above 85%,10-20h,Eligible,B (secondary)
2842,17.1,80.1,7.9,100.0,A,0,Not at risk,70-85%,10-20h,Eligible,B (secondary)
2843,4.4,89.9,6.6,61.4,C,0,Not at risk,Above 85%,Under 10h,Eligible,B (secondary)
2844,25.3,82.6,6.3,100.0,A,0,Not at risk,70-85%,20-30h,Eligible,B (secondary)
2845,6.8,100.0,7.8,64.5,C,0,Not at risk,Above 85%,Under 10h,Eligible,B (secondary)
2846,16.5,85.7,3.6,100.0,A,0,Not at risk,Above 85%,10-20h,Eligible,B (secondary)
2847,7.3,93.4,2.9,61.4,C,0,Not at risk,Above 85%,Under 10h,Eligible,B (secondary)
2848,10.9,95.3,4.0,91.4,A,0,Not at risk,Above 85%,10-20h,Eligible,B (secondary)
2849,9.1,79.2,7.4,73.1,B,0,Not at risk,70-85%,Under 10h,Eligible,B (secondary)
2850,10.7,73.4,5.3,89.3,A,0,Not at risk,70-85%,10-20h,Eligible,B (secondary)
2851,11.2,100.0,4.0,60.6,C,0,Not at risk,Above 85%,10-20h,Eligible,B (secondary)
2852,11.2,65.4,5.5,84.3,B,0,Not at risk,50-70%,10-20h,Not eligible,B (secondary)
2853,20.8,76.7,8.8,98.6,A,0,Not at risk,70-85%,20-30h,Eligible,B (secondary)
2854,7.3,88.0,6.0,71.6,B,0,Not at risk,Above 85%,Under 10h,Eligible,B (secondary)
2855,16.5,96.1,6.6,73.2,B,0,Not at risk,Above 85%,10-20h,Eligible,B (secondary)
2856,23.5,91.9,6.0,100.0,A,0,Not at risk,Above 85%,20-30h,Eligible,B (secondary)
2857,11.4,76.5,7.4,86.6,A,0,Not at risk,70-85%,10-20h,Eligible,B (secondary)
2858,10.0,90.1,8.9,64.5,C,0,Not at risk,Above 85%,Under 10h,Eligible,B (secondary)
2859,13.4,71.6,6.0,71.9,B,0,Not at risk,70-85%,10-20h,Eligible,B (secondary)
2860,23.3,72.5,8.6,93.5,A,0,Not at risk,70-85%,20-30h,Eligible,B (secondary)
2861,16.4,78.4,4.8,83.5,B,0,Not at risk,70-85%,10-20h,Eligible,B (secondary)
2862,11.3,74.0,8.6,79.8,B,0,Not at risk,70-85%,10-20h,Eligible,B (secondary)
2863,18.4,88.8,7.8,95.5,A,0,Not at risk,Above 85%,10-20h,Eligible,B (secondary)
2864,7.3,86.8,7.2,47.7,D,1,At risk,Above 85%,Under 10h,Eligible,B (secondary)
2865,19.8,79.9,9.2,100.0,A,0,Not at risk,70-85%,10-20h,Eligible,B (secondary)
2866,17.9,88.5,7.9,85.5,A,0,Not at risk,Above 85%,10-20h,Eligible,B (secondary)
2867,12.8,96.3,6.5,82.9,B,0,Not at risk,Above 85%,10-20h,Eligible,B (secondary)
2868,9.1,75.6,9.2,71.7,B,0,Not at risk,70-85%,Under 10h,Eligible,B (secondary)
2869,8.8,78.5,5.7,60.3,C,0,Not at risk,70-85%,Under 10h,Eligible,B (secondary)
2870,18.7,79.5,5.2,91.3,A,0,Not at risk,70-85%,10-20h,Eligible,B (secondary)
2871,23.6,91.9,3.7,100.0,A,0,Not at risk,Above 85%,20-30h,Eligible,B (secondary)
2872,10.5,100.0,4.0,76.7,B,0,Not at risk,Above 85%,10-20h,Eligible,B (secondary)
2873,18.2,93.5,8.0,89.4,A,0,Not at risk,Above 85%,10-20h,Eligible,B (secondary)
2874,0.4,82.7,7.2,50.8,D,1,At risk,70-85%,Under 10h,Eligible,B (secondary)
2875,10.9,83.5,3.6,83.8,B,0,Not at risk,70-85%,10-20h,Eligible,B (secondary)
2876,14.8,83.7,3.8,73.8,B,0,Not at risk,70-85%,10-20h,Eligible,B (secondary)
2877,8.6,66.2,3.2,60.8,C,0,Not at risk,50-70%,Under 10h,Not eligible,B (secondary)
2878,8.4,80.4,4.3,73.8,B,0,Not at risk,70-85%,Under 10h,Eligible,B (secondary)
2879,10.3,80.2,5.6,74.8,B,0,Not at risk,70-85%,10-20h,Eligible,B (secondary)
2880,17.0,71.6,4.3,73.5,B,0,Not at risk,70-85%,10-20h,Eligible,B (secondary)
2881,13.7,100.0,3.8,90.7,A,0,Not at risk,Above 85%,10-20h,Eligible,B (secondary)
2882,0.0,73.6,7.0,51.1,D,1,At risk,70-85%,Under 10h,Eligible,B (secondary)
2883,0.2,85.5,7.9,66.0,C,0,Not at risk,Above 85%,Under 10h,Eligible,B (secondary)
2884,10.8,87.4,6.6,74.6,B,0,Not at risk,Above 85%,10-20h,Eligible,B (secondary)
2885,18.2,81.8,4.5,96.0,A,0,Not at risk,70-85%,10-20h,Eligible,B (secondary)
2886,0.0,91.1,7.0,68.0,C,0,Not at risk,Above 85%,Under 10h,Eligible,B (secondary)
2887,11.5,75.7,7.1,86.1,A,0,Not at risk,70-85%,10-20h,Eligible,B (secondary)
2888,11.3,74.9,3.8,78.1,B,0,Not at risk,70-85%,10-20h,Eligible,B (secondary)
2889,24.7,88.8,3.4,100.0,A,0,Not at risk,Above 85%,20-30h,Eligible,B (secondary)
2890,12.3,84.3,8.6,87.4,A,0,Not at risk,70-85%,10-20h,Eligible,B (secondary)
2891,17.7,74.0,8.4,74.1,B,0,Not at risk,70-85%,10-20h,Eligible,B (secondary)
2892,16.0,91.8,5.2,90.3,A,0,Not at risk,Above 85%,10-20h,Eligible,B (secondary)
2893,0.1,75.7,7.8,52.1,D,1,At risk,70-85%,Under 10h,Eligible,B (secondary)
2894,20.4,100.0,5.0,100.0,A,0,Not at risk,Above 85%,20-30h,Eligible,B (secondary)
2895,16.5,68.7,8.4,88.5,A,0,Not at risk,50-70%,10-20h,Not eligible,B (secondary)
2896,18.6,83.9,7.6,98.7,A,0,Not at risk,70-85%,10-20h,Eligible,B (secondary)
2897,40.0,75.7,4.2,100.0,A,0,Not at risk,70-85%,Over 30h,Eligible,B (secondary)
2898,0.4,98.6,7.4,51.7,D,1,At risk,Above 85%,Under 10h,Eligible,B (secondary)
2899,27.1,82.2,6.2,100.0,A,0,Not at risk,70-85%,20-30h,Eligible,B (secondary)
2900,13.0,97.8,5.1,64.6,C,0,Not at risk,Above 85%,10-20h,Eligible,B (secondary)
2901,17.0,69.1,9.2,82.3,B,0,Not at risk,50-70%,10-20h,Not eligible,B (secondary)
2902,14.7,97.7,6.5,69.4,C,0,Not at risk,Above 85%,10-20h,Eligible,B (secondary)
2903,12.0,99.3,3.1,71.2,B,0,Not at risk,Above 85%,10-20h,Eligible,B (secondary)
2904,11.0,77.6,5.2,76.2,B,0,Not at risk,70-85%,10-20h,Eligible,B (secondary)
2905,17.3,93.5,7.5,100.0,A,0,Not at risk,Above 85%,10-20h,Eligible,B (secondary)
2906,4.4,81.6,5.9,45.8,D,1,At risk,70-85%,Under 10h,Eligible,B (secondary)
2907,20.3,97.0,4.6,100.0,A,0,Not at risk,Above 85%,20-30h,Eligible,B (secondary)
2908,12.1,75.6,7.8,71.7,B,0,Not at risk,70-85%,10-20h,Eligible,B (secondary)
2909,7.1,85.1,7.3,75.7,B,0,Not at risk,Above 85%,Under 10h,Eligible,B (secondary)
2910,11.8,78.3,8.0,84.3,B,0,Not at risk,70-85%,10-20h,Eligible,B (secondary)
2911,23.8,83.7,5.7,100.0,A,0,Not at risk,70-85%,20-30h,Eligible,B (secondary)
2912,11.3,92.9,6.7,86.3,A,0,Not at risk,Above 85%,10-20h,Eligible,B (secondary)
2913,17.5,84.3,4.6,100.0,A,0,Not at risk,70-85%,10-20h,Eligible,B (secondary)
2914,9.9,97.2,7.3,86.9,A,0,Not at risk,Above 85%,Under 10h,Eligible,B (secondary)
2915,20.3,81.9,5.1,94.3,A,0,Not at risk,70-85%,20-30h,Eligible,B (secondary)
2916,19.8,88.0,4.5,100.0,A,0,Not at risk,Above 85%,10-20h,Eligible,B (secondary)
2917,27.9,87.7,4.6,100.0,A,0,Not at risk,Above 85%,20-30h,Eligible,B (secondary)
2918,13.8,75.9,8.4,76.6,B,0,Not at risk,70-85%,10-20h,Eligible,B (secondary)
2919,19.7,100.0,4.1,97.5,A,0,Not at risk,Above 85%,10-20h,Eligible,B (secondary)
2920,15.7,100.0,5.0,87.7,A,0,Not at risk,Above 85%,10-20h,Eligible,B (secondary)
2921,24.1,86.9,2.0,98.4,A,0,Not at risk,Above 85%,20-30h,Eligible,B (secondary)
2922,10.0,87.8,7.5,79.9,B,0,Not at risk,Above 85%,Under 10h,Eligible,B (secondary)
2923,20.2,100.0,5.7,97.1,A,0,Not at risk,Above 85%,20-30h,Eligible,B (secondary)
2924,13.6,83.2,10.0,79.8,B,0,Not at risk,70-85%,10-20h,Eligible,B (secondary)
2925,14.6,90.3,2.1,73.4,B,0,Not at risk,Above 85%,10-20h,Eligible,B (secondary)
2926,15.6,86.0,7.4,88.3,A,0,Not at risk,Above 85%,10-20h,Eligible,B (secondary)
2927,16.8,70.8,5.5,85.2,A,0,Not at risk,70-85%,10-20h,Eligible,B (secondary)
2928,14.2,87.8,6.2,75.7,B,0,Not at risk,Above 85%,10-20h,Eligible,B (secondary)
2929,16.5,85.0,6.1,95.6,A,0,Not at risk,70-85%,10-20h,Eligible,B (secondary)
2930,26.0,75.8,6.5,100.0,A,0,Not at risk,70-85%,20-30h,Eligible,B (secondary)
2931,21.9,85.6,4.5,100.0,A,0,Not at risk,Above 85%,20-30h,Eligible,B (secondary)
2932,21.1,65.3,4.4,100.0,A,0,Not at risk,50-70%,20-30h,Not eligible,B (secondary)
2933,11.8,95.6,10.0,67.6,C,0,Not at risk,Above 85%,10-20h,Eligible,B (secondary)
2934,8.8,80.5,3.5,61.6,C,0,Not at risk,70-85%,Under 10h,Eligible,B (secondary)
2935,21.7,100.0,6.5,95.1,A,0,Not at risk,Above 85%,20-30h,Eligible,B (secondary)
2936,21.1,93.2,8.9,100.0,A,0,Not at risk,Above 85%,20-30h,Eligible,B (secondary)
2937,25.3,94.3,7.4,100.0,A,0,Not at risk,Above 85%,20-30h,Eligible,B (secondary)
2938,10.8,86.4,4.8,85.3,A,0,Not at risk,Above 85%,10-20h,Eligible,B (secondary)
2939,13.4,87.6,9.3,100.0,A,0,Not at risk,Above 85%,10-20h,Eligible,B (secondary)
2940,3.5,75.4,8.7,65.4,C,0,Not at risk,70-85%,Under 10h,Eligible,B (secondary)
2941,12.3,77.3,6.7,78.8,B,0,Not at risk,70-85%,10-20h,Eligible,B (secondary)
2942,22.0,81.7,6.7,100.0,A,0,Not at risk,70-85%,20-30h,Eligible,B (secondary)
2943,11.7,82.1,5.4,68.9,C,0,Not at risk,70-85%,10-20h,Eligible,B (secondary)
2944,19.5,95.7,3.8,86.3,A,0,Not at risk,Above 85%,10-20h,Eligible,B (secondary)
2945,13.7,86.5,7.2,97.8,A,0,Not at risk,Above 85%,10-20h,Eligible,B (secondary)
2946,17.3,65.5,9.0,96.7,A,0,Not at risk,50-70%,10-20h,Not eligible,B (secondary)
2947,7.0,77.0,5.4,33.8,F,1,At risk,70-85%,Under 10h,Eligible,B (secondary)
2948,15.6,94.4,5.8,81.5,B,0,Not at risk,Above 85%,10-20h,Eligible,B (secondary)
2949,0.0,74.3,6.2,66.1,C,0,Not at risk,70-85%,Under 10h,Eligible,B (secondary)
2950,13.7,78.0,7.2,71.9,B,0,Not at risk,70-85%,10-20h,Eligible,B (secondary)
2951,3.6,83.3,4.6,73.0,B,0,Not at risk,70-85%,Under 10h,Eligible,B (secondary)
2952,23.4,93.5,6.1,93.4,A,0,Not at risk,Above 85%,20-30h,Eligible,B (secondary)
2953,20.4,82.0,7.2,100.0,A,0,Not at risk,70-85%,20-30h,Eligible,B (secondary)
2954,18.3,81.6,6.4,90.9,A,0,Not at risk,70-85%,10-20h,Eligible,B (secondary)
2955,25.6,69.3,2.8,100.0,A,0,Not at risk,50-70%,20-30h,Not eligible,B (secondary)
2956,8.4,75.0,3.1,73.5,B,0,Not at risk,70-85%,Under 10h,Eligible,B (secondary)
2957,27.2,92.7,3.9,100.0,A,0,Not at risk,Above 85%,20-30h,Eligible,B (secondary)
2958,21.5,87.1,3.4,100.0,A,0,Not at risk,Above 85%,20-30h,Eligible,B (secondary)
2959,13.3,89.4,8.9,90.6,A,0,Not at risk,Above 85%,10-20h,Eligible,B (secondary)
2960,22.9,67.6,7.1,100.0,A,0,Not at risk,50-70%,20-30h,Not eligible,B (secondary)
2961,7.3,85.2,5.9,71.5,B,0,Not at risk,Above 85%,Under 10h,Eligible,B (secondary)
2962,9.2,84.5,4.1,81.1,B,0,Not at risk,70-85%,Under 10h,Eligible,B (secondary)
2963,10.7,82.2,4.2,80.5,B,0,Not at risk,70-85%,10-20h,Eligible,B (secondary)
2964,11.3,72.3,5.2,78.7,B,0,Not at risk,70-85%,10-20h,Eligible,B (secondary)
2965,7.6,79.6,6.1,74.0,B,0,Not at risk,70-85%,Under 10h,Eligible,B (secondary)
2966,23.6,100.0,6.7,100.0,A,0,Not at risk,Above 85%,20-30h,Eligible,B (secondary)
2967,13.2,92.0,8.7,87.1,A,0,Not at risk,Above 85%,10-20h,Eligible,B (secondary)
2968,17.5,77.5,4.9,91.4,A,0,Not at risk,70-85%,10-20h,Eligible,B (secondary)
2969,11.0,84.0,8.2,76.0,B,0,Not at risk,70-85%,10-20h,Eligible,B (secondary)
2970,2.3,63.1,9.5,67.5,C,0,Not at risk,50-70%,Under 10h,Not eligible,B (secondary)
2971,16.9,80.5,5.7,100.0,A,0,Not at risk,70-85%,10-20h,Eligible,B (secondary)
2972,1.6,80.9,5.6,57.9,C,0,Not at risk,70-85%,Under 10h,Eligible,B (secondary)
2973,14.5,100.0,10.0,92.4,A,0,Not at risk,Above 85%,10-20h,Eligible,B (secondary)
2974,5.4,74.6,7.4,63.9,C,0,Not at risk,70-85%,Under 10h,Eligible,B (secondary)
2975,28.9,96.4,7.0,100.0,A,0,Not at risk,Above 85%,20-30h,Eligible,B (secondary)
2976,21.4,86.4,5.4,96.6,A,0,Not at risk,Above 85%,20-30h,Eligible,B (secondary)
2977,15.7,71.8,5.1,100.0,A,0,Not at risk,70-85%,10-20h,Eligible,B (secondary)
2978,23.8,96.3,9.6,100.0,A,0,Not at risk,Above 85%,20-30h,Eligible,B (secondary)
2979,9.1,82.7,4.0,94.6,A,0,Not at risk,70-85%,Under 10h,Eligible,B (secondary)
2980,18.8,90.8,5.4,96.8,A,0,Not at risk,Above 85%,10-20h,Eligible,B (secondary)
2981,16.4,100.0,7.2,96.6,A,0,Not at risk,Above 85%,10-20h,Eligible,B (secondary)
2982,16.8,76.8,4.9,79.9,B,0,Not at risk,70-85%,10-20h,Eligible,B (secondary)
2983,23.9,93.8,8.7,100.0,A,0,Not at risk,Above 85%,20-30h,Eligible,B (secondary)
2984,20.1,77.1,4.7,100.0,A,0,Not at risk,70-85%,20-30h,Eligible,B (secondary)
2985,17.0,88.1,9.6,86.5,A,0,Not at risk,Above 85%,10-20h,Eligible,B (secondary)
2986,3.4,86.8,8.5,61.2,C,0,Not at risk,Above 85%,Under 10h,Eligible,B (secondary)
2987,8.3,85.6,2.5,67.9,C,0,Not at risk,Above 85%,Under 10h,Eligible,B (secondary)
2988,14.1,79.7,4.1,74.5,B,0,Not at risk,70-85%,10-20h,Eligible,B (secondary)
2989,15.7,91.0,4.9,90.1,A,0,Not at risk,Above 85%,10-20h,Eligible,B (secondary)
2990,7.1,83.3,3.9,77.5,B,0,Not at risk,70-85%,Under 10h,Eligible,B (secondary)
2991,31.9,100.0,3.8,100.0,A,0,Not at risk,Above 85%,Over 30h,Eligible,B (secondary)
2992,25.6,90.1,3.4,100.0,A,0,Not at risk,Above 85%,20-30h,Eligible,B (secondary)
2993,19.2,81.7,4.8,84.6,B,0,Not at risk,70-85%,10-20h,Eligible,B (secondary)
2994,15.5,85.7,4.8,88.5,A,0,Not at risk,Above 85%,10-20h,Eligible,B (secondary)
2995,13.5,82.7,9.2,93.6,A,0,Not at risk,70-85%,10-20h,Eligible,B (secondary)
2996,8.3,89.0,8.5,71.0,B,0,Not at risk,Above 85%,Under 10h,Eligible,B (secondary)
2997,15.5,98.2,6.9,93.2,A,0,Not at risk,Above 85%,10-20h,Eligible,B (secondary)
2998,16.8,86.5,8.1,90.2,A,0,Not at risk,Above 85%,10-20h,Eligible,B (secondary)
2999,6.3,88.8,6.8,68.5,C,0,Not at risk,Above 85%,Under 10h,Eligible,B (secondary)
3000,17.3,73.9,4.5,83.0,B,0,Not at risk,70-85%,10-20h,Eligible,B (secondary)
3001,13.9,74.7,2.3,84.3,B,0,Not at risk,70-85%,10-20h,Eligible,B (secondary)
3002,1.6,84.8,4.6,60.2,C,0,Not at risk,70-85%,Under 10h,Eligible,B (secondary)
3003,9.0,84.0,3.4,79.1,B,0,Not at risk,70-85%,Under 10h,Eligible,B (secondary)
3004,12.1,84.2,4.3,85.3,A,0,Not at risk,70-85%,10-20h,Eligible,B (secondary)
3005,28.2,69.6,4.9,100.0,A,0,Not at risk,50-70%,20-30h,Not eligible,B (secondary)
3006,18.9,99.4,7.4,91.6,A,0,Not at risk,Above 85%,10-20h,Eligible,B (secondary)
3007,5.7,93.4,5.6,62.6,C,0,Not at risk,Above 85%,Under 10h,Eligible,B (secondary)
3008,18.4,94.5,9.3,97.5,A,0,Not at risk,Above 85%,10-20h,Eligible,B (secondary)
3009,4.2,88.0,6.9,54.3,D,1,At risk,Above 85%,Under 10h,Eligible,B (secondary)
3010,22.6,93.2,3.0,100.0,A,0,Not at risk,Above 85%,20-30h,Eligible,B (secondary)
3011,11.7,98.3,5.8,65.6,C,0,Not at risk,Above 85%,10-20h,Eligible,B (secondary)
3012,14.3,82.4,4.2,81.4,B,0,Not at risk,70-85%,10-20h,Eligible,B (secondary)
3013,24.3,85.5,6.8,100.0,A,0,Not at risk,Above 85%,20-30h,Eligible,B (secondary)
3014,6.0,84.0,7.0,78.1,B,0,Not at risk,70-85%,Under 10h,Eligible,B (secondary)
3015,5.2,91.6,1.5,75.1,B,0,Not at risk,Above 85%,Under 10h,Eligible,B (secondary)
3016,10.9,89.0,5.9,78.0,B,0,Not at risk,Above 85%,10-20h,Eligible,B (secondary)
