ID,prior_gpa,test_score,attendance_rate,assignment_rate,risk_level,at_risk,risk_label,attendance_band,gpa_band,meets_70_rule,dataset
1,2.79,29,65,51,High,1,At risk,50-70%,2.5-3.5,Not eligible,A (primary)
2,2.01,30,98,52,High,1,At risk,Above 85%,2.0-2.5,Eligible,A (primary)
3,3.2,28,71,50,High,1,At risk,70-85%,2.5-3.5,Eligible,A (primary)
4,3.3,18,63,67,High,1,At risk,50-70%,2.5-3.5,Not eligible,A (primary)
5,2.11,18,98,72,High,1,At risk,Above 85%,2.0-2.5,Eligible,A (primary)
6,3.56,22,68,61,High,1,At risk,50-70%,Above 3.5,Not eligible,A (primary)
7,2.08,20,80,74,High,1,At risk,70-85%,2.0-2.5,Eligible,A (primary)
8,3.32,23,96,92,Low,0,Not at risk,Above 85%,2.5-3.5,Eligible,A (primary)
9,3.64,24,89,58,Low,0,Not at risk,Above 85%,Above 3.5,Eligible,A (primary)
10,3.77,20,67,91,High,1,At risk,50-70%,Above 3.5,Not eligible,A (primary)
11,3.87,23,68,71,High,1,At risk,50-70%,Above 3.5,Not eligible,A (primary)
12,2.12,22,94,51,High,1,At risk,Above 85%,2.0-2.5,Eligible,A (primary)
13,3.14,27,88,75,Low,0,Not at risk,Above 85%,2.5-3.5,Eligible,A (primary)
14,2.87,26,71,55,High,1,At risk,70-85%,2.5-3.5,Eligible,A (primary)
15,3.09,19,96,79,Low,0,Not at risk,Above 85%,2.5-3.5,Eligible,A (primary)
16,3.28,29,92,56,Low,0,Not at risk,Above 85%,2.5-3.5,Eligible,A (primary)
17,2.2,27,84,90,High,1,At risk,70-85%,2.0-2.5,Eligible,A (primary)
18,3.52,24,97,71,Low,0,Not at risk,Above 85%,Above 3.5,Eligible,A (primary)
19,3.35,24,85,83,Low,0,Not at risk,70-85%,2.5-3.5,Eligible,A (primary)
20,3.38,23,96,68,Low,0,Not at risk,Above 85%,2.5-3.5,Eligible,A (primary)
21,3.65,22,97,86,Low,0,Not at risk,Above 85%,Above 3.5,Eligible,A (primary)
22,2.22,20,82,62,High,1,At risk,70-85%,2.0-2.5,Eligible,A (primary)
23,2.21,18,93,74,High,1,At risk,Above 85%,2.0-2.5,Eligible,A (primary)
24,3.72,20,92,96,Low,0,Not at risk,Above 85%,Above 3.5,Eligible,A (primary)
25,3.3,24,87,64,Low,0,Not at risk,Above 85%,2.5-3.5,Eligible,A (primary)
26,2.46,26,83,70,High,1,At risk,70-85%,2.0-2.5,Eligible,A (primary)
27,3.23,23,67,79,High,1,At risk,50-70%,2.5-3.5,Not eligible,A (primary)
28,3.73,19,60,62,High,1,At risk,50-70%,Above 3.5,Not eligible,A (primary)
29,2.21,22,97,93,High,1,At risk,Above 85%,2.0-2.5,Eligible,A (primary)
30,2.32,28,92,90,High,1,At risk,Above 85%,2.0-2.5,Eligible,A (primary)
31,2.03,20,71,51,High,1,At risk,70-85%,2.0-2.5,Eligible,A (primary)
32,3.43,28,73,52,High,1,At risk,70-85%,2.5-3.5,Eligible,A (primary)
33,3.73,25,73,79,High,1,At risk,70-85%,Above 3.5,Eligible,A (primary)
34,2.08,19,68,98,High,1,At risk,50-70%,2.0-2.5,Not eligible,A (primary)
35,2.1,18,91,69,High,1,At risk,Above 85%,2.0-2.5,Eligible,A (primary)
36,3.12,20,71,69,High,1,At risk,70-85%,2.5-3.5,Eligible,A (primary)
37,3.27,25,92,52,Low,0,Not at risk,Above 85%,2.5-3.5,Eligible,A (primary)
38,2.24,22,97,64,High,1,At risk,Above 85%,2.0-2.5,Eligible,A (primary)
39,3.17,21,86,97,Low,0,Not at risk,Above 85%,2.5-3.5,Eligible,A (primary)
40,3.17,21,86,70,Low,0,Not at risk,Above 85%,2.5-3.5,Eligible,A (primary)
41,2.14,25,81,100,High,1,At risk,70-85%,2.0-2.5,Eligible,A (primary)
42,3.89,29,67,92,High,1,At risk,50-70%,Above 3.5,Not eligible,A (primary)
43,2.4,22,84,84,High,1,At risk,70-85%,2.0-2.5,Eligible,A (primary)
44,2.25,27,94,81,High,1,At risk,Above 85%,2.0-2.5,Eligible,A (primary)
45,3.51,25,65,66,High,1,At risk,50-70%,Above 3.5,Not eligible,A (primary)
46,3.25,21,96,80,Low,0,Not at risk,Above 85%,2.5-3.5,Eligible,A (primary)
47,3.51,21,61,59,High,1,At risk,50-70%,Above 3.5,Not eligible,A (primary)
48,3.45,22,95,98,Low,0,Not at risk,Above 85%,2.5-3.5,Eligible,A (primary)
49,3.61,23,95,89,Low,0,Not at risk,Above 85%,Above 3.5,Eligible,A (primary)
50,2.17,29,79,87,High,1,At risk,70-85%,2.0-2.5,Eligible,A (primary)
51,3.31,29,98,88,Low,0,Not at risk,Above 85%,2.5-3.5,Eligible,A (primary)
52,2.03,24,90,95,High,1,At risk,Above 85%,2.0-2.5,Eligible,A (primary)
53,3.22,28,97,95,Low,0,Not at risk,Above 85%,2.5-3.5,Eligible,A (primary)
54,2.12,21,91,97,High,1,At risk,Above 85%,2.0-2.5,Eligible,A (primary)
55,3.37,19,88,82,Low,0,Not at risk,Above 85%,2.5-3.5,Eligible,A (primary)
56,3.88,25,97,77,Low,0,Not at risk,Above 85%,Above 3.5,Eligible,A (primary)
57,3.57,26,98,59,Low,0,Not at risk,Above 85%,Above 3.5,Eligible,A (primary)
58,3.89,20,64,87,High,1,At risk,50-70%,Above 3.5,Not eligible,A (primary)
59,3.9,26,69,78,High,1,At risk,50-70%,Above 3.5,Not eligible,A (primary)
60,3.79,29,65,84,High,1,At risk,50-70%,Above 3.5,Not eligible,A (primary)
61,2.21,28,91,67,High,1,At risk,Above 85%,2.0-2.5,Eligible,A (primary)
62,3.16,24,100,53,Low,0,Not at risk,Above 85%,2.5-3.5,Eligible,A (primary)
63,3.91,23,87,65,Low,0,Not at risk,Above 85%,Above 3.5,Eligible,A (primary)
64,3.18,22,96,58,Low,0,Not at risk,Above 85%,2.5-3.5,Eligible,A (primary)
65,3.04,20,94,97,Low,0,Not at risk,Above 85%,2.5-3.5,Eligible,A (primary)
66,3.15,21,69,88,High,1,At risk,50-70%,2.5-3.5,Not eligible,A (primary)
67,3.41,19,96,85,Low,0,Not at risk,Above 85%,2.5-3.5,Eligible,A (primary)
68,2.37,26,69,67,High,1,At risk,50-70%,2.0-2.5,Not eligible,A (primary)
69,2.85,19,71,74,High,1,At risk,70-85%,2.5-3.5,Eligible,A (primary)
70,3.74,29,97,96,Low,0,Not at risk,Above 85%,Above 3.5,Eligible,A (primary)
71,3.31,25,89,69,Low,0,Not at risk,Above 85%,2.5-3.5,Eligible,A (primary)
72,3.85,25,62,79,High,1,At risk,50-70%,Above 3.5,Not eligible,A (primary)
73,3.5,19,86,81,Low,0,Not at risk,Above 85%,2.5-3.5,Eligible,A (primary)
74,3.16,25,87,79,Low,0,Not at risk,Above 85%,2.5-3.5,Eligible,A (primary)
75,2.86,23,63,68,High,1,At risk,50-70%,2.5-3.5,Not eligible,A (primary)
76,2.43,23,87,70,High,1,At risk,Above 85%,2.0-2.5,Eligible,A (primary)
77,3.51,27,87,52,Low,0,Not at risk,Above 85%,Above 3.5,Eligible,A (primary)
78,3.14,27,60,73,High,1,At risk,50-70%,2.5-3.5,Not eligible,A (primary)
79,3.88,27,99,61,Low,0,Not at risk,Above 85%,Above 3.5,Eligible,A (primary)
80,3.41,22,87,73,Low,0,Not at risk,Above 85%,2.5-3.5,Eligible,A (primary)
81,3.25,30,65,71,High,1,At risk,50-70%,2.5-3.5,Not eligible,A (primary)
82,2.09,26,78,75,High,1,At risk,70-85%,2.0-2.5,Eligible,A (primary)
83,2.81,26,64,95,High,1,At risk,50-70%,2.5-3.5,Not eligible,A (primary)
84,3.86,19,89,74,Low,0,Not at risk,Above 85%,Above 3.5,Eligible,A (primary)
85,3.83,24,94,75,Low,0,Not at risk,Above 85%,Above 3.5,Eligible,A (primary)
86,3.11,18,96,98,Low,0,Not at risk,Above 85%,2.5-3.5,Eligible,A (primary)
87,2.51,27,65,85,High,1,At risk,50-70%,2.5-3.5,Not eligible,A (primary)
88,2.25,20,82,86,High,1,At risk,70-85%,2.0-2.5,Eligible,A (primary)
89,2.24,25,85,56,High,1,At risk,70-85%,2.0-2.5,Eligible,A (primary)
90,2.29,26,74,79,High,1,At risk,70-85%,2.0-2.5,Eligible,A (primary)
91,2.45,25,85,78,High,1,At risk,70-85%,2.0-2.5,Eligible,A (primary)
92,3.3,24,96,81,Low,0,Not at risk,Above 85%,2.5-3.5,Eligible,A (primary)
93,3.21,29,65,77,High,1,At risk,50-70%,2.5-3.5,Not eligible,A (primary)
94,2.43,22,71,80,High,1,At risk,70-85%,2.0-2.5,Eligible,A (primary)
95,3.0,22,70,61,High,1,At risk,50-70%,2.5-3.5,Eligible,A (primary)
96,3.98,21,62,73,High,1,At risk,50-70%,Above 3.5,Not eligible,A (primary)
97,3.54,23,93,51,Low,0,Not at risk,Above 85%,Above 3.5,Eligible,A (primary)
98,3.48,20,88,58,Low,0,Not at risk,Above 85%,2.5-3.5,Eligible,A (primary)
99,2.07,25,78,64,High,1,At risk,70-85%,2.0-2.5,Eligible,A (primary)
100,3.92,24,85,76,Low,0,Not at risk,70-85%,Above 3.5,Eligible,A (primary)
101,3.98,24,71,60,High,1,At risk,70-85%,Above 3.5,Eligible,A (primary)
102,3.87,19,85,60,Low,0,Not at risk,70-85%,Above 3.5,Eligible,A (primary)
103,3.4,23,73,51,High,1,At risk,70-85%,2.5-3.5,Eligible,A (primary)
104,2.06,20,81,74,High,1,At risk,70-85%,2.0-2.5,Eligible,A (primary)
105,3.2,24,94,99,Low,0,Not at risk,Above 85%,2.5-3.5,Eligible,A (primary)
106,2.03,26,62,50,High,1,At risk,50-70%,2.0-2.5,Not eligible,A (primary)
107,3.67,23,87,91,Low,0,Not at risk,Above 85%,Above 3.5,Eligible,A (primary)
108,2.42,21,65,92,High,1,At risk,50-70%,2.0-2.5,Not eligible,A (primary)
109,3.97,30,92,82,Low,0,Not at risk,Above 85%,Above 3.5,Eligible,A (primary)
110,2.25,20,70,79,High,1,At risk,50-70%,2.0-2.5,Eligible,A (primary)
111,3.11,21,86,72,Low,0,Not at risk,Above 85%,2.5-3.5,Eligible,A (primary)
112,2.9,29,65,59,High,1,At risk,50-70%,2.5-3.5,Not eligible,A (primary)
113,3.5,28,96,79,Low,0,Not at risk,Above 85%,2.5-3.5,Eligible,A (primary)
114,2.35,25,80,83,High,1,At risk,70-85%,2.0-2.5,Eligible,A (primary)
115,2.47,20,96,71,High,1,At risk,Above 85%,2.0-2.5,Eligible,A (primary)
116,2.48,27,68,78,High,1,At risk,50-70%,2.0-2.5,Not eligible,A (primary)
117,3.21,23,94,55,Low,0,Not at risk,Above 85%,2.5-3.5,Eligible,A (primary)
118,3.41,19,73,56,High,1,At risk,70-85%,2.5-3.5,Eligible,A (primary)
119,3.33,30,92,88,Low,0,Not at risk,Above 85%,2.5-3.5,Eligible,A (primary)
120,2.1,23,72,71,High,1,At risk,70-85%,2.0-2.5,Eligible,A (primary)
121,2.09,23,71,65,High,1,At risk,70-85%,2.0-2.5,Eligible,A (primary)
122,3.0,20,63,98,High,1,At risk,50-70%,2.5-3.5,Not eligible,A (primary)
123,3.38,22,90,79,Low,0,Not at risk,Above 85%,2.5-3.5,Eligible,A (primary)
124,3.75,23,61,87,High,1,At risk,50-70%,Above 3.5,Not eligible,A (primary)
125,3.13,23,68,98,High,1,At risk,50-70%,2.5-3.5,Not eligible,A (primary)
126,2.03,25,91,63,High,1,At risk,Above 85%,2.0-2.5,Eligible,A (primary)
127,3.62,21,93,50,Low,0,Not at risk,Above 85%,Above 3.5,Eligible,A (primary)
128,3.53,26,65,62,High,1,At risk,50-70%,Above 3.5,Not eligible,A (primary)
129,2.45,19,63,96,High,1,At risk,50-70%,2.0-2.5,Not eligible,A (primary)
130,2.35,23,89,96,High,1,At risk,Above 85%,2.0-2.5,Eligible,A (primary)
131,3.15,23,96,64,Low,0,Not at risk,Above 85%,2.5-3.5,Eligible,A (primary)
132,2.43,21,75,89,High,1,At risk,70-85%,2.0-2.5,Eligible,A (primary)
133,2.92,29,61,95,High,1,At risk,50-70%,2.5-3.5,Not eligible,A (primary)
134,3.03,29,93,76,Low,0,Not at risk,Above 85%,2.5-3.5,Eligible,A (primary)
135,2.18,24,72,52,High,1,At risk,70-85%,2.0-2.5,Eligible,A (primary)
136,2.41,22,65,92,High,1,At risk,50-70%,2.0-2.5,Not eligible,A (primary)
137,3.42,27,87,53,Low,0,Not at risk,Above 85%,2.5-3.5,Eligible,A (primary)
138,3.28,23,100,55,Low,0,Not at risk,Above 85%,2.5-3.5,Eligible,A (primary)
139,3.53,20,88,95,Low,0,Not at risk,Above 85%,Above 3.5,Eligible,A (primary)
140,3.21,28,97,70,Low,0,Not at risk,Above 85%,2.5-3.5,Eligible,A (primary)
141,3.11,28,88,75,Low,0,Not at risk,Above 85%,2.5-3.5,Eligible,A (primary)
142,3.55,23,69,91,High,1,At risk,50-70%,Above 3.5,Not eligible,A (primary)
143,2.33,21,86,53,High,1,At risk,Above 85%,2.0-2.5,Eligible,A (primary)
144,2.54,19,64,55,High,1,At risk,50-70%,2.5-3.5,Not eligible,A (primary)
145,3.86,30,65,97,High,1,At risk,50-70%,Above 3.5,Not eligible,A (primary)
146,3.14,29,86,67,Low,0,Not at risk,Above 85%,2.5-3.5,Eligible,A (primary)
147,3.31,19,90,95,Low,0,Not at risk,Above 85%,2.5-3.5,Eligible,A (primary)
148,3.02,20,95,65,Low,0,Not at risk,Above 85%,2.5-3.5,Eligible,A (primary)
149,3.3,30,63,57,High,1,At risk,50-70%,2.5-3.5,Not eligible,A (primary)
150,3.0,28,85,95,Low,0,Not at risk,70-85%,2.5-3.5,Eligible,A (primary)
151,3.46,27,90,67,Low,0,Not at risk,Above 85%,2.5-3.5,Eligible,A (primary)
152,2.1,29,90,85,High,1,At risk,Above 85%,2.0-2.5,Eligible,A (primary)
153,3.74,20,92,97,Low,0,Not at risk,Above 85%,Above 3.5,Eligible,A (primary)
154,3.9,21,94,78,Low,0,Not at risk,Above 85%,Above 3.5,Eligible,A (primary)
155,2.91,20,66,85,High,1,At risk,50-70%,2.5-3.5,Not eligible,A (primary)
156,3.74,26,70,58,High,1,At risk,50-70%,Above 3.5,Eligible,A (primary)
157,3.54,20,86,80,Low,0,Not at risk,Above 85%,Above 3.5,Eligible,A (primary)
158,3.26,19,64,71,High,1,At risk,50-70%,2.5-3.5,Not eligible,A (primary)
159,2.41,27,80,53,High,1,At risk,70-85%,2.0-2.5,Eligible,A (primary)
160,3.09,20,98,65,Low,0,Not at risk,Above 85%,2.5-3.5,Eligible,A (primary)
161,3.16,21,86,99,Low,0,Not at risk,Above 85%,2.5-3.5,Eligible,A (primary)
162,2.36,22,79,70,High,1,At risk,70-85%,2.0-2.5,Eligible,A (primary)
163,3.97,18,99,71,Low,0,Not at risk,Above 85%,Above 3.5,Eligible,A (primary)
164,3.65,27,60,92,High,1,At risk,50-70%,Above 3.5,Not eligible,A (primary)
165,2.23,25,70,95,High,1,At risk,50-70%,2.0-2.5,Eligible,A (primary)
166,3.74,20,92,52,Low,0,Not at risk,Above 85%,Above 3.5,Eligible,A (primary)
167,2.83,23,69,71,High,1,At risk,50-70%,2.5-3.5,Not eligible,A (primary)
168,2.49,26,69,85,High,1,At risk,50-70%,2.0-2.5,Not eligible,A (primary)
169,3.68,18,69,76,High,1,At risk,50-70%,Above 3.5,Not eligible,A (primary)
170,3.12,22,65,73,High,1,At risk,50-70%,2.5-3.5,Not eligible,A (primary)
171,2.26,19,64,70,High,1,At risk,50-70%,2.0-2.5,Not eligible,A (primary)
172,2.32,28,64,87,High,1,At risk,50-70%,2.0-2.5,Not eligible,A (primary)
173,3.02,18,95,94,Low,0,Not at risk,Above 85%,2.5-3.5,Eligible,A (primary)
174,3.53,21,90,86,Low,0,Not at risk,Above 85%,Above 3.5,Eligible,A (primary)
175,2.43,19,88,70,High,1,At risk,Above 85%,2.0-2.5,Eligible,A (primary)
176,3.73,30,93,62,Low,0,Not at risk,Above 85%,Above 3.5,Eligible,A (primary)
177,3.88,23,97,90,Low,0,Not at risk,Above 85%,Above 3.5,Eligible,A (primary)
178,2.01,24,69,67,High,1,At risk,50-70%,2.0-2.5,Not eligible,A (primary)
179,3.57,24,97,70,Low,0,Not at risk,Above 85%,Above 3.5,Eligible,A (primary)
180,3.98,20,65,55,High,1,At risk,50-70%,Above 3.5,Not eligible,A (primary)
181,2.06,26,85,87,High,1,At risk,70-85%,2.0-2.5,Eligible,A (primary)
182,2.38,25,92,57,High,1,At risk,Above 85%,2.0-2.5,Eligible,A (primary)
183,2.86,24,62,56,High,1,At risk,50-70%,2.5-3.5,Not eligible,A (primary)
184,2.45,21,98,78,High,1,At risk,Above 85%,2.0-2.5,Eligible,A (primary)
185,3.14,24,100,54,Low,0,Not at risk,Above 85%,2.5-3.5,Eligible,A (primary)
186,3.4,23,86,66,Low,0,Not at risk,Above 85%,2.5-3.5,Eligible,A (primary)
187,3.53,24,96,80,Low,0,Not at risk,Above 85%,Above 3.5,Eligible,A (primary)
188,3.98,30,92,85,Low,0,Not at risk,Above 85%,Above 3.5,Eligible,A (primary)
189,3.78,21,67,94,High,1,At risk,50-70%,Above 3.5,Not eligible,A (primary)
190,3.12,26,97,53,Low,0,Not at risk,Above 85%,2.5-3.5,Eligible,A (primary)
191,3.99,20,70,77,High,1,At risk,50-70%,Above 3.5,Eligible,A (primary)
192,2.68,19,63,68,High,1,At risk,50-70%,2.5-3.5,Not eligible,A (primary)
193,3.64,26,95,97,Low,0,Not at risk,Above 85%,Above 3.5,Eligible,A (primary)
194,2.28,26,68,56,High,1,At risk,50-70%,2.0-2.5,Not eligible,A (primary)
195,3.45,26,74,99,High,1,At risk,70-85%,2.5-3.5,Eligible,A (primary)
196,2.4,29,73,85,High,1,At risk,70-85%,2.0-2.5,Eligible,A (primary)
197,3.71,26,100,74,Low,0,Not at risk,Above 85%,Above 3.5,Eligible,A (primary)
198,2.21,28,73,78,High,1,At risk,70-85%,2.0-2.5,Eligible,A (primary)
199,2.09,20,60,72,High,1,At risk,50-70%,2.0-2.5,Not eligible,A (primary)
200,3.02,18,95,91,Low,0,Not at risk,Above 85%,2.5-3.5,Eligible,A (primary)
201,3.5,22,70,65,High,1,At risk,50-70%,2.5-3.5,Eligible,A (primary)
202,2.72,20,63,99,High,1,At risk,50-70%,2.5-3.5,Not eligible,A (primary)
203,2.62,20,61,55,High,1,At risk,50-70%,2.5-3.5,Not eligible,A (primary)
204,3.19,18,94,94,Low,0,Not at risk,Above 85%,2.5-3.5,Eligible,A (primary)
205,2.16,30,92,54,High,1,At risk,Above 85%,2.0-2.5,Eligible,A (primary)
206,3.76,30,87,76,Low,0,Not at risk,Above 85%,Above 3.5,Eligible,A (primary)
207,2.45,29,75,71,High,1,At risk,70-85%,2.0-2.5,Eligible,A (primary)
208,3.55,18,88,56,Low,0,Not at risk,Above 85%,Above 3.5,Eligible,A (primary)
209,3.4,23,89,70,Low,0,Not at risk,Above 85%,2.5-3.5,Eligible,A (primary)
210,2.4,24,62,92,High,1,At risk,50-70%,2.0-2.5,Not eligible,A (primary)
211,2.27,29,96,82,High,1,At risk,Above 85%,2.0-2.5,Eligible,A (primary)
212,3.67,29,72,61,High,1,At risk,70-85%,Above 3.5,Eligible,A (primary)
213,3.61,21,86,88,Low,0,Not at risk,Above 85%,Above 3.5,Eligible,A (primary)
214,3.13,27,96,53,Low,0,Not at risk,Above 85%,2.5-3.5,Eligible,A (primary)
215,2.31,27,68,60,High,1,At risk,50-70%,2.0-2.5,Not eligible,A (primary)
216,2.06,27,68,84,High,1,At risk,50-70%,2.0-2.5,Not eligible,A (primary)
217,2.45,29,84,83,High,1,At risk,70-85%,2.0-2.5,Eligible,A (primary)
218,3.4,19,88,83,Low,0,Not at risk,Above 85%,2.5-3.5,Eligible,A (primary)
219,2.72,20,69,85,High,1,At risk,50-70%,2.5-3.5,Not eligible,A (primary)
220,2.37,24,89,66,High,1,At risk,Above 85%,2.0-2.5,Eligible,A (primary)
221,2.93,26,72,76,High,1,At risk,70-85%,2.5-3.5,Eligible,A (primary)
222,3.28,24,86,65,Low,0,Not at risk,Above 85%,2.5-3.5,Eligible,A (primary)
223,2.41,24,79,84,High,1,At risk,70-85%,2.0-2.5,Eligible,A (primary)
224,3.25,22,88,65,Low,0,Not at risk,Above 85%,2.5-3.5,Eligible,A (primary)
225,2.21,27,82,74,High,1,At risk,70-85%,2.0-2.5,Eligible,A (primary)
226,3.09,30,90,80,Low,0,Not at risk,Above 85%,2.5-3.5,Eligible,A (primary)
227,3.0,22,93,56,Low,0,Not at risk,Above 85%,2.5-3.5,Eligible,A (primary)
228,2.12,23,66,78,High,1,At risk,50-70%,2.0-2.5,Not eligible,A (primary)
229,3.56,30,97,90,Low,0,Not at risk,Above 85%,Above 3.5,Eligible,A (primary)
230,3.32,24,88,63,Low,0,Not at risk,Above 85%,2.5-3.5,Eligible,A (primary)
231,3.66,27,98,95,Low,0,Not at risk,Above 85%,Above 3.5,Eligible,A (primary)
232,2.14,22,68,95,High,1,At risk,50-70%,2.0-2.5,Not eligible,A (primary)
233,3.54,19,100,85,Low,0,Not at risk,Above 85%,Above 3.5,Eligible,A (primary)
234,3.56,18,66,56,High,1,At risk,50-70%,Above 3.5,Not eligible,A (primary)
235,3.56,25,97,80,Low,0,Not at risk,Above 85%,Above 3.5,Eligible,A (primary)
236,2.3,30,81,61,High,1,At risk,70-85%,2.0-2.5,Eligible,A (primary)
237,3.49,24,87,89,Low,0,Not at risk,Above 85%,2.5-3.5,Eligible,A (primary)
238,2.7,19,64,56,High,1,At risk,50-70%,2.5-3.5,Not eligible,A (primary)
239,3.88,22,87,64,Low,0,Not at risk,Above 85%,Above 3.5,Eligible,A (primary)
240,2.83,19,65,76,High,1,At risk,50-70%,2.5-3.5,Not eligible,A (primary)
241,2.19,28,88,77,High,1,At risk,Above 85%,2.0-2.5,Eligible,A (primary)
242,3.94,24,70,66,High,1,At risk,50-70%,Above 3.5,Eligible,A (primary)
243,3.86,23,66,83,High,1,At risk,50-70%,Above 3.5,Not eligible,A (primary)
244,2.28,24,99,54,High,1,At risk,Above 85%,2.0-2.5,Eligible,A (primary)
245,3.93,18,86,83,Low,0,Not at risk,Above 85%,Above 3.5,Eligible,A (primary)
246,3.98,20,96,52,Low,0,Not at risk,Above 85%,Above 3.5,Eligible,A (primary)
247,3.29,28,97,87,Low,0,Not at risk,Above 85%,2.5-3.5,Eligible,A (primary)
248,2.33,29,61,71,High,1,At risk,50-70%,2.0-2.5,Not eligible,A (primary)
249,3.06,26,91,72,Low,0,Not at risk,Above 85%,2.5-3.5,Eligible,A (primary)
250,3.09,22,99,87,Low,0,Not at risk,Above 85%,2.5-3.5,Eligible,A (primary)
251,3.62,26,97,96,Low,0,Not at risk,Above 85%,Above 3.5,Eligible,A (primary)
252,3.48,27,87,54,Low,0,Not at risk,Above 85%,2.5-3.5,Eligible,A (primary)
253,3.4,19,91,52,Low,0,Not at risk,Above 85%,2.5-3.5,Eligible,A (primary)
254,3.87,19,92,89,Low,0,Not at risk,Above 85%,Above 3.5,Eligible,A (primary)
255,3.93,26,87,76,Low,0,Not at risk,Above 85%,Above 3.5,Eligible,A (primary)
256,2.3,20,62,73,High,1,At risk,50-70%,2.0-2.5,Not eligible,A (primary)
257,3.65,29,88,61,Low,0,Not at risk,Above 85%,Above 3.5,Eligible,A (primary)
258,3.32,24,74,79,High,1,At risk,70-85%,2.5-3.5,Eligible,A (primary)
259,2.09,26,69,83,High,1,At risk,50-70%,2.0-2.5,Not eligible,A (primary)
260,3.88,23,62,71,High,1,At risk,50-70%,Above 3.5,Not eligible,A (primary)
261,3.5,29,88,65,Low,0,Not at risk,Above 85%,2.5-3.5,Eligible,A (primary)
262,3.74,27,66,66,High,1,At risk,50-70%,Above 3.5,Not eligible,A (primary)
263,3.58,23,98,71,Low,0,Not at risk,Above 85%,Above 3.5,Eligible,A (primary)
264,3.57,20,85,79,Low,0,Not at risk,70-85%,Above 3.5,Eligible,A (primary)
265,3.32,26,66,95,High,1,At risk,50-70%,2.5-3.5,Not eligible,A (primary)
266,2.75,24,73,94,High,1,At risk,70-85%,2.5-3.5,Eligible,A (primary)
267,3.98,28,91,62,Low,0,Not at risk,Above 85%,Above 3.5,Eligible,A (primary)
268,2.2,22,87,78,High,1,At risk,Above 85%,2.0-2.5,Eligible,A (primary)
269,3.35,27,89,100,Low,0,Not at risk,Above 85%,2.5-3.5,Eligible,A (primary)
270,2.5,25,73,85,High,1,At risk,70-85%,2.0-2.5,Eligible,A (primary)
271,2.06,27,75,99,High,1,At risk,70-85%,2.0-2.5,Eligible,A (primary)
272,3.34,25,65,72,High,1,At risk,50-70%,2.5-3.5,Not eligible,A (primary)
273,2.1,30,70,75,High,1,At risk,50-70%,2.0-2.5,Eligible,A (primary)
274,3.08,21,85,57,Low,0,Not at risk,70-85%,2.5-3.5,Eligible,A (primary)
275,2.22,27,62,90,High,1,At risk,50-70%,2.0-2.5,Not eligible,A (primary)
276,2.14,20,79,54,High,1,At risk,70-85%,2.0-2.5,Eligible,A (primary)
277,2.26,22,75,65,High,1,At risk,70-85%,2.0-2.5,Eligible,A (primary)
278,3.52,28,72,100,High,1,At risk,70-85%,Above 3.5,Eligible,A (primary)
279,3.58,25,70,78,High,1,At risk,50-70%,Above 3.5,Eligible,A (primary)
280,3.24,23,96,53,Low,0,Not at risk,Above 85%,2.5-3.5,Eligible,A (primary)
281,3.68,23,73,91,High,1,At risk,70-85%,Above 3.5,Eligible,A (primary)
282,3.2,28,62,89,High,1,At risk,50-70%,2.5-3.5,Not eligible,A (primary)
283,3.81,20,60,88,High,1,At risk,50-70%,Above 3.5,Not eligible,A (primary)
284,3.79,24,93,69,Low,0,Not at risk,Above 85%,Above 3.5,Eligible,A (primary)
285,3.56,19,73,97,High,1,At risk,70-85%,Above 3.5,Eligible,A (primary)
286,3.04,23,87,99,Low,0,Not at risk,Above 85%,2.5-3.5,Eligible,A (primary)
287,2.23,20,96,97,High,1,At risk,Above 85%,2.0-2.5,Eligible,A (primary)
288,3.27,19,61,100,High,1,At risk,50-70%,2.5-3.5,Not eligible,A (primary)
289,3.06,30,90,82,Low,0,Not at risk,Above 85%,2.5-3.5,Eligible,A (primary)
290,2.15,20,64,76,High,1,At risk,50-70%,2.0-2.5,Not eligible,A (primary)
291,3.19,23,94,55,Low,0,Not at risk,Above 85%,2.5-3.5,Eligible,A (primary)
292,3.42,25,92,64,Low,0,Not at risk,Above 85%,2.5-3.5,Eligible,A (primary)
293,3.75,20,61,56,High,1,At risk,50-70%,Above 3.5,Not eligible,A (primary)
294,3.75,24,90,57,Low,0,Not at risk,Above 85%,Above 3.5,Eligible,A (primary)
295,3.56,25,94,57,Low,0,Not at risk,Above 85%,Above 3.5,Eligible,A (primary)
296,3.97,19,68,89,High,1,At risk,50-70%,Above 3.5,Not eligible,A (primary)
297,3.21,22,68,92,High,1,At risk,50-70%,2.5-3.5,Not eligible,A (primary)
298,3.79,27,93,94,Low,0,Not at risk,Above 85%,Above 3.5,Eligible,A (primary)
299,2.02,28,85,74,High,1,At risk,70-85%,2.0-2.5,Eligible,A (primary)
300,3.55,19,98,83,Low,0,Not at risk,Above 85%,Above 3.5,Eligible,A (primary)
301,3.09,18,89,96,Low,0,Not at risk,Above 85%,2.5-3.5,Eligible,A (primary)
302,3.52,22,93,86,Low,0,Not at risk,Above 85%,Above 3.5,Eligible,A (primary)
303,3.17,24,96,61,Low,0,Not at risk,Above 85%,2.5-3.5,Eligible,A (primary)
304,2.17,22,81,90,High,1,At risk,70-85%,2.0-2.5,Eligible,A (primary)
305,3.44,28,73,95,High,1,At risk,70-85%,2.5-3.5,Eligible,A (primary)
306,2.41,19,74,50,High,1,At risk,70-85%,2.0-2.5,Eligible,A (primary)
307,3.29,19,88,82,Low,0,Not at risk,Above 85%,2.5-3.5,Eligible,A (primary)
308,2.11,22,76,78,High,1,At risk,70-85%,2.0-2.5,Eligible,A (primary)
309,3.67,25,93,62,Low,0,Not at risk,Above 85%,Above 3.5,Eligible,A (primary)
310,2.04,23,74,57,High,1,At risk,70-85%,2.0-2.5,Eligible,A (primary)
311,2.31,20,86,92,High,1,At risk,Above 85%,2.0-2.5,Eligible,A (primary)
312,3.89,22,94,78,Low,0,Not at risk,Above 85%,Above 3.5,Eligible,A (primary)
313,2.82,28,71,86,High,1,At risk,70-85%,2.5-3.5,Eligible,A (primary)
314,2.19,26,78,66,High,1,At risk,70-85%,2.0-2.5,Eligible,A (primary)
315,2.49,22,68,59,High,1,At risk,50-70%,2.0-2.5,Not eligible,A (primary)
316,2.48,23,63,67,High,1,At risk,50-70%,2.0-2.5,Not eligible,A (primary)
317,2.95,27,63,81,High,1,At risk,50-70%,2.5-3.5,Not eligible,A (primary)
318,2.44,30,77,56,High,1,At risk,70-85%,2.0-2.5,Eligible,A (primary)
319,3.58,26,85,52,Low,0,Not at risk,70-85%,Above 3.5,Eligible,A (primary)
320,3.58,29,100,80,Low,0,Not at risk,Above 85%,Above 3.5,Eligible,A (primary)
321,3.1,24,71,59,High,1,At risk,70-85%,2.5-3.5,Eligible,A (primary)
322,3.52,26,69,67,High,1,At risk,50-70%,Above 3.5,Not eligible,A (primary)
323,3.53,20,85,83,Low,0,Not at risk,70-85%,Above 3.5,Eligible,A (primary)
324,3.29,29,92,75,Low,0,Not at risk,Above 85%,2.5-3.5,Eligible,A (primary)
325,3.57,20,65,67,High,1,At risk,50-70%,Above 3.5,Not eligible,A (primary)
326,3.1,26,72,99,High,1,At risk,70-85%,2.5-3.5,Eligible,A (primary)
327,3.83,22,90,93,Low,0,Not at risk,Above 85%,Above 3.5,Eligible,A (primary)
328,3.36,25,85,80,Low,0,Not at risk,70-85%,2.5-3.5,Eligible,A (primary)
329,3.06,20,91,58,Low,0,Not at risk,Above 85%,2.5-3.5,Eligible,A (primary)
330,3.13,26,95,67,Low,0,Not at risk,Above 85%,2.5-3.5,Eligible,A (primary)
331,3.13,24,95,84,Low,0,Not at risk,Above 85%,2.5-3.5,Eligible,A (primary)
332,3.12,20,90,77,Low,0,Not at risk,Above 85%,2.5-3.5,Eligible,A (primary)
333,3.45,27,96,70,Low,0,Not at risk,Above 85%,2.5-3.5,Eligible,A (primary)
334,3.25,22,61,84,High,1,At risk,50-70%,2.5-3.5,Not eligible,A (primary)
335,2.02,26,83,74,High,1,At risk,70-85%,2.0-2.5,Eligible,A (primary)
336,3.26,24,95,89,Low,0,Not at risk,Above 85%,2.5-3.5,Eligible,A (primary)
337,3.22,19,70,63,High,1,At risk,50-70%,2.5-3.5,Eligible,A (primary)
338,3.63,20,68,64,High,1,At risk,50-70%,Above 3.5,Not eligible,A (primary)
339,2.02,25,95,72,High,1,At risk,Above 85%,2.0-2.5,Eligible,A (primary)
340,3.99,21,91,55,Low,0,Not at risk,Above 85%,Above 3.5,Eligible,A (primary)
341,2.41,21,95,85,High,1,At risk,Above 85%,2.0-2.5,Eligible,A (primary)
342,2.38,22,72,88,High,1,At risk,70-85%,2.0-2.5,Eligible,A (primary)
343,2.35,24,83,53,High,1,At risk,70-85%,2.0-2.5,Eligible,A (primary)
344,2.29,27,85,52,High,1,At risk,70-85%,2.0-2.5,Eligible,A (primary)
345,3.77,27,94,92,Low,0,Not at risk,Above 85%,Above 3.5,Eligible,A (primary)
346,2.02,28,89,93,High,1,At risk,Above 85%,2.0-2.5,Eligible,A (primary)
347,2.7,26,65,64,High,1,At risk,50-70%,2.5-3.5,Not eligible,A (primary)
348,3.83,24,100,92,Low,0,Not at risk,Above 85%,Above 3.5,Eligible,A (primary)
349,2.22,27,94,88,High,1,At risk,Above 85%,2.0-2.5,Eligible,A (primary)
350,3.12,28,88,76,Low,0,Not at risk,Above 85%,2.5-3.5,Eligible,A (primary)
351,3.75,26,62,88,High,1,At risk,50-70%,Above 3.5,Not eligible,A (primary)
352,3.7,23,67,55,High,1,At risk,50-70%,Above 3.5,Not eligible,A (primary)
353,2.39,29,83,93,High,1,At risk,70-85%,2.0-2.5,Eligible,A (primary)
354,3.21,29,87,73,Low,0,Not at risk,Above 85%,2.5-3.5,Eligible,A (primary)
355,3.91,24,85,76,Low,0,Not at risk,70-85%,Above 3.5,Eligible,A (primary)
356,3.48,27,95,61,Low,0,Not at risk,Above 85%,2.5-3.5,Eligible,A (primary)
357,2.43,19,88,77,High,1,At risk,Above 85%,2.0-2.5,Eligible,A (primary)
358,3.27,22,62,83,High,1,At risk,50-70%,2.5-3.5,Not eligible,A (primary)
359,2.06,23,66,79,High,1,At risk,50-70%,2.0-2.5,Not eligible,A (primary)
360,3.67,30,93,64,Low,0,Not at risk,Above 85%,Above 3.5,Eligible,A (primary)
361,3.0,27,68,98,High,1,At risk,50-70%,2.5-3.5,Not eligible,A (primary)
362,3.43,24,87,94,Low,0,Not at risk,Above 85%,2.5-3.5,Eligible,A (primary)
363,3.29,23,87,62,Low,0,Not at risk,Above 85%,2.5-3.5,Eligible,A (primary)
364,3.61,30,100,79,Low,0,Not at risk,Above 85%,Above 3.5,Eligible,A (primary)
365,3.01,27,96,58,Low,0,Not at risk,Above 85%,2.5-3.5,Eligible,A (primary)
366,3.91,27,92,75,Low,0,Not at risk,Above 85%,Above 3.5,Eligible,A (primary)
367,3.64,30,96,83,Low,0,Not at risk,Above 85%,Above 3.5,Eligible,A (primary)
368,3.05,24,91,98,Low,0,Not at risk,Above 85%,2.5-3.5,Eligible,A (primary)
369,3.17,22,85,54,Low,0,Not at risk,70-85%,2.5-3.5,Eligible,A (primary)
370,3.23,24,67,74,High,1,At risk,50-70%,2.5-3.5,Not eligible,A (primary)
371,2.87,24,65,50,High,1,At risk,50-70%,2.5-3.5,Not eligible,A (primary)
372,3.83,26,97,84,Low,0,Not at risk,Above 85%,Above 3.5,Eligible,A (primary)
373,3.39,21,85,77,Low,0,Not at risk,70-85%,2.5-3.5,Eligible,A (primary)
374,3.55,25,92,78,Low,0,Not at risk,Above 85%,Above 3.5,Eligible,A (primary)
375,3.13,27,96,72,Low,0,Not at risk,Above 85%,2.5-3.5,Eligible,A (primary)
376,3.29,21,62,69,High,1,At risk,50-70%,2.5-3.5,Not eligible,A (primary)
377,3.31,28,97,67,Low,0,Not at risk,Above 85%,2.5-3.5,Eligible,A (primary)
378,2.86,23,64,85,High,1,At risk,50-70%,2.5-3.5,Not eligible,A (primary)
379,2.16,27,87,72,High,1,At risk,Above 85%,2.0-2.5,Eligible,A (primary)
380,3.52,18,74,56,High,1,At risk,70-85%,Above 3.5,Eligible,A (primary)
381,2.05,20,81,72,High,1,At risk,70-85%,2.0-2.5,Eligible,A (primary)
382,3.41,23,68,64,High,1,At risk,50-70%,2.5-3.5,Not eligible,A (primary)
383,2.39,23,61,78,High,1,At risk,50-70%,2.0-2.5,Not eligible,A (primary)
384,3.3,28,97,89,Low,0,Not at risk,Above 85%,2.5-3.5,Eligible,A (primary)
385,2.43,25,60,95,High,1,At risk,50-70%,2.0-2.5,Not eligible,A (primary)
386,3.15,27,74,73,High,1,At risk,70-85%,2.5-3.5,Eligible,A (primary)
387,3.69,20,93,97,Low,0,Not at risk,Above 85%,Above 3.5,Eligible,A (primary)
388,2.23,21,61,71,High,1,At risk,50-70%,2.0-2.5,Not eligible,A (primary)
389,3.53,25,87,85,Low,0,Not at risk,Above 85%,Above 3.5,Eligible,A (primary)
390,2.09,18,87,86,High,1,At risk,Above 85%,2.0-2.5,Eligible,A (primary)
391,3.67,26,95,70,Low,0,Not at risk,Above 85%,Above 3.5,Eligible,A (primary)
392,3.2,27,92,52,Low,0,Not at risk,Above 85%,2.5-3.5,Eligible,A (primary)
393,3.11,22,63,86,High,1,At risk,50-70%,2.5-3.5,Not eligible,A (primary)
394,3.05,25,96,55,Low,0,Not at risk,Above 85%,2.5-3.5,Eligible,A (primary)
395,2.43,23,80,84,High,1,At risk,70-85%,2.0-2.5,Eligible,A (primary)
396,2.31,24,68,86,High,1,At risk,50-70%,2.0-2.5,Not eligible,A (primary)
397,2.62,24,69,72,High,1,At risk,50-70%,2.5-3.5,Not eligible,A (primary)
398,3.02,20,63,84,High,1,At risk,50-70%,2.5-3.5,Not eligible,A (primary)
399,3.6,20,97,50,Low,0,Not at risk,Above 85%,Above 3.5,Eligible,A (primary)
400,3.92,20,65,87,High,1,At risk,50-70%,Above 3.5,Not eligible,A (primary)
401,2.5,20,64,53,High,1,At risk,50-70%,2.0-2.5,Not eligible,A (primary)
402,3.3,18,85,59,Low,0,Not at risk,70-85%,2.5-3.5,Eligible,A (primary)
403,3.29,18,64,53,High,1,At risk,50-70%,2.5-3.5,Not eligible,A (primary)
404,3.81,19,63,66,High,1,At risk,50-70%,Above 3.5,Not eligible,A (primary)
405,3.2,27,96,76,Low,0,Not at risk,Above 85%,2.5-3.5,Eligible,A (primary)
406,2.71,25,73,55,High,1,At risk,70-85%,2.5-3.5,Eligible,A (primary)
407,3.29,23,70,63,High,1,At risk,50-70%,2.5-3.5,Eligible,A (primary)
408,2.87,24,65,79,High,1,At risk,50-70%,2.5-3.5,Not eligible,A (primary)
409,3.52,24,69,84,High,1,At risk,50-70%,Above 3.5,Not eligible,A (primary)
410,2.09,19,92,98,High,1,At risk,Above 85%,2.0-2.5,Eligible,A (primary)
411,3.53,25,68,53,High,1,At risk,50-70%,Above 3.5,Not eligible,A (primary)
412,2.06,18,94,81,High,1,At risk,Above 85%,2.0-2.5,Eligible,A (primary)
413,3.55,26,85,70,Low,0,Not at risk,70-85%,Above 3.5,Eligible,A (primary)
414,3.79,21,61,82,High,1,At risk,50-70%,Above 3.5,Not eligible,A (primary)
415,2.8,26,63,55,High,1,At risk,50-70%,2.5-3.5,Not eligible,A (primary)
416,2.42,26,85,64,High,1,At risk,70-85%,2.0-2.5,Eligible,A (primary)
417,3.74,23,65,92,High,1,At risk,50-70%,Above 3.5,Not eligible,A (primary)
418,2.35,26,65,78,High,1,At risk,50-70%,2.0-2.5,Not eligible,A (primary)
419,2.23,22,84,96,High,1,At risk,70-85%,2.0-2.5,Eligible,A (primary)
420,3.74,29,93,60,Low,0,Not at risk,Above 85%,Above 3.5,Eligible,A (primary)
421,3.26,19,69,73,High,1,At risk,50-70%,2.5-3.5,Not eligible,A (primary)
422,3.73,19,73,91,High,1,At risk,70-85%,Above 3.5,Eligible,A (primary)
423,3.24,20,96,78,Low,0,Not at risk,Above 85%,2.5-3.5,Eligible,A (primary)
424,3.72,29,97,93,Low,0,Not at risk,Above 85%,Above 3.5,Eligible,A (primary)
425,2.25,25,74,95,High,1,At risk,70-85%,2.0-2.5,Eligible,A (primary)
426,2.46,25,88,94,High,1,At risk,Above 85%,2.0-2.5,Eligible,A (primary)
427,3.09,24,87,61,Low,0,Not at risk,Above 85%,2.5-3.5,Eligible,A (primary)
428,2.93,26,73,94,High,1,At risk,70-85%,2.5-3.5,Eligible,A (primary)
429,3.46,28,94,86,Low,0,Not at risk,Above 85%,2.5-3.5,Eligible,A (primary)
430,3.92,18,99,70,Low,0,Not at risk,Above 85%,Above 3.5,Eligible,A (primary)
431,3.49,24,87,79,Low,0,Not at risk,Above 85%,2.5-3.5,Eligible,A (primary)
432,3.1,28,64,85,High,1,At risk,50-70%,2.5-3.5,Not eligible,A (primary)
433,2.15,23,88,56,High,1,At risk,Above 85%,2.0-2.5,Eligible,A (primary)
434,3.49,29,97,90,Low,0,Not at risk,Above 85%,2.5-3.5,Eligible,A (primary)
435,3.44,22,91,78,Low,0,Not at risk,Above 85%,2.5-3.5,Eligible,A (primary)
436,3.36,23,96,68,Low,0,Not at risk,Above 85%,2.5-3.5,Eligible,A (primary)
437,3.03,23,74,60,High,1,At risk,70-85%,2.5-3.5,Eligible,A (primary)
438,3.18,18,98,63,Low,0,Not at risk,Above 85%,2.5-3.5,Eligible,A (primary)
439,3.13,25,65,99,High,1,At risk,50-70%,2.5-3.5,Not eligible,A (primary)
440,2.92,28,70,59,High,1,At risk,50-70%,2.5-3.5,Eligible,A (primary)
441,3.26,21,94,81,Low,0,Not at risk,Above 85%,2.5-3.5,Eligible,A (primary)
442,2.16,26,84,98,High,1,At risk,70-85%,2.0-2.5,Eligible,A (primary)
443,2.01,20,74,91,High,1,At risk,70-85%,2.0-2.5,Eligible,A (primary)
444,2.69,19,61,79,High,1,At risk,50-70%,2.5-3.5,Not eligible,A (primary)
445,3.99,25,68,91,High,1,At risk,50-70%,Above 3.5,Not eligible,A (primary)
446,3.33,29,89,60,Low,0,Not at risk,Above 85%,2.5-3.5,Eligible,A (primary)
447,2.55,24,67,58,High,1,At risk,50-70%,2.5-3.5,Not eligible,A (primary)
448,3.87,19,92,90,Low,0,Not at risk,Above 85%,Above 3.5,Eligible,A (primary)
449,3.39,29,62,93,High,1,At risk,50-70%,2.5-3.5,Not eligible,A (primary)
450,3.78,28,95,70,Low,0,Not at risk,Above 85%,Above 3.5,Eligible,A (primary)
451,3.22,23,96,54,Low,0,Not at risk,Above 85%,2.5-3.5,Eligible,A (primary)
452,3.26,21,88,66,Low,0,Not at risk,Above 85%,2.5-3.5,Eligible,A (primary)
453,3.87,19,61,100,High,1,At risk,50-70%,Above 3.5,Not eligible,A (primary)
454,3.63,30,98,70,Low,0,Not at risk,Above 85%,Above 3.5,Eligible,A (primary)
455,3.77,29,94,59,Low,0,Not at risk,Above 85%,Above 3.5,Eligible,A (primary)
456,3.05,20,94,99,Low,0,Not at risk,Above 85%,2.5-3.5,Eligible,A (primary)
457,3.83,20,63,78,High,1,At risk,50-70%,Above 3.5,Not eligible,A (primary)
458,3.51,29,98,94,Low,0,Not at risk,Above 85%,Above 3.5,Eligible,A (primary)
459,3.12,27,73,100,High,1,At risk,70-85%,2.5-3.5,Eligible,A (primary)
460,2.04,24,86,72,High,1,At risk,Above 85%,2.0-2.5,Eligible,A (primary)
461,3.17,25,67,78,High,1,At risk,50-70%,2.5-3.5,Not eligible,A (primary)
462,2.34,28,97,57,High,1,At risk,Above 85%,2.0-2.5,Eligible,A (primary)
463,3.5,29,88,66,Low,0,Not at risk,Above 85%,2.5-3.5,Eligible,A (primary)
464,2.55,27,72,69,High,1,At risk,70-85%,2.5-3.5,Eligible,A (primary)
465,3.57,25,69,53,High,1,At risk,50-70%,Above 3.5,Not eligible,A (primary)
466,2.77,21,66,94,High,1,At risk,50-70%,2.5-3.5,Not eligible,A (primary)
467,3.59,25,97,81,Low,0,Not at risk,Above 85%,Above 3.5,Eligible,A (primary)
468,3.31,22,88,88,Low,0,Not at risk,Above 85%,2.5-3.5,Eligible,A (primary)
469,2.2,23,63,92,High,1,At risk,50-70%,2.0-2.5,Not eligible,A (primary)
470,3.36,26,86,83,Low,0,Not at risk,Above 85%,2.5-3.5,Eligible,A (primary)
471,2.44,22,93,63,High,1,At risk,Above 85%,2.0-2.5,Eligible,A (primary)
472,2.69,25,67,91,High,1,At risk,50-70%,2.5-3.5,Not eligible,A (primary)
473,2.46,27,73,68,High,1,At risk,70-85%,2.0-2.5,Eligible,A (primary)
474,3.31,21,90,51,Low,0,Not at risk,Above 85%,2.5-3.5,Eligible,A (primary)
475,3.06,19,92,76,Low,0,Not at risk,Above 85%,2.5-3.5,Eligible,A (primary)
476,2.08,24,62,63,High,1,At risk,50-70%,2.0-2.5,Not eligible,A (primary)
477,2.45,20,92,56,High,1,At risk,Above 85%,2.0-2.5,Eligible,A (primary)
478,3.09,22,64,88,High,1,At risk,50-70%,2.5-3.5,Not eligible,A (primary)
479,3.38,19,88,80,Low,0,Not at risk,Above 85%,2.5-3.5,Eligible,A (primary)
480,3.28,26,66,92,High,1,At risk,50-70%,2.5-3.5,Not eligible,A (primary)
481,3.77,29,85,50,Low,0,Not at risk,70-85%,Above 3.5,Eligible,A (primary)
482,2.06,18,88,80,High,1,At risk,Above 85%,2.0-2.5,Eligible,A (primary)
483,2.91,30,71,81,High,1,At risk,70-85%,2.5-3.5,Eligible,A (primary)
484,2.48,28,74,66,High,1,At risk,70-85%,2.0-2.5,Eligible,A (primary)
485,3.42,19,94,64,Low,0,Not at risk,Above 85%,2.5-3.5,Eligible,A (primary)
486,2.25,27,99,85,High,1,At risk,Above 85%,2.0-2.5,Eligible,A (primary)
487,3.1,30,64,73,High,1,At risk,50-70%,2.5-3.5,Not eligible,A (primary)
488,3.55,18,88,55,Low,0,Not at risk,Above 85%,Above 3.5,Eligible,A (primary)
489,3.09,30,89,74,Low,0,Not at risk,Above 85%,2.5-3.5,Eligible,A (primary)
490,3.17,22,98,100,Low,0,Not at risk,Above 85%,2.5-3.5,Eligible,A (primary)
491,3.89,23,67,54,High,1,At risk,50-70%,Above 3.5,Not eligible,A (primary)
492,3.42,30,73,68,High,1,At risk,70-85%,2.5-3.5,Eligible,A (primary)
493,2.41,19,74,80,High,1,At risk,70-85%,2.0-2.5,Eligible,A (primary)
494,3.48,20,72,66,High,1,At risk,70-85%,2.5-3.5,Eligible,A (primary)
495,3.71,28,71,64,High,1,At risk,70-85%,Above 3.5,Eligible,A (primary)
496,3.1,26,99,67,Low,0,Not at risk,Above 85%,2.5-3.5,Eligible,A (primary)
497,3.19,19,61,98,High,1,At risk,50-70%,2.5-3.5,Not eligible,A (primary)
498,3.46,27,70,86,High,1,At risk,50-70%,2.5-3.5,Eligible,A (primary)
499,3.55,29,97,79,Low,0,Not at risk,Above 85%,Above 3.5,Eligible,A (primary)
500,2.09,25,90,75,High,1,At risk,Above 85%,2.0-2.5,Eligible,A (primary)
501,3.39,22,90,79,Low,0,Not at risk,Above 85%,2.5-3.5,Eligible,A (primary)
502,3.36,22,63,98,High,1,At risk,50-70%,2.5-3.5,Not eligible,A (primary)
503,2.63,29,66,58,High,1,At risk,50-70%,2.5-3.5,Not eligible,A (primary)
504,3.4,25,68,78,High,1,At risk,50-70%,2.5-3.5,Not eligible,A (primary)
505,3.81,28,71,99,High,1,At risk,70-85%,Above 3.5,Eligible,A (primary)
506,2.92,23,63,62,High,1,At risk,50-70%,2.5-3.5,Not eligible,A (primary)
507,3.57,29,98,80,Low,0,Not at risk,Above 85%,Above 3.5,Eligible,A (primary)
508,2.42,26,62,84,High,1,At risk,50-70%,2.0-2.5,Not eligible,A (primary)
509,2.65,21,60,95,High,1,At risk,50-70%,2.5-3.5,Not eligible,A (primary)
510,2.42,26,66,53,High,1,At risk,50-70%,2.0-2.5,Not eligible,A (primary)
511,2.39,28,67,82,High,1,At risk,50-70%,2.0-2.5,Not eligible,A (primary)
512,2.33,27,66,52,High,1,At risk,50-70%,2.0-2.5,Not eligible,A (primary)
513,3.99,18,96,75,Low,0,Not at risk,Above 85%,Above 3.5,Eligible,A (primary)
514,3.11,27,96,69,Low,0,Not at risk,Above 85%,2.5-3.5,Eligible,A (primary)
515,3.34,29,88,61,Low,0,Not at risk,Above 85%,2.5-3.5,Eligible,A (primary)
516,2.76,20,66,76,High,1,At risk,50-70%,2.5-3.5,Not eligible,A (primary)
517,2.82,22,68,78,High,1,At risk,50-70%,2.5-3.5,Not eligible,A (primary)
518,3.49,21,89,77,Low,0,Not at risk,Above 85%,2.5-3.5,Eligible,A (primary)
519,3.07,29,93,76,Low,0,Not at risk,Above 85%,2.5-3.5,Eligible,A (primary)
520,2.47,20,77,57,High,1,At risk,70-85%,2.0-2.5,Eligible,A (primary)
521,2.62,21,70,69,High,1,At risk,50-70%,2.5-3.5,Eligible,A (primary)
522,2.54,24,62,72,High,1,At risk,50-70%,2.5-3.5,Not eligible,A (primary)
523,3.85,22,65,65,High,1,At risk,50-70%,Above 3.5,Not eligible,A (primary)
524,3.19,25,65,56,High,1,At risk,50-70%,2.5-3.5,Not eligible,A (primary)
525,3.15,27,62,65,High,1,At risk,50-70%,2.5-3.5,Not eligible,A (primary)
526,3.92,19,87,70,Low,0,Not at risk,Above 85%,Above 3.5,Eligible,A (primary)
527,3.57,22,93,86,Low,0,Not at risk,Above 85%,Above 3.5,Eligible,A (primary)
528,3.22,26,68,69,High,1,At risk,50-70%,2.5-3.5,Not eligible,A (primary)
529,3.31,29,63,51,High,1,At risk,50-70%,2.5-3.5,Not eligible,A (primary)
530,3.86,19,86,59,Low,0,Not at risk,Above 85%,Above 3.5,Eligible,A (primary)
531,3.61,28,92,98,Low,0,Not at risk,Above 85%,Above 3.5,Eligible,A (primary)
532,2.59,26,63,61,High,1,At risk,50-70%,2.5-3.5,Not eligible,A (primary)
533,3.71,30,65,94,High,1,At risk,50-70%,Above 3.5,Not eligible,A (primary)
534,3.57,21,87,88,Low,0,Not at risk,Above 85%,Above 3.5,Eligible,A (primary)
535,3.36,28,97,66,Low,0,Not at risk,Above 85%,2.5-3.5,Eligible,A (primary)
536,2.24,23,96,90,High,1,At risk,Above 85%,2.0-2.5,Eligible,A (primary)
537,2.38,29,68,64,High,1,At risk,50-70%,2.0-2.5,Not eligible,A (primary)
538,3.61,23,95,90,Low,0,Not at risk,Above 85%,Above 3.5,Eligible,A (primary)
539,2.99,29,72,53,High,1,At risk,70-85%,2.5-3.5,Eligible,A (primary)
540,3.46,26,98,59,Low,0,Not at risk,Above 85%,2.5-3.5,Eligible,A (primary)
541,3.66,23,73,59,High,1,At risk,70-85%,Above 3.5,Eligible,A (primary)
542,3.73,19,92,97,Low,0,Not at risk,Above 85%,Above 3.5,Eligible,A (primary)
543,3.39,22,90,70,Low,0,Not at risk,Above 85%,2.5-3.5,Eligible,A (primary)
544,2.01,28,63,99,High,1,At risk,50-70%,2.0-2.5,Not eligible,A (primary)
545,3.1,25,65,79,High,1,At risk,50-70%,2.5-3.5,Not eligible,A (primary)
546,2.91,20,70,67,High,1,At risk,50-70%,2.5-3.5,Eligible,A (primary)
547,2.24,26,63,82,High,1,At risk,50-70%,2.0-2.5,Not eligible,A (primary)
548,3.21,29,91,66,Low,0,Not at risk,Above 85%,2.5-3.5,Eligible,A (primary)
549,2.07,23,81,71,High,1,At risk,70-85%,2.0-2.5,Eligible,A (primary)
550,2.19,26,93,93,High,1,At risk,Above 85%,2.0-2.5,Eligible,A (primary)
551,3.77,24,60,84,High,1,At risk,50-70%,Above 3.5,Not eligible,A (primary)
552,2.01,27,83,65,High,1,At risk,70-85%,2.0-2.5,Eligible,A (primary)
553,3.13,25,72,89,High,1,At risk,70-85%,2.5-3.5,Eligible,A (primary)
554,2.87,26,65,84,High,1,At risk,50-70%,2.5-3.5,Not eligible,A (primary)
555,2.41,19,65,88,High,1,At risk,50-70%,2.0-2.5,Not eligible,A (primary)
556,3.52,20,88,94,Low,0,Not at risk,Above 85%,Above 3.5,Eligible,A (primary)
557,3.27,24,94,90,Low,0,Not at risk,Above 85%,2.5-3.5,Eligible,A (primary)
558,3.88,24,69,73,High,1,At risk,50-70%,Above 3.5,Not eligible,A (primary)
559,2.72,29,63,70,High,1,At risk,50-70%,2.5-3.5,Not eligible,A (primary)
560,3.31,19,66,90,High,1,At risk,50-70%,2.5-3.5,Not eligible,A (primary)
561,3.35,27,97,66,Low,0,Not at risk,Above 85%,2.5-3.5,Eligible,A (primary)
562,2.01,30,95,76,High,1,At risk,Above 85%,2.0-2.5,Eligible,A (primary)
563,3.25,20,62,81,High,1,At risk,50-70%,2.5-3.5,Not eligible,A (primary)
564,3.41,25,92,63,Low,0,Not at risk,Above 85%,2.5-3.5,Eligible,A (primary)
565,2.1,21,95,52,High,1,At risk,Above 85%,2.0-2.5,Eligible,A (primary)
566,2.33,19,63,94,High,1,At risk,50-70%,2.0-2.5,Not eligible,A (primary)
567,3.11,21,61,63,High,1,At risk,50-70%,2.5-3.5,Not eligible,A (primary)
568,3.87,19,68,62,High,1,At risk,50-70%,Above 3.5,Not eligible,A (primary)
569,3.18,18,98,62,Low,0,Not at risk,Above 85%,2.5-3.5,Eligible,A (primary)
570,3.71,30,93,63,Low,0,Not at risk,Above 85%,Above 3.5,Eligible,A (primary)
571,3.07,19,63,51,High,1,At risk,50-70%,2.5-3.5,Not eligible,A (primary)
572,2.9,25,70,72,High,1,At risk,50-70%,2.5-3.5,Eligible,A (primary)
573,3.99,24,62,97,High,1,At risk,50-70%,Above 3.5,Not eligible,A (primary)
574,3.85,19,88,73,Low,0,Not at risk,Above 85%,Above 3.5,Eligible,A (primary)
575,3.26,20,96,79,Low,0,Not at risk,Above 85%,2.5-3.5,Eligible,A (primary)
576,2.49,27,86,77,High,1,At risk,Above 85%,2.0-2.5,Eligible,A (primary)
577,2.1,23,72,79,High,1,At risk,70-85%,2.0-2.5,Eligible,A (primary)
578,2.37,24,70,98,High,1,At risk,50-70%,2.0-2.5,Eligible,A (primary)
579,2.75,18,73,70,High,1,At risk,70-85%,2.5-3.5,Eligible,A (primary)
580,2.45,30,69,86,High,1,At risk,50-70%,2.0-2.5,Not eligible,A (primary)
581,2.27,21,96,61,High,1,At risk,Above 85%,2.0-2.5,Eligible,A (primary)
582,3.59,30,100,80,Low,0,Not at risk,Above 85%,Above 3.5,Eligible,A (primary)
583,3.38,19,64,58,High,1,At risk,50-70%,2.5-3.5,Not eligible,A (primary)
584,3.47,30,62,72,High,1,At risk,50-70%,2.5-3.5,Not eligible,A (primary)
585,3.8,25,66,63,High,1,At risk,50-70%,Above 3.5,Not eligible,A (primary)
586,3.13,20,64,98,High,1,At risk,50-70%,2.5-3.5,Not eligible,A (primary)
587,2.42,23,81,81,High,1,At risk,70-85%,2.0-2.5,Eligible,A (primary)
588,3.81,23,61,85,High,1,At risk,50-70%,Above 3.5,Not eligible,A (primary)
589,3.16,19,69,73,High,1,At risk,50-70%,2.5-3.5,Not eligible,A (primary)
590,3.05,29,65,73,High,1,At risk,50-70%,2.5-3.5,Not eligible,A (primary)
591,3.09,24,68,79,High,1,At risk,50-70%,2.5-3.5,Not eligible,A (primary)
592,2.06,19,73,66,High,1,At risk,70-85%,2.0-2.5,Eligible,A (primary)
593,3.48,20,90,65,Low,0,Not at risk,Above 85%,2.5-3.5,Eligible,A (primary)
594,3.77,30,70,75,High,1,At risk,50-70%,Above 3.5,Eligible,A (primary)
595,2.21,25,62,61,High,1,At risk,50-70%,2.0-2.5,Not eligible,A (primary)
596,3.79,22,96,62,Low,0,Not at risk,Above 85%,Above 3.5,Eligible,A (primary)
597,3.53,24,88,83,Low,0,Not at risk,Above 85%,Above 3.5,Eligible,A (primary)
598,2.26,25,62,95,High,1,At risk,50-70%,2.0-2.5,Not eligible,A (primary)
599,3.37,26,98,89,Low,0,Not at risk,Above 85%,2.5-3.5,Eligible,A (primary)
600,3.81,26,97,81,Low,0,Not at risk,Above 85%,Above 3.5,Eligible,A (primary)
601,3.61,20,69,90,High,1,At risk,50-70%,Above 3.5,Not eligible,A (primary)
602,3.21,27,68,56,High,1,At risk,50-70%,2.5-3.5,Not eligible,A (primary)
603,3.13,23,64,69,High,1,At risk,50-70%,2.5-3.5,Not eligible,A (primary)
604,2.04,26,91,70,High,1,At risk,Above 85%,2.0-2.5,Eligible,A (primary)
605,2.43,19,71,63,High,1,At risk,70-85%,2.0-2.5,Eligible,A (primary)
606,2.63,21,72,87,High,1,At risk,70-85%,2.5-3.5,Eligible,A (primary)
607,2.28,19,79,60,High,1,At risk,70-85%,2.0-2.5,Eligible,A (primary)
608,2.49,26,74,87,High,1,At risk,70-85%,2.0-2.5,Eligible,A (primary)
609,3.56,18,97,82,Low,0,Not at risk,Above 85%,Above 3.5,Eligible,A (primary)
610,3.53,26,98,58,Low,0,Not at risk,Above 85%,Above 3.5,Eligible,A (primary)
611,3.9,22,87,93,Low,0,Not at risk,Above 85%,Above 3.5,Eligible,A (primary)
612,3.19,21,86,97,Low,0,Not at risk,Above 85%,2.5-3.5,Eligible,A (primary)
613,3.0,25,95,56,Low,0,Not at risk,Above 85%,2.5-3.5,Eligible,A (primary)
614,2.7,19,62,59,High,1,At risk,50-70%,2.5-3.5,Not eligible,A (primary)
615,3.85,26,74,99,High,1,At risk,70-85%,Above 3.5,Eligible,A (primary)
616,3.86,24,61,91,High,1,At risk,50-70%,Above 3.5,Not eligible,A (primary)
617,3.68,24,89,59,Low,0,Not at risk,Above 85%,Above 3.5,Eligible,A (primary)
618,3.3,20,67,82,High,1,At risk,50-70%,2.5-3.5,Not eligible,A (primary)
619,2.83,23,71,82,High,1,At risk,70-85%,2.5-3.5,Eligible,A (primary)
620,3.57,29,97,81,Low,0,Not at risk,Above 85%,Above 3.5,Eligible,A (primary)
621,2.9,20,68,63,High,1,At risk,50-70%,2.5-3.5,Not eligible,A (primary)
622,2.93,22,62,89,High,1,At risk,50-70%,2.5-3.5,Not eligible,A (primary)
623,2.54,20,60,65,High,1,At risk,50-70%,2.5-3.5,Not eligible,A (primary)
624,3.35,25,98,90,Low,0,Not at risk,Above 85%,2.5-3.5,Eligible,A (primary)
625,3.26,23,67,54,High,1,At risk,50-70%,2.5-3.5,Not eligible,A (primary)
626,3.27,29,92,76,Low,0,Not at risk,Above 85%,2.5-3.5,Eligible,A (primary)
627,3.2,22,64,67,High,1,At risk,50-70%,2.5-3.5,Not eligible,A (primary)
628,3.81,29,74,93,High,1,At risk,70-85%,Above 3.5,Eligible,A (primary)
629,3.06,19,97,56,Low,0,Not at risk,Above 85%,2.5-3.5,Eligible,A (primary)
630,2.34,29,95,85,High,1,At risk,Above 85%,2.0-2.5,Eligible,A (primary)
631,3.06,18,71,83,High,1,At risk,70-85%,2.5-3.5,Eligible,A (primary)
632,3.95,25,97,52,Low,0,Not at risk,Above 85%,Above 3.5,Eligible,A (primary)
633,3.94,21,72,69,High,1,At risk,70-85%,Above 3.5,Eligible,A (primary)
634,2.82,19,60,79,High,1,At risk,50-70%,2.5-3.5,Not eligible,A (primary)
635,2.26,27,68,55,High,1,At risk,50-70%,2.0-2.5,Not eligible,A (primary)
636,3.21,27,93,52,Low,0,Not at risk,Above 85%,2.5-3.5,Eligible,A (primary)
637,3.89,20,88,93,Low,0,Not at risk,Above 85%,Above 3.5,Eligible,A (primary)
638,3.45,19,97,77,Low,0,Not at risk,Above 85%,2.5-3.5,Eligible,A (primary)
639,3.67,23,67,72,High,1,At risk,50-70%,Above 3.5,Not eligible,A (primary)
640,3.53,28,70,65,High,1,At risk,50-70%,Above 3.5,Eligible,A (primary)
641,2.19,25,76,55,High,1,At risk,70-85%,2.0-2.5,Eligible,A (primary)
642,2.27,25,82,85,High,1,At risk,70-85%,2.0-2.5,Eligible,A (primary)
643,3.46,28,85,60,Low,0,Not at risk,70-85%,2.5-3.5,Eligible,A (primary)
644,3.21,20,86,70,Low,0,Not at risk,Above 85%,2.5-3.5,Eligible,A (primary)
645,3.23,19,98,93,Low,0,Not at risk,Above 85%,2.5-3.5,Eligible,A (primary)
646,3.05,24,65,69,High,1,At risk,50-70%,2.5-3.5,Not eligible,A (primary)
647,2.44,21,81,89,High,1,At risk,70-85%,2.0-2.5,Eligible,A (primary)
648,2.83,21,66,67,High,1,At risk,50-70%,2.5-3.5,Not eligible,A (primary)
649,2.44,22,67,85,High,1,At risk,50-70%,2.0-2.5,Not eligible,A (primary)
650,3.19,23,98,98,Low,0,Not at risk,Above 85%,2.5-3.5,Eligible,A (primary)
651,2.12,25,93,95,High,1,At risk,Above 85%,2.0-2.5,Eligible,A (primary)
652,2.43,22,69,80,High,1,At risk,50-70%,2.0-2.5,Not eligible,A (primary)
653,3.28,18,88,62,Low,0,Not at risk,Above 85%,2.5-3.5,Eligible,A (primary)
654,2.36,19,93,92,High,1,At risk,Above 85%,2.0-2.5,Eligible,A (primary)
655,3.58,21,94,50,Low,0,Not at risk,Above 85%,Above 3.5,Eligible,A (primary)
656,2.4,29,68,84,High,1,At risk,50-70%,2.0-2.5,Not eligible,A (primary)
657,2.36,25,74,63,High,1,At risk,70-85%,2.0-2.5,Eligible,A (primary)
658,2.41,25,79,73,High,1,At risk,70-85%,2.0-2.5,Eligible,A (primary)
659,3.45,30,61,91,High,1,At risk,50-70%,2.5-3.5,Not eligible,A (primary)
660,2.28,26,84,97,High,1,At risk,70-85%,2.0-2.5,Eligible,A (primary)
661,3.5,23,72,54,High,1,At risk,70-85%,2.5-3.5,Eligible,A (primary)
662,2.78,20,73,93,High,1,At risk,70-85%,2.5-3.5,Eligible,A (primary)
663,3.0,27,94,78,Low,0,Not at risk,Above 85%,2.5-3.5,Eligible,A (primary)
664,3.52,20,67,54,High,1,At risk,50-70%,Above 3.5,Not eligible,A (primary)
665,3.36,23,96,92,Low,0,Not at risk,Above 85%,2.5-3.5,Eligible,A (primary)
666,3.57,22,68,62,High,1,At risk,50-70%,Above 3.5,Not eligible,A (primary)
667,2.18,21,85,64,High,1,At risk,70-85%,2.0-2.5,Eligible,A (primary)
668,3.64,26,61,65,High,1,At risk,50-70%,Above 3.5,Not eligible,A (primary)
669,3.62,23,63,75,High,1,At risk,50-70%,Above 3.5,Not eligible,A (primary)
670,3.9,27,66,100,High,1,At risk,50-70%,Above 3.5,Not eligible,A (primary)
671,3.36,18,100,78,Low,0,Not at risk,Above 85%,2.5-3.5,Eligible,A (primary)
672,3.56,19,92,68,Low,0,Not at risk,Above 85%,Above 3.5,Eligible,A (primary)
673,3.5,30,98,95,Low,0,Not at risk,Above 85%,2.5-3.5,Eligible,A (primary)
674,3.76,23,95,54,Low,0,Not at risk,Above 85%,Above 3.5,Eligible,A (primary)
675,2.32,22,97,52,High,1,At risk,Above 85%,2.0-2.5,Eligible,A (primary)
676,2.31,22,81,66,High,1,At risk,70-85%,2.0-2.5,Eligible,A (primary)
677,3.51,21,85,73,Low,0,Not at risk,70-85%,Above 3.5,Eligible,A (primary)
678,2.79,29,73,53,High,1,At risk,70-85%,2.5-3.5,Eligible,A (primary)
679,2.83,24,62,72,High,1,At risk,50-70%,2.5-3.5,Not eligible,A (primary)
680,3.25,23,63,76,High,1,At risk,50-70%,2.5-3.5,Not eligible,A (primary)
681,2.43,21,79,93,High,1,At risk,70-85%,2.0-2.5,Eligible,A (primary)
682,3.18,19,96,62,Low,0,Not at risk,Above 85%,2.5-3.5,Eligible,A (primary)
683,3.88,24,73,96,High,1,At risk,70-85%,Above 3.5,Eligible,A (primary)
684,2.36,29,77,93,High,1,At risk,70-85%,2.0-2.5,Eligible,A (primary)
685,3.58,19,100,84,Low,0,Not at risk,Above 85%,Above 3.5,Eligible,A (primary)
686,3.45,21,65,98,High,1,At risk,50-70%,2.5-3.5,Not eligible,A (primary)
687,3.28,22,88,65,Low,0,Not at risk,Above 85%,2.5-3.5,Eligible,A (primary)
688,3.43,21,71,62,High,1,At risk,70-85%,2.5-3.5,Eligible,A (primary)
689,2.53,29,70,56,High,1,At risk,50-70%,2.5-3.5,Eligible,A (primary)
690,3.1,18,96,77,Low,0,Not at risk,Above 85%,2.5-3.5,Eligible,A (primary)
691,2.4,20,81,64,High,1,At risk,70-85%,2.0-2.5,Eligible,A (primary)
692,3.87,27,92,73,Low,0,Not at risk,Above 85%,Above 3.5,Eligible,A (primary)
693,3.9,22,73,74,High,1,At risk,70-85%,Above 3.5,Eligible,A (primary)
694,3.51,23,93,51,Low,0,Not at risk,Above 85%,Above 3.5,Eligible,A (primary)
695,3.47,20,90,64,Low,0,Not at risk,Above 85%,2.5-3.5,Eligible,A (primary)
696,3.63,30,74,90,High,1,At risk,70-85%,Above 3.5,Eligible,A (primary)
697,3.09,21,71,79,High,1,At risk,70-85%,2.5-3.5,Eligible,A (primary)
698,3.25,20,92,51,Low,0,Not at risk,Above 85%,2.5-3.5,Eligible,A (primary)
699,3.82,25,99,90,Low,0,Not at risk,Above 85%,Above 3.5,Eligible,A (primary)
700,3.62,30,96,85,Low,0,Not at risk,Above 85%,Above 3.5,Eligible,A (primary)
701,3.16,20,71,85,High,1,At risk,70-85%,2.5-3.5,Eligible,A (primary)
702,3.92,27,92,72,Low,0,Not at risk,Above 85%,Above 3.5,Eligible,A (primary)
703,2.83,29,67,83,High,1,At risk,50-70%,2.5-3.5,Not eligible,A (primary)
704,3.52,18,74,79,High,1,At risk,70-85%,Above 3.5,Eligible,A (primary)
705,3.91,27,99,61,Low,0,Not at risk,Above 85%,Above 3.5,Eligible,A (primary)
706,3.46,18,96,83,Low,0,Not at risk,Above 85%,2.5-3.5,Eligible,A (primary)
707,3.47,27,96,68,Low,0,Not at risk,Above 85%,2.5-3.5,Eligible,A (primary)
708,3.71,28,66,82,High,1,At risk,50-70%,Above 3.5,Not eligible,A (primary)
709,3.55,24,98,72,Low,0,Not at risk,Above 85%,Above 3.5,Eligible,A (primary)
710,2.26,24,65,85,High,1,At risk,50-70%,2.0-2.5,Not eligible,A (primary)
711,3.93,25,91,56,Low,0,Not at risk,Above 85%,Above 3.5,Eligible,A (primary)
712,3.26,29,92,95,Low,0,Not at risk,Above 85%,2.5-3.5,Eligible,A (primary)
713,3.66,22,97,87,Low,0,Not at risk,Above 85%,Above 3.5,Eligible,A (primary)
714,2.12,23,100,78,High,1,At risk,Above 85%,2.0-2.5,Eligible,A (primary)
715,3.45,24,86,65,Low,0,Not at risk,Above 85%,2.5-3.5,Eligible,A (primary)
716,2.21,22,73,75,High,1,At risk,70-85%,2.0-2.5,Eligible,A (primary)
717,3.59,28,73,77,High,1,At risk,70-85%,Above 3.5,Eligible,A (primary)
718,2.17,22,96,65,High,1,At risk,Above 85%,2.0-2.5,Eligible,A (primary)
719,3.42,22,66,76,High,1,At risk,50-70%,2.5-3.5,Not eligible,A (primary)
720,3.26,30,92,95,Low,0,Not at risk,Above 85%,2.5-3.5,Eligible,A (primary)
721,2.2,28,71,76,High,1,At risk,70-85%,2.0-2.5,Eligible,A (primary)
722,2.03,26,77,85,High,1,At risk,70-85%,2.0-2.5,Eligible,A (primary)
723,3.4,19,73,94,High,1,At risk,70-85%,2.5-3.5,Eligible,A (primary)
724,3.88,23,73,78,High,1,At risk,70-85%,Above 3.5,Eligible,A (primary)
725,3.39,19,97,76,Low,0,Not at risk,Above 85%,2.5-3.5,Eligible,A (primary)
726,3.01,23,71,60,High,1,At risk,70-85%,2.5-3.5,Eligible,A (primary)
727,2.22,20,93,83,High,1,At risk,Above 85%,2.0-2.5,Eligible,A (primary)
728,3.37,29,86,51,Low,0,Not at risk,Above 85%,2.5-3.5,Eligible,A (primary)
729,2.01,23,98,65,High,1,At risk,Above 85%,2.0-2.5,Eligible,A (primary)
730,3.47,24,97,70,Low,0,Not at risk,Above 85%,2.5-3.5,Eligible,A (primary)
731,3.51,29,88,63,Low,0,Not at risk,Above 85%,Above 3.5,Eligible,A (primary)
732,3.19,29,66,63,High,1,At risk,50-70%,2.5-3.5,Not eligible,A (primary)
733,3.18,26,95,72,Low,0,Not at risk,Above 85%,2.5-3.5,Eligible,A (primary)
734,3.23,29,87,64,Low,0,Not at risk,Above 85%,2.5-3.5,Eligible,A (primary)
735,3.5,30,97,91,Low,0,Not at risk,Above 85%,2.5-3.5,Eligible,A (primary)
736,3.14,25,71,85,High,1,At risk,70-85%,2.5-3.5,Eligible,A (primary)
737,2.14,30,80,84,High,1,At risk,70-85%,2.0-2.5,Eligible,A (primary)
738,2.33,26,63,66,High,1,At risk,50-70%,2.0-2.5,Not eligible,A (primary)
739,3.08,30,89,76,Low,0,Not at risk,Above 85%,2.5-3.5,Eligible,A (primary)
740,3.57,30,90,57,Low,0,Not at risk,Above 85%,Above 3.5,Eligible,A (primary)
741,2.74,19,68,54,High,1,At risk,50-70%,2.5-3.5,Not eligible,A (primary)
742,3.33,30,92,89,Low,0,Not at risk,Above 85%,2.5-3.5,Eligible,A (primary)
743,3.32,27,68,72,High,1,At risk,50-70%,2.5-3.5,Not eligible,A (primary)
744,2.12,24,99,86,High,1,At risk,Above 85%,2.0-2.5,Eligible,A (primary)
745,3.27,22,100,87,Low,0,Not at risk,Above 85%,2.5-3.5,Eligible,A (primary)
746,3.35,23,96,91,Low,0,Not at risk,Above 85%,2.5-3.5,Eligible,A (primary)
747,3.1,22,99,86,Low,0,Not at risk,Above 85%,2.5-3.5,Eligible,A (primary)
748,3.54,21,91,86,Low,0,Not at risk,Above 85%,Above 3.5,Eligible,A (primary)
749,3.98,28,65,88,High,1,At risk,50-70%,Above 3.5,Not eligible,A (primary)
750,3.16,24,95,82,Low,0,Not at risk,Above 85%,2.5-3.5,Eligible,A (primary)
751,3.64,18,73,90,High,1,At risk,70-85%,Above 3.5,Eligible,A (primary)
752,3.07,21,98,68,Low,0,Not at risk,Above 85%,2.5-3.5,Eligible,A (primary)
753,2.38,19,61,94,High,1,At risk,50-70%,2.0-2.5,Not eligible,A (primary)
754,2.75,28,70,52,High,1,At risk,50-70%,2.5-3.5,Eligible,A (primary)
755,2.09,28,68,77,High,1,At risk,50-70%,2.0-2.5,Not eligible,A (primary)
756,2.3,23,73,87,High,1,At risk,70-85%,2.0-2.5,Eligible,A (primary)
757,2.64,20,61,73,High,1,At risk,50-70%,2.5-3.5,Not eligible,A (primary)
758,3.03,23,86,56,Low,0,Not at risk,Above 85%,2.5-3.5,Eligible,A (primary)
759,2.1,24,91,56,High,1,At risk,Above 85%,2.0-2.5,Eligible,A (primary)
760,3.94,19,90,60,Low,0,Not at risk,Above 85%,Above 3.5,Eligible,A (primary)
761,3.07,21,99,58,Low,0,Not at risk,Above 85%,2.5-3.5,Eligible,A (primary)
762,3.66,19,91,86,Low,0,Not at risk,Above 85%,Above 3.5,Eligible,A (primary)
763,3.59,18,63,75,High,1,At risk,50-70%,Above 3.5,Not eligible,A (primary)
764,3.48,20,90,65,Low,0,Not at risk,Above 85%,2.5-3.5,Eligible,A (primary)
765,3.78,27,71,81,High,1,At risk,70-85%,Above 3.5,Eligible,A (primary)
766,3.02,18,95,93,Low,0,Not at risk,Above 85%,2.5-3.5,Eligible,A (primary)
767,3.73,23,90,60,Low,0,Not at risk,Above 85%,Above 3.5,Eligible,A (primary)
768,3.43,24,87,92,Low,0,Not at risk,Above 85%,2.5-3.5,Eligible,A (primary)
769,3.91,19,87,81,Low,0,Not at risk,Above 85%,Above 3.5,Eligible,A (primary)
770,2.05,21,80,96,High,1,At risk,70-85%,2.0-2.5,Eligible,A (primary)
771,3.73,20,92,96,Low,0,Not at risk,Above 85%,Above 3.5,Eligible,A (primary)
772,3.81,21,73,69,High,1,At risk,70-85%,Above 3.5,Eligible,A (primary)
773,3.43,26,67,52,High,1,At risk,50-70%,2.5-3.5,Not eligible,A (primary)
774,3.67,23,86,88,Low,0,Not at risk,Above 85%,Above 3.5,Eligible,A (primary)
775,3.82,19,85,55,Low,0,Not at risk,70-85%,Above 3.5,Eligible,A (primary)
776,2.31,28,93,78,High,1,At risk,Above 85%,2.0-2.5,Eligible,A (primary)
777,3.43,25,61,99,High,1,At risk,50-70%,2.5-3.5,Not eligible,A (primary)
778,3.03,28,95,75,Low,0,Not at risk,Above 85%,2.5-3.5,Eligible,A (primary)
779,3.97,25,87,74,Low,0,Not at risk,Above 85%,Above 3.5,Eligible,A (primary)
780,3.12,27,96,72,Low,0,Not at risk,Above 85%,2.5-3.5,Eligible,A (primary)
781,3.14,26,94,58,Low,0,Not at risk,Above 85%,2.5-3.5,Eligible,A (primary)
782,2.83,20,61,54,High,1,At risk,50-70%,2.5-3.5,Not eligible,A (primary)
783,3.15,27,90,76,Low,0,Not at risk,Above 85%,2.5-3.5,Eligible,A (primary)
784,3.88,22,87,64,Low,0,Not at risk,Above 85%,Above 3.5,Eligible,A (primary)
785,3.37,27,90,99,Low,0,Not at risk,Above 85%,2.5-3.5,Eligible,A (primary)
786,2.18,24,76,81,High,1,At risk,70-85%,2.0-2.5,Eligible,A (primary)
787,3.11,20,91,77,Low,0,Not at risk,Above 85%,2.5-3.5,Eligible,A (primary)
788,4.0,27,61,55,High,1,At risk,50-70%,Above 3.5,Not eligible,A (primary)
789,3.47,18,96,84,Low,0,Not at risk,Above 85%,2.5-3.5,Eligible,A (primary)
790,3.25,23,88,86,Low,0,Not at risk,Above 85%,2.5-3.5,Eligible,A (primary)
791,3.16,26,93,63,Low,0,Not at risk,Above 85%,2.5-3.5,Eligible,A (primary)
792,3.4,22,63,56,High,1,At risk,50-70%,2.5-3.5,Not eligible,A (primary)
793,2.04,26,73,63,High,1,At risk,70-85%,2.0-2.5,Eligible,A (primary)
794,3.0,23,95,92,Low,0,Not at risk,Above 85%,2.5-3.5,Eligible,A (primary)
795,2.01,28,83,98,High,1,At risk,70-85%,2.0-2.5,Eligible,A (primary)
796,3.78,25,71,58,High,1,At risk,70-85%,Above 3.5,Eligible,A (primary)
797,3.46,26,91,67,Low,0,Not at risk,Above 85%,2.5-3.5,Eligible,A (primary)
798,2.36,28,83,68,High,1,At risk,70-85%,2.0-2.5,Eligible,A (primary)
799,2.14,28,78,89,High,1,At risk,70-85%,2.0-2.5,Eligible,A (primary)
800,3.82,29,94,81,Low,0,Not at risk,Above 85%,Above 3.5,Eligible,A (primary)
801,3.23,22,88,86,Low,0,Not at risk,Above 85%,2.5-3.5,Eligible,A (primary)
802,3.52,22,89,77,Low,0,Not at risk,Above 85%,Above 3.5,Eligible,A (primary)
803,2.86,23,67,86,High,1,At risk,50-70%,2.5-3.5,Not eligible,A (primary)
804,3.61,25,66,90,High,1,At risk,50-70%,Above 3.5,Not eligible,A (primary)
805,3.68,20,68,67,High,1,At risk,50-70%,Above 3.5,Not eligible,A (primary)
806,3.37,19,88,84,Low,0,Not at risk,Above 85%,2.5-3.5,Eligible,A (primary)
807,2.19,23,71,84,High,1,At risk,70-85%,2.0-2.5,Eligible,A (primary)
808,3.61,20,94,77,Low,0,Not at risk,Above 85%,Above 3.5,Eligible,A (primary)
809,3.45,28,63,72,High,1,At risk,50-70%,2.5-3.5,Not eligible,A (primary)
810,3.57,24,62,71,High,1,At risk,50-70%,Above 3.5,Not eligible,A (primary)
811,3.39,29,85,52,Low,0,Not at risk,70-85%,2.5-3.5,Eligible,A (primary)
812,2.29,26,69,58,High,1,At risk,50-70%,2.0-2.5,Not eligible,A (primary)
813,3.65,29,68,51,High,1,At risk,50-70%,Above 3.5,Not eligible,A (primary)
814,3.32,22,87,87,Low,0,Not at risk,Above 85%,2.5-3.5,Eligible,A (primary)
815,3.37,19,99,80,Low,0,Not at risk,Above 85%,2.5-3.5,Eligible,A (primary)
816,2.79,30,63,93,High,1,At risk,50-70%,2.5-3.5,Not eligible,A (primary)
817,3.79,20,94,57,Low,0,Not at risk,Above 85%,Above 3.5,Eligible,A (primary)
818,3.2,29,99,69,Low,0,Not at risk,Above 85%,2.5-3.5,Eligible,A (primary)
819,3.96,25,96,52,Low,0,Not at risk,Above 85%,Above 3.5,Eligible,A (primary)
820,2.12,24,65,95,High,1,At risk,50-70%,2.0-2.5,Not eligible,A (primary)
821,2.29,21,75,53,High,1,At risk,70-85%,2.0-2.5,Eligible,A (primary)
822,2.77,25,63,52,High,1,At risk,50-70%,2.5-3.5,Not eligible,A (primary)
823,2.26,28,61,100,High,1,At risk,50-70%,2.0-2.5,Not eligible,A (primary)
824,2.25,24,98,76,High,1,At risk,Above 85%,2.0-2.5,Eligible,A (primary)
825,3.98,29,93,62,Low,0,Not at risk,Above 85%,Above 3.5,Eligible,A (primary)
826,3.51,24,95,76,Low,0,Not at risk,Above 85%,Above 3.5,Eligible,A (primary)
827,3.53,18,90,61,Low,0,Not at risk,Above 85%,Above 3.5,Eligible,A (primary)
828,3.03,27,69,92,High,1,At risk,50-70%,2.5-3.5,Not eligible,A (primary)
829,3.61,20,65,95,High,1,At risk,50-70%,Above 3.5,Not eligible,A (primary)
830,2.42,20,71,70,High,1,At risk,70-85%,2.0-2.5,Eligible,A (primary)
831,3.41,26,86,84,Low,0,Not at risk,Above 85%,2.5-3.5,Eligible,A (primary)
832,2.59,21,70,92,High,1,At risk,50-70%,2.5-3.5,Eligible,A (primary)
833,3.21,23,96,54,Low,0,Not at risk,Above 85%,2.5-3.5,Eligible,A (primary)
834,2.54,29,62,81,High,1,At risk,50-70%,2.5-3.5,Not eligible,A (primary)
835,3.04,20,93,58,Low,0,Not at risk,Above 85%,2.5-3.5,Eligible,A (primary)
836,3.72,29,94,75,Low,0,Not at risk,Above 85%,Above 3.5,Eligible,A (primary)
837,2.91,29,69,98,High,1,At risk,50-70%,2.5-3.5,Not eligible,A (primary)
838,3.29,18,88,63,Low,0,Not at risk,Above 85%,2.5-3.5,Eligible,A (primary)
839,2.33,27,79,54,High,1,At risk,70-85%,2.0-2.5,Eligible,A (primary)
840,3.98,21,91,55,Low,0,Not at risk,Above 85%,Above 3.5,Eligible,A (primary)
841,2.46,22,63,63,High,1,At risk,50-70%,2.0-2.5,Not eligible,A (primary)
842,2.46,19,96,56,High,1,At risk,Above 85%,2.0-2.5,Eligible,A (primary)
843,3.96,18,95,75,Low,0,Not at risk,Above 85%,Above 3.5,Eligible,A (primary)
844,3.4,21,90,79,Low,0,Not at risk,Above 85%,2.5-3.5,Eligible,A (primary)
845,3.66,20,91,77,Low,0,Not at risk,Above 85%,Above 3.5,Eligible,A (primary)
846,2.03,20,71,90,High,1,At risk,70-85%,2.0-2.5,Eligible,A (primary)
847,2.91,21,70,66,High,1,At risk,50-70%,2.5-3.5,Eligible,A (primary)
848,3.62,30,96,87,Low,0,Not at risk,Above 85%,Above 3.5,Eligible,A (primary)
849,2.09,25,61,91,High,1,At risk,50-70%,2.0-2.5,Not eligible,A (primary)
850,3.25,29,92,98,Low,0,Not at risk,Above 85%,2.5-3.5,Eligible,A (primary)
851,3.85,20,88,74,Low,0,Not at risk,Above 85%,Above 3.5,Eligible,A (primary)
852,2.41,29,74,87,High,1,At risk,70-85%,2.0-2.5,Eligible,A (primary)
853,2.25,23,98,62,High,1,At risk,Above 85%,2.0-2.5,Eligible,A (primary)
854,3.86,25,94,76,Low,0,Not at risk,Above 85%,Above 3.5,Eligible,A (primary)
855,3.59,27,89,94,Low,0,Not at risk,Above 85%,Above 3.5,Eligible,A (primary)
856,3.89,27,68,73,High,1,At risk,50-70%,Above 3.5,Not eligible,A (primary)
857,3.92,29,91,62,Low,0,Not at risk,Above 85%,Above 3.5,Eligible,A (primary)
858,3.39,29,74,69,High,1,At risk,70-85%,2.5-3.5,Eligible,A (primary)
859,2.14,29,68,93,High,1,At risk,50-70%,2.0-2.5,Not eligible,A (primary)
860,3.61,18,100,85,Low,0,Not at risk,Above 85%,Above 3.5,Eligible,A (primary)
861,3.51,19,98,61,Low,0,Not at risk,Above 85%,Above 3.5,Eligible,A (primary)
862,3.77,19,71,67,High,1,At risk,70-85%,Above 3.5,Eligible,A (primary)
863,2.22,22,89,58,High,1,At risk,Above 85%,2.0-2.5,Eligible,A (primary)
864,3.64,25,66,77,High,1,At risk,50-70%,Above 3.5,Not eligible,A (primary)
865,3.17,28,98,70,Low,0,Not at risk,Above 85%,2.5-3.5,Eligible,A (primary)
866,3.55,29,95,81,Low,0,Not at risk,Above 85%,Above 3.5,Eligible,A (primary)
867,3.29,23,97,82,Low,0,Not at risk,Above 85%,2.5-3.5,Eligible,A (primary)
868,2.21,28,86,69,High,1,At risk,Above 85%,2.0-2.5,Eligible,A (primary)
869,3.75,28,68,75,High,1,At risk,50-70%,Above 3.5,Not eligible,A (primary)
870,3.4,22,90,80,Low,0,Not at risk,Above 85%,2.5-3.5,Eligible,A (primary)
871,3.79,24,93,68,Low,0,Not at risk,Above 85%,Above 3.5,Eligible,A (primary)
872,2.42,29,98,98,High,1,At risk,Above 85%,2.0-2.5,Eligible,A (primary)
873,2.07,21,78,58,High,1,At risk,70-85%,2.0-2.5,Eligible,A (primary)
874,3.75,21,64,70,High,1,At risk,50-70%,Above 3.5,Not eligible,A (primary)
875,3.45,27,90,66,Low,0,Not at risk,Above 85%,2.5-3.5,Eligible,A (primary)
876,3.27,28,97,97,Low,0,Not at risk,Above 85%,2.5-3.5,Eligible,A (primary)
877,3.71,25,74,77,High,1,At risk,70-85%,Above 3.5,Eligible,A (primary)
878,3.11,27,68,57,High,1,At risk,50-70%,2.5-3.5,Not eligible,A (primary)
879,2.13,22,62,87,High,1,At risk,50-70%,2.0-2.5,Not eligible,A (primary)
880,2.92,28,65,83,High,1,At risk,50-70%,2.5-3.5,Not eligible,A (primary)
881,2.96,24,71,96,High,1,At risk,70-85%,2.5-3.5,Eligible,A (primary)
882,3.11,25,85,86,Low,0,Not at risk,70-85%,2.5-3.5,Eligible,A (primary)
883,3.73,22,87,75,Low,0,Not at risk,Above 85%,Above 3.5,Eligible,A (primary)
884,2.88,28,63,92,High,1,At risk,50-70%,2.5-3.5,Not eligible,A (primary)
885,2.1,27,60,95,High,1,At risk,50-70%,2.0-2.5,Not eligible,A (primary)
886,3.0,22,94,57,Low,0,Not at risk,Above 85%,2.5-3.5,Eligible,A (primary)
887,3.65,20,92,94,Low,0,Not at risk,Above 85%,Above 3.5,Eligible,A (primary)
888,3.9,19,87,83,Low,0,Not at risk,Above 85%,Above 3.5,Eligible,A (primary)
889,3.19,28,98,63,Low,0,Not at risk,Above 85%,2.5-3.5,Eligible,A (primary)
890,3.16,22,85,58,Low,0,Not at risk,70-85%,2.5-3.5,Eligible,A (primary)
891,2.78,27,67,95,High,1,At risk,50-70%,2.5-3.5,Not eligible,A (primary)
892,3.21,27,93,64,Low,0,Not at risk,Above 85%,2.5-3.5,Eligible,A (primary)
893,3.69,21,66,60,High,1,At risk,50-70%,Above 3.5,Not eligible,A (primary)
894,3.66,24,74,83,High,1,At risk,70-85%,Above 3.5,Eligible,A (primary)
895,3.08,30,89,77,Low,0,Not at risk,Above 85%,2.5-3.5,Eligible,A (primary)
896,3.12,21,86,70,Low,0,Not at risk,Above 85%,2.5-3.5,Eligible,A (primary)
897,2.07,21,79,87,High,1,At risk,70-85%,2.0-2.5,Eligible,A (primary)
898,3.15,24,97,71,Low,0,Not at risk,Above 85%,2.5-3.5,Eligible,A (primary)
899,3.79,25,92,90,Low,0,Not at risk,Above 85%,Above 3.5,Eligible,A (primary)
900,3.35,28,99,68,Low,0,Not at risk,Above 85%,2.5-3.5,Eligible,A (primary)
901,2.15,24,87,52,High,1,At risk,Above 85%,2.0-2.5,Eligible,A (primary)
902,3.66,27,63,79,High,1,At risk,50-70%,Above 3.5,Not eligible,A (primary)
903,2.08,29,84,56,High,1,At risk,70-85%,2.0-2.5,Eligible,A (primary)
904,3.55,23,96,82,Low,0,Not at risk,Above 85%,Above 3.5,Eligible,A (primary)
905,3.11,20,64,60,High,1,At risk,50-70%,2.5-3.5,Not eligible,A (primary)
906,3.71,21,94,76,Low,0,Not at risk,Above 85%,Above 3.5,Eligible,A (primary)
907,3.14,30,98,77,Low,0,Not at risk,Above 85%,2.5-3.5,Eligible,A (primary)
908,2.82,30,61,89,High,1,At risk,50-70%,2.5-3.5,Not eligible,A (primary)
909,3.27,19,64,66,High,1,At risk,50-70%,2.5-3.5,Not eligible,A (primary)
910,3.15,29,97,79,Low,0,Not at risk,Above 85%,2.5-3.5,Eligible,A (primary)
911,2.38,25,63,75,High,1,At risk,50-70%,2.0-2.5,Not eligible,A (primary)
912,2.8,19,70,69,High,1,At risk,50-70%,2.5-3.5,Eligible,A (primary)
913,3.57,30,96,89,Low,0,Not at risk,Above 85%,Above 3.5,Eligible,A (primary)
914,2.07,26,93,94,High,1,At risk,Above 85%,2.0-2.5,Eligible,A (primary)
915,2.31,19,72,66,High,1,At risk,70-85%,2.0-2.5,Eligible,A (primary)
916,3.75,27,100,68,Low,0,Not at risk,Above 85%,Above 3.5,Eligible,A (primary)
917,2.0,28,91,90,High,1,At risk,Above 85%,Below 2.0,Eligible,A (primary)
918,3.75,30,87,78,Low,0,Not at risk,Above 85%,Above 3.5,Eligible,A (primary)
919,2.2,29,73,86,High,1,At risk,70-85%,2.0-2.5,Eligible,A (primary)
920,3.9,25,97,50,Low,0,Not at risk,Above 85%,Above 3.5,Eligible,A (primary)
921,3.33,19,98,95,Low,0,Not at risk,Above 85%,2.5-3.5,Eligible,A (primary)
922,3.12,26,95,68,Low,0,Not at risk,Above 85%,2.5-3.5,Eligible,A (primary)
923,3.37,29,86,51,Low,0,Not at risk,Above 85%,2.5-3.5,Eligible,A (primary)
924,3.53,25,70,76,High,1,At risk,50-70%,Above 3.5,Eligible,A (primary)
925,3.59,25,61,72,High,1,At risk,50-70%,Above 3.5,Not eligible,A (primary)
926,2.26,28,90,98,High,1,At risk,Above 85%,2.0-2.5,Eligible,A (primary)
927,2.94,30,70,97,High,1,At risk,50-70%,2.5-3.5,Eligible,A (primary)
928,2.43,22,60,67,High,1,At risk,50-70%,2.0-2.5,Not eligible,A (primary)
929,2.58,25,71,64,High,1,At risk,70-85%,2.5-3.5,Eligible,A (primary)
930,2.15,20,95,89,High,1,At risk,Above 85%,2.0-2.5,Eligible,A (primary)
931,3.64,26,93,96,Low,0,Not at risk,Above 85%,Above 3.5,Eligible,A (primary)
932,3.47,21,99,70,Low,0,Not at risk,Above 85%,2.5-3.5,Eligible,A (primary)
933,3.53,19,70,88,High,1,At risk,50-70%,Above 3.5,Eligible,A (primary)
934,2.32,29,71,66,High,1,At risk,70-85%,2.0-2.5,Eligible,A (primary)
935,3.3,24,94,90,Low,0,Not at risk,Above 85%,2.5-3.5,Eligible,A (primary)
936,2.56,24,72,71,High,1,At risk,70-85%,2.5-3.5,Eligible,A (primary)
937,3.11,21,69,66,High,1,At risk,50-70%,2.5-3.5,Not eligible,A (primary)
938,2.67,24,69,84,High,1,At risk,50-70%,2.5-3.5,Not eligible,A (primary)
939,2.15,23,81,51,High,1,At risk,70-85%,2.0-2.5,Eligible,A (primary)
940,3.7,22,72,73,High,1,At risk,70-85%,Above 3.5,Eligible,A (primary)
941,3.44,23,69,56,High,1,At risk,50-70%,2.5-3.5,Not eligible,A (primary)
942,3.72,20,92,51,Low,0,Not at risk,Above 85%,Above 3.5,Eligible,A (primary)
943,2.2,20,65,78,High,1,At risk,50-70%,2.0-2.5,Not eligible,A (primary)
944,3.51,30,88,67,Low,0,Not at risk,Above 85%,Above 3.5,Eligible,A (primary)
945,2.05,22,95,55,High,1,At risk,Above 85%,2.0-2.5,Eligible,A (primary)
946,2.99,24,71,81,High,1,At risk,70-85%,2.5-3.5,Eligible,A (primary)
947,3.21,21,100,89,Low,0,Not at risk,Above 85%,2.5-3.5,Eligible,A (primary)
948,2.1,22,99,79,High,1,At risk,Above 85%,2.0-2.5,Eligible,A (primary)
949,3.98,30,92,84,Low,0,Not at risk,Above 85%,Above 3.5,Eligible,A (primary)
950,2.54,23,67,73,High,1,At risk,50-70%,2.5-3.5,Not eligible,A (primary)
951,2.23,27,72,58,High,1,At risk,70-85%,2.0-2.5,Eligible,A (primary)
952,3.29,19,85,58,Low,0,Not at risk,70-85%,2.5-3.5,Eligible,A (primary)
953,3.89,28,68,67,High,1,At risk,50-70%,Above 3.5,Not eligible,A (primary)
954,3.88,22,87,94,Low,0,Not at risk,Above 85%,Above 3.5,Eligible,A (primary)
955,3.0,20,90,58,Low,0,Not at risk,Above 85%,2.5-3.5,Eligible,A (primary)
956,2.25,24,79,59,High,1,At risk,70-85%,2.0-2.5,Eligible,A (primary)
957,3.14,25,86,78,Low,0,Not at risk,Above 85%,2.5-3.5,Eligible,A (primary)
958,3.63,22,86,88,Low,0,Not at risk,Above 85%,Above 3.5,Eligible,A (primary)
959,2.37,26,67,69,High,1,At risk,50-70%,2.0-2.5,Not eligible,A (primary)
960,3.15,25,85,84,Low,0,Not at risk,70-85%,2.5-3.5,Eligible,A (primary)
961,2.73,23,70,56,High,1,At risk,50-70%,2.5-3.5,Eligible,A (primary)
962,2.68,26,66,95,High,1,At risk,50-70%,2.5-3.5,Not eligible,A (primary)
963,2.99,26,72,88,High,1,At risk,70-85%,2.5-3.5,Eligible,A (primary)
964,2.44,29,87,57,High,1,At risk,Above 85%,2.0-2.5,Eligible,A (primary)
965,2.92,24,67,89,High,1,At risk,50-70%,2.5-3.5,Not eligible,A (primary)
966,3.56,30,95,70,Low,0,Not at risk,Above 85%,Above 3.5,Eligible,A (primary)
967,2.41,25,77,63,High,1,At risk,70-85%,2.0-2.5,Eligible,A (primary)
968,2.11,26,87,72,High,1,At risk,Above 85%,2.0-2.5,Eligible,A (primary)
969,2.75,29,65,65,High,1,At risk,50-70%,2.5-3.5,Not eligible,A (primary)
970,3.99,18,95,72,Low,0,Not at risk,Above 85%,Above 3.5,Eligible,A (primary)
971,2.26,21,75,97,High,1,At risk,70-85%,2.0-2.5,Eligible,A (primary)
972,3.57,27,92,95,Low,0,Not at risk,Above 85%,Above 3.5,Eligible,A (primary)
973,2.75,29,69,51,High,1,At risk,50-70%,2.5-3.5,Not eligible,A (primary)
974,2.58,22,67,90,High,1,At risk,50-70%,2.5-3.5,Not eligible,A (primary)
975,3.36,27,63,56,High,1,At risk,50-70%,2.5-3.5,Not eligible,A (primary)
976,3.0,19,93,57,Low,0,Not at risk,Above 85%,2.5-3.5,Eligible,A (primary)
977,3.05,19,89,98,Low,0,Not at risk,Above 85%,2.5-3.5,Eligible,A (primary)
978,2.44,23,78,81,High,1,At risk,70-85%,2.0-2.5,Eligible,A (primary)
979,2.5,21,68,53,High,1,At risk,50-70%,2.0-2.5,Not eligible,A (primary)
980,3.24,24,86,86,Low,0,Not at risk,Above 85%,2.5-3.5,Eligible,A (primary)
981,3.53,30,97,91,Low,0,Not at risk,Above 85%,Above 3.5,Eligible,A (primary)
982,2.74,23,71,93,High,1,At risk,70-85%,2.5-3.5,Eligible,A (primary)
983,3.21,24,72,57,High,1,At risk,70-85%,2.5-3.5,Eligible,A (primary)
984,3.72,21,68,82,High,1,At risk,50-70%,Above 3.5,Not eligible,A (primary)
985,3.83,18,85,53,Low,0,Not at risk,70-85%,Above 3.5,Eligible,A (primary)
986,2.32,28,61,90,High,1,At risk,50-70%,2.0-2.5,Not eligible,A (primary)
987,2.19,21,67,50,High,1,At risk,50-70%,2.0-2.5,Not eligible,A (primary)
988,3.02,28,71,83,High,1,At risk,70-85%,2.5-3.5,Eligible,A (primary)
989,3.37,30,89,60,Low,0,Not at risk,Above 85%,2.5-3.5,Eligible,A (primary)
990,3.52,20,98,56,Low,0,Not at risk,Above 85%,Above 3.5,Eligible,A (primary)
991,2.17,22,88,81,High,1,At risk,Above 85%,2.0-2.5,Eligible,A (primary)
992,3.03,18,96,82,Low,0,Not at risk,Above 85%,2.5-3.5,Eligible,A (primary)
993,3.79,27,94,93,Low,0,Not at risk,Above 85%,Above 3.5,Eligible,A (primary)
994,3.57,27,65,71,High,1,At risk,50-70%,Above 3.5,Not eligible,A (primary)
995,3.35,26,73,55,High,1,At risk,70-85%,2.5-3.5,Eligible,A (primary)
996,3.88,19,93,88,Low,0,Not at risk,Above 85%,Above 3.5,Eligible,A (primary)
997,3.18,28,87,66,Low,0,Not at risk,Above 85%,2.5-3.5,Eligible,A (primary)
998,3.11,25,89,67,Low,0,Not at risk,Above 85%,2.5-3.5,Eligible,A (primary)
999,3.67,21,92,96,Low,0,Not at risk,Above 85%,Above 3.5,Eligible,A (primary)
1000,3.05,20,94,98,Low,0,Not at risk,Above 85%,2.5-3.5,Eligible,A (primary)
1001,2.1,19,91,66,High,1,At risk,Above 85%,2.0-2.5,Eligible,A (primary)
1002,3.53,29,87,86,Low,0,Not at risk,Above 85%,Above 3.5,Eligible,A (primary)
1003,2.86,27,72,72,High,1,At risk,70-85%,2.5-3.5,Eligible,A (primary)
1004,2.28,23,65,82,High,1,At risk,50-70%,2.0-2.5,Not eligible,A (primary)
1005,2.03,27,73,94,High,1,At risk,70-85%,2.0-2.5,Eligible,A (primary)
1006,3.93,24,66,60,High,1,At risk,50-70%,Above 3.5,Not eligible,A (primary)
1007,3.83,22,70,55,High,1,At risk,50-70%,Above 3.5,Eligible,A (primary)
1008,3.72,29,97,94,Low,0,Not at risk,Above 85%,Above 3.5,Eligible,A (primary)
1009,2.23,23,86,93,High,1,At risk,Above 85%,2.0-2.5,Eligible,A (primary)
1010,2.34,24,91,77,High,1,At risk,Above 85%,2.0-2.5,Eligible,A (primary)
1011,3.18,29,85,71,Low,0,Not at risk,70-85%,2.5-3.5,Eligible,A (primary)
1012,3.57,18,90,61,Low,0,Not at risk,Above 85%,Above 3.5,Eligible,A (primary)
1013,2.34,18,76,58,High,1,At risk,70-85%,2.0-2.5,Eligible,A (primary)
1014,3.48,22,86,72,Low,0,Not at risk,Above 85%,2.5-3.5,Eligible,A (primary)
1015,3.23,29,93,98,Low,0,Not at risk,Above 85%,2.5-3.5,Eligible,A (primary)
1016,3.08,26,97,76,Low,0,Not at risk,Above 85%,2.5-3.5,Eligible,A (primary)
1017,3.13,26,95,68,Low,0,Not at risk,Above 85%,2.5-3.5,Eligible,A (primary)
1018,2.34,23,99,63,High,1,At risk,Above 85%,2.0-2.5,Eligible,A (primary)
1019,2.71,27,63,76,High,1,At risk,50-70%,2.5-3.5,Not eligible,A (primary)
1020,2.46,24,99,87,High,1,At risk,Above 85%,2.0-2.5,Eligible,A (primary)
1021,3.89,19,92,90,Low,0,Not at risk,Above 85%,Above 3.5,Eligible,A (primary)
1022,2.15,20,84,61,High,1,At risk,70-85%,2.0-2.5,Eligible,A (primary)
1023,3.74,28,97,93,Low,0,Not at risk,Above 85%,Above 3.5,Eligible,A (primary)
1024,2.43,21,72,73,High,1,At risk,70-85%,2.0-2.5,Eligible,A (primary)
1025,2.15,27,90,88,High,1,At risk,Above 85%,2.0-2.5,Eligible,A (primary)
1026,3.21,21,86,98,Low,0,Not at risk,Above 85%,2.5-3.5,Eligible,A (primary)
1027,3.51,30,98,92,Low,0,Not at risk,Above 85%,Above 3.5,Eligible,A (primary)
1028,2.02,23,69,59,High,1,At risk,50-70%,2.0-2.5,Not eligible,A (primary)
1029,3.49,22,91,79,Low,0,Not at risk,Above 85%,2.5-3.5,Eligible,A (primary)
1030,2.56,28,64,53,High,1,At risk,50-70%,2.5-3.5,Not eligible,A (primary)
1031,2.34,29,61,70,High,1,At risk,50-70%,2.0-2.5,Not eligible,A (primary)
1032,3.25,26,85,64,Low,0,Not at risk,70-85%,2.5-3.5,Eligible,A (primary)
1033,3.45,25,93,65,Low,0,Not at risk,Above 85%,2.5-3.5,Eligible,A (primary)
1034,3.35,20,71,89,High,1,At risk,70-85%,2.5-3.5,Eligible,A (primary)
1035,3.68,20,91,84,Low,0,Not at risk,Above 85%,Above 3.5,Eligible,A (primary)
1036,3.98,21,85,99,Low,0,Not at risk,70-85%,Above 3.5,Eligible,A (primary)
1037,2.8,29,62,97,High,1,At risk,50-70%,2.5-3.5,Not eligible,A (primary)
1038,2.92,21,62,71,High,1,At risk,50-70%,2.5-3.5,Not eligible,A (primary)
1039,3.59,18,88,55,Low,0,Not at risk,Above 85%,Above 3.5,Eligible,A (primary)
1040,3.96,25,62,55,High,1,At risk,50-70%,Above 3.5,Not eligible,A (primary)
1041,2.82,22,62,78,High,1,At risk,50-70%,2.5-3.5,Not eligible,A (primary)
1042,2.33,21,84,52,High,1,At risk,70-85%,2.0-2.5,Eligible,A (primary)
1043,3.78,29,70,61,High,1,At risk,50-70%,Above 3.5,Eligible,A (primary)
1044,3.92,21,64,65,High,1,At risk,50-70%,Above 3.5,Not eligible,A (primary)
1045,3.51,18,100,85,Low,0,Not at risk,Above 85%,Above 3.5,Eligible,A (primary)
1046,3.47,25,74,83,High,1,At risk,70-85%,2.5-3.5,Eligible,A (primary)
1047,3.53,21,89,80,Low,0,Not at risk,Above 85%,Above 3.5,Eligible,A (primary)
1048,2.26,25,83,95,High,1,At risk,70-85%,2.0-2.5,Eligible,A (primary)
1049,2.59,18,73,95,High,1,At risk,70-85%,2.5-3.5,Eligible,A (primary)
1050,3.23,21,70,90,High,1,At risk,50-70%,2.5-3.5,Eligible,A (primary)
1051,2.18,27,65,55,High,1,At risk,50-70%,2.0-2.5,Not eligible,A (primary)
1052,3.91,27,67,52,High,1,At risk,50-70%,Above 3.5,Not eligible,A (primary)
1053,3.92,19,91,64,Low,0,Not at risk,Above 85%,Above 3.5,Eligible,A (primary)
1054,3.94,26,88,73,Low,0,Not at risk,Above 85%,Above 3.5,Eligible,A (primary)
1055,2.84,28,68,89,High,1,At risk,50-70%,2.5-3.5,Not eligible,A (primary)
1056,2.87,23,62,98,High,1,At risk,50-70%,2.5-3.5,Not eligible,A (primary)
1057,2.73,26,64,66,High,1,At risk,50-70%,2.5-3.5,Not eligible,A (primary)
1058,3.61,28,89,93,Low,0,Not at risk,Above 85%,Above 3.5,Eligible,A (primary)
1059,3.15,26,97,54,Low,0,Not at risk,Above 85%,2.5-3.5,Eligible,A (primary)
1060,3.5,29,64,82,High,1,At risk,50-70%,2.5-3.5,Not eligible,A (primary)
1061,3.09,19,60,76,High,1,At risk,50-70%,2.5-3.5,Not eligible,A (primary)
1062,2.03,20,69,53,High,1,At risk,50-70%,2.0-2.5,Not eligible,A (primary)
1063,3.62,26,68,91,High,1,At risk,50-70%,Above 3.5,Not eligible,A (primary)
1064,3.92,23,98,92,Low,0,Not at risk,Above 85%,Above 3.5,Eligible,A (primary)
1065,2.08,27,89,79,High,1,At risk,Above 85%,2.0-2.5,Eligible,A (primary)
1066,3.34,24,90,93,Low,0,Not at risk,Above 85%,2.5-3.5,Eligible,A (primary)
1067,3.04,23,87,99,Low,0,Not at risk,Above 85%,2.5-3.5,Eligible,A (primary)
1068,3.46,24,99,70,Low,0,Not at risk,Above 85%,2.5-3.5,Eligible,A (primary)
1069,2.48,20,70,92,High,1,At risk,50-70%,2.0-2.5,Eligible,A (primary)
1070,3.38,30,99,50,Low,0,Not at risk,Above 85%,2.5-3.5,Eligible,A (primary)
1071,2.41,25,90,88,High,1,At risk,Above 85%,2.0-2.5,Eligible,A (primary)
1072,3.22,19,95,79,Low,0,Not at risk,Above 85%,2.5-3.5,Eligible,A (primary)
1073,3.94,21,62,98,High,1,At risk,50-70%,Above 3.5,Not eligible,A (primary)
1074,2.49,20,90,87,High,1,At risk,Above 85%,2.0-2.5,Eligible,A (primary)
1075,2.47,22,76,88,High,1,At risk,70-85%,2.0-2.5,Eligible,A (primary)
1076,3.88,23,87,54,Low,0,Not at risk,Above 85%,Above 3.5,Eligible,A (primary)
1077,3.59,19,86,52,Low,0,Not at risk,Above 85%,Above 3.5,Eligible,A (primary)
1078,3.35,22,63,54,High,1,At risk,50-70%,2.5-3.5,Not eligible,A (primary)
1079,3.86,19,87,84,Low,0,Not at risk,Above 85%,Above 3.5,Eligible,A (primary)
1080,2.19,22,78,90,High,1,At risk,70-85%,2.0-2.5,Eligible,A (primary)
1081,3.38,19,63,92,High,1,At risk,50-70%,2.5-3.5,Not eligible,A (primary)
1082,2.43,29,69,75,High,1,At risk,50-70%,2.0-2.5,Not eligible,A (primary)
1083,2.44,21,65,56,High,1,At risk,50-70%,2.0-2.5,Not eligible,A (primary)
1084,2.97,21,68,60,High,1,At risk,50-70%,2.5-3.5,Not eligible,A (primary)
1085,3.27,30,87,74,Low,0,Not at risk,Above 85%,2.5-3.5,Eligible,A (primary)
1086,3.26,20,92,52,Low,0,Not at risk,Above 85%,2.5-3.5,Eligible,A (primary)
1087,2.24,21,77,97,High,1,At risk,70-85%,2.0-2.5,Eligible,A (primary)
1088,3.89,23,87,55,Low,0,Not at risk,Above 85%,Above 3.5,Eligible,A (primary)
1089,2.51,24,68,87,High,1,At risk,50-70%,2.5-3.5,Not eligible,A (primary)
1090,3.46,21,65,67,High,1,At risk,50-70%,2.5-3.5,Not eligible,A (primary)
1091,2.25,28,93,74,High,1,At risk,Above 85%,2.0-2.5,Eligible,A (primary)
1092,3.47,21,90,80,Low,0,Not at risk,Above 85%,2.5-3.5,Eligible,A (primary)
1093,3.25,21,93,81,Low,0,Not at risk,Above 85%,2.5-3.5,Eligible,A (primary)
1094,3.76,29,71,91,High,1,At risk,70-85%,Above 3.5,Eligible,A (primary)
1095,2.14,21,83,75,High,1,At risk,70-85%,2.0-2.5,Eligible,A (primary)
1096,3.26,19,98,93,Low,0,Not at risk,Above 85%,2.5-3.5,Eligible,A (primary)
1097,2.22,22,94,59,High,1,At risk,Above 85%,2.0-2.5,Eligible,A (primary)
1098,3.65,29,92,70,Low,0,Not at risk,Above 85%,Above 3.5,Eligible,A (primary)
1099,4.0,20,91,56,Low,0,Not at risk,Above 85%,Above 3.5,Eligible,A (primary)
1100,3.82,20,88,74,Low,0,Not at risk,Above 85%,Above 3.5,Eligible,A (primary)
1101,2.81,23,69,86,High,1,At risk,50-70%,2.5-3.5,Not eligible,A (primary)
1102,2.35,25,88,97,High,1,At risk,Above 85%,2.0-2.5,Eligible,A (primary)
1103,2.24,19,88,94,High,1,At risk,Above 85%,2.0-2.5,Eligible,A (primary)
1104,2.15,30,62,56,High,1,At risk,50-70%,2.0-2.5,Not eligible,A (primary)
1105,2.46,30,80,56,High,1,At risk,70-85%,2.0-2.5,Eligible,A (primary)
1106,2.03,28,97,65,High,1,At risk,Above 85%,2.0-2.5,Eligible,A (primary)
1107,3.64,27,97,96,Low,0,Not at risk,Above 85%,Above 3.5,Eligible,A (primary)
1108,3.76,30,71,84,High,1,At risk,70-85%,Above 3.5,Eligible,A (primary)
1109,3.76,22,87,76,Low,0,Not at risk,Above 85%,Above 3.5,Eligible,A (primary)
1110,3.26,20,62,69,High,1,At risk,50-70%,2.5-3.5,Not eligible,A (primary)
1111,3.81,27,60,68,High,1,At risk,50-70%,Above 3.5,Not eligible,A (primary)
1112,2.48,19,78,90,High,1,At risk,70-85%,2.0-2.5,Eligible,A (primary)
1113,3.71,24,67,53,High,1,At risk,50-70%,Above 3.5,Not eligible,A (primary)
1114,3.7,30,87,80,Low,0,Not at risk,Above 85%,Above 3.5,Eligible,A (primary)
1115,3.77,25,70,61,High,1,At risk,50-70%,Above 3.5,Eligible,A (primary)
1116,3.04,26,63,56,High,1,At risk,50-70%,2.5-3.5,Not eligible,A (primary)
1117,2.03,18,79,66,High,1,At risk,70-85%,2.0-2.5,Eligible,A (primary)
1118,3.41,29,100,56,Low,0,Not at risk,Above 85%,2.5-3.5,Eligible,A (primary)
1119,3.89,19,65,82,High,1,At risk,50-70%,Above 3.5,Not eligible,A (primary)
1120,2.1,25,77,61,High,1,At risk,70-85%,2.0-2.5,Eligible,A (primary)
1121,3.71,28,70,83,High,1,At risk,50-70%,Above 3.5,Eligible,A (primary)
1122,3.89,28,68,61,High,1,At risk,50-70%,Above 3.5,Not eligible,A (primary)
1123,3.05,30,70,58,High,1,At risk,50-70%,2.5-3.5,Eligible,A (primary)
1124,3.55,23,71,62,High,1,At risk,70-85%,Above 3.5,Eligible,A (primary)
1125,2.18,24,66,78,High,1,At risk,50-70%,2.0-2.5,Not eligible,A (primary)
1126,3.73,26,100,74,Low,0,Not at risk,Above 85%,Above 3.5,Eligible,A (primary)
1127,2.44,30,66,99,High,1,At risk,50-70%,2.0-2.5,Not eligible,A (primary)
1128,3.5,23,65,99,High,1,At risk,50-70%,2.5-3.5,Not eligible,A (primary)
1129,3.12,24,88,62,Low,0,Not at risk,Above 85%,2.5-3.5,Eligible,A (primary)
1130,2.8,20,74,100,High,1,At risk,70-85%,2.5-3.5,Eligible,A (primary)
1131,3.81,22,70,88,High,1,At risk,50-70%,Above 3.5,Eligible,A (primary)
1132,2.18,22,65,75,High,1,At risk,50-70%,2.0-2.5,Not eligible,A (primary)
1133,3.89,25,98,77,Low,0,Not at risk,Above 85%,Above 3.5,Eligible,A (primary)
1134,3.78,21,85,75,Low,0,Not at risk,70-85%,Above 3.5,Eligible,A (primary)
1135,3.91,27,92,73,Low,0,Not at risk,Above 85%,Above 3.5,Eligible,A (primary)
1136,2.82,19,63,98,High,1,At risk,50-70%,2.5-3.5,Not eligible,A (primary)
1137,3.99,25,85,78,Low,0,Not at risk,70-85%,Above 3.5,Eligible,A (primary)
1138,3.52,23,98,71,Low,0,Not at risk,Above 85%,Above 3.5,Eligible,A (primary)
1139,3.88,20,94,55,Low,0,Not at risk,Above 85%,Above 3.5,Eligible,A (primary)
1140,3.61,29,88,60,Low,0,Not at risk,Above 85%,Above 3.5,Eligible,A (primary)
1141,3.43,29,61,73,High,1,At risk,50-70%,2.5-3.5,Not eligible,A (primary)
1142,3.22,22,63,72,High,1,At risk,50-70%,2.5-3.5,Not eligible,A (primary)
1143,3.39,26,91,100,Low,0,Not at risk,Above 85%,2.5-3.5,Eligible,A (primary)
1144,3.82,29,90,65,Low,0,Not at risk,Above 85%,Above 3.5,Eligible,A (primary)
1145,3.24,24,85,88,Low,0,Not at risk,70-85%,2.5-3.5,Eligible,A (primary)
1146,2.08,23,96,93,High,1,At risk,Above 85%,2.0-2.5,Eligible,A (primary)
1147,3.3,29,85,56,Low,0,Not at risk,70-85%,2.5-3.5,Eligible,A (primary)
1148,2.67,25,69,55,High,1,At risk,50-70%,2.5-3.5,Not eligible,A (primary)
1149,3.84,25,73,99,High,1,At risk,70-85%,Above 3.5,Eligible,A (primary)
1150,3.44,20,62,85,High,1,At risk,50-70%,2.5-3.5,Not eligible,A (primary)
1151,2.24,29,98,92,High,1,At risk,Above 85%,2.0-2.5,Eligible,A (primary)
1152,2.61,19,70,81,High,1,At risk,50-70%,2.5-3.5,Eligible,A (primary)
1153,3.0,21,68,77,High,1,At risk,50-70%,2.5-3.5,Not eligible,A (primary)
1154,3.12,20,91,77,Low,0,Not at risk,Above 85%,2.5-3.5,Eligible,A (primary)
1155,2.67,21,62,82,High,1,At risk,50-70%,2.5-3.5,Not eligible,A (primary)
1156,3.4,20,89,58,Low,0,Not at risk,Above 85%,2.5-3.5,Eligible,A (primary)
1157,2.99,22,67,73,High,1,At risk,50-70%,2.5-3.5,Not eligible,A (primary)
1158,3.73,22,94,55,Low,0,Not at risk,Above 85%,Above 3.5,Eligible,A (primary)
1159,2.24,20,69,85,High,1,At risk,50-70%,2.0-2.5,Not eligible,A (primary)
1160,3.01,19,93,58,Low,0,Not at risk,Above 85%,2.5-3.5,Eligible,A (primary)
1161,3.76,27,100,71,Low,0,Not at risk,Above 85%,Above 3.5,Eligible,A (primary)
1162,3.43,19,91,50,Low,0,Not at risk,Above 85%,2.5-3.5,Eligible,A (primary)
1163,3.03,27,71,72,High,1,At risk,70-85%,2.5-3.5,Eligible,A (primary)
1164,3.23,19,86,66,Low,0,Not at risk,Above 85%,2.5-3.5,Eligible,A (primary)
1165,3.55,20,60,88,High,1,At risk,50-70%,Above 3.5,Not eligible,A (primary)
1166,2.23,28,89,55,High,1,At risk,Above 85%,2.0-2.5,Eligible,A (primary)
1167,2.47,25,69,94,High,1,At risk,50-70%,2.0-2.5,Not eligible,A (primary)
1168,2.26,26,70,86,High,1,At risk,50-70%,2.0-2.5,Eligible,A (primary)
1169,3.16,19,97,62,Low,0,Not at risk,Above 85%,2.5-3.5,Eligible,A (primary)
1170,3.63,22,97,88,Low,0,Not at risk,Above 85%,Above 3.5,Eligible,A (primary)
1171,3.34,23,96,91,Low,0,Not at risk,Above 85%,2.5-3.5,Eligible,A (primary)
1172,3.65,28,87,63,Low,0,Not at risk,Above 85%,Above 3.5,Eligible,A (primary)
1173,3.12,20,91,79,Low,0,Not at risk,Above 85%,2.5-3.5,Eligible,A (primary)
1174,2.12,28,98,58,High,1,At risk,Above 85%,2.0-2.5,Eligible,A (primary)
1175,3.27,21,100,83,Low,0,Not at risk,Above 85%,2.5-3.5,Eligible,A (primary)
1176,3.28,28,97,91,Low,0,Not at risk,Above 85%,2.5-3.5,Eligible,A (primary)
1177,3.4,23,89,67,Low,0,Not at risk,Above 85%,2.5-3.5,Eligible,A (primary)
1178,3.77,22,93,78,Low,0,Not at risk,Above 85%,Above 3.5,Eligible,A (primary)
1179,3.36,27,90,99,Low,0,Not at risk,Above 85%,2.5-3.5,Eligible,A (primary)
1180,2.03,26,83,99,High,1,At risk,70-85%,2.0-2.5,Eligible,A (primary)
1181,2.4,27,86,78,High,1,At risk,Above 85%,2.0-2.5,Eligible,A (primary)
1182,2.23,28,73,84,High,1,At risk,70-85%,2.0-2.5,Eligible,A (primary)
1183,3.19,25,85,87,Low,0,Not at risk,70-85%,2.5-3.5,Eligible,A (primary)
1184,3.8,18,62,81,High,1,At risk,50-70%,Above 3.5,Not eligible,A (primary)
1185,2.56,27,66,91,High,1,At risk,50-70%,2.5-3.5,Not eligible,A (primary)
1186,2.81,19,73,94,High,1,At risk,70-85%,2.5-3.5,Eligible,A (primary)
1187,3.6,27,90,93,Low,0,Not at risk,Above 85%,Above 3.5,Eligible,A (primary)
1188,3.06,26,91,72,Low,0,Not at risk,Above 85%,2.5-3.5,Eligible,A (primary)
1189,3.18,25,88,79,Low,0,Not at risk,Above 85%,2.5-3.5,Eligible,A (primary)
1190,3.11,20,99,66,Low,0,Not at risk,Above 85%,2.5-3.5,Eligible,A (primary)
1191,3.14,24,97,70,Low,0,Not at risk,Above 85%,2.5-3.5,Eligible,A (primary)
1192,3.93,19,60,99,High,1,At risk,50-70%,Above 3.5,Not eligible,A (primary)
1193,3.43,20,89,56,Low,0,Not at risk,Above 85%,2.5-3.5,Eligible,A (primary)
1194,3.69,28,66,83,High,1,At risk,50-70%,Above 3.5,Not eligible,A (primary)
1195,3.73,21,62,92,High,1,At risk,50-70%,Above 3.5,Not eligible,A (primary)
1196,3.0,22,95,93,Low,0,Not at risk,Above 85%,2.5-3.5,Eligible,A (primary)
1197,2.43,20,79,85,High,1,At risk,70-85%,2.0-2.5,Eligible,A (primary)
1198,3.45,27,95,87,Low,0,Not at risk,Above 85%,2.5-3.5,Eligible,A (primary)
1199,2.3,19,93,82,High,1,At risk,Above 85%,2.0-2.5,Eligible,A (primary)
1200,3.09,27,92,68,Low,0,Not at risk,Above 85%,2.5-3.5,Eligible,A (primary)
1201,3.42,28,94,87,Low,0,Not at risk,Above 85%,2.5-3.5,Eligible,A (primary)
1202,3.52,22,89,77,Low,0,Not at risk,Above 85%,Above 3.5,Eligible,A (primary)
1203,2.25,20,94,65,High,1,At risk,Above 85%,2.0-2.5,Eligible,A (primary)
1204,3.38,18,88,83,Low,0,Not at risk,Above 85%,2.5-3.5,Eligible,A (primary)
1205,2.3,21,73,86,High,1,At risk,70-85%,2.0-2.5,Eligible,A (primary)
1206,3.66,19,91,84,Low,0,Not at risk,Above 85%,Above 3.5,Eligible,A (primary)
1207,2.44,25,93,73,High,1,At risk,Above 85%,2.0-2.5,Eligible,A (primary)
1208,3.2,20,74,77,High,1,At risk,70-85%,2.5-3.5,Eligible,A (primary)
1209,3.83,20,89,76,Low,0,Not at risk,Above 85%,Above 3.5,Eligible,A (primary)
1210,3.79,29,85,52,Low,0,Not at risk,70-85%,Above 3.5,Eligible,A (primary)
1211,3.46,30,98,92,Low,0,Not at risk,Above 85%,2.5-3.5,Eligible,A (primary)
1212,3.9,19,72,98,High,1,At risk,70-85%,Above 3.5,Eligible,A (primary)
1213,2.15,25,99,56,High,1,At risk,Above 85%,2.0-2.5,Eligible,A (primary)
1214,3.49,20,99,72,Low,0,Not at risk,Above 85%,2.5-3.5,Eligible,A (primary)
1215,2.96,25,69,76,High,1,At risk,50-70%,2.5-3.5,Not eligible,A (primary)
1216,3.27,19,64,64,High,1,At risk,50-70%,2.5-3.5,Not eligible,A (primary)
1217,2.62,20,74,61,High,1,At risk,70-85%,2.5-3.5,Eligible,A (primary)
1218,2.05,21,74,93,High,1,At risk,70-85%,2.0-2.5,Eligible,A (primary)
1219,3.75,26,100,73,Low,0,Not at risk,Above 85%,Above 3.5,Eligible,A (primary)
1220,3.9,24,97,90,Low,0,Not at risk,Above 85%,Above 3.5,Eligible,A (primary)
1221,3.12,26,89,65,Low,0,Not at risk,Above 85%,2.5-3.5,Eligible,A (primary)
1222,2.09,19,70,87,High,1,At risk,50-70%,2.0-2.5,Eligible,A (primary)
1223,2.04,27,76,90,High,1,At risk,70-85%,2.0-2.5,Eligible,A (primary)
1224,3.73,29,94,75,Low,0,Not at risk,Above 85%,Above 3.5,Eligible,A (primary)
1225,3.38,23,96,91,Low,0,Not at risk,Above 85%,2.5-3.5,Eligible,A (primary)
1226,2.27,18,71,56,High,1,At risk,70-85%,2.0-2.5,Eligible,A (primary)
1227,2.71,24,72,51,High,1,At risk,70-85%,2.5-3.5,Eligible,A (primary)
1228,2.38,27,83,97,High,1,At risk,70-85%,2.0-2.5,Eligible,A (primary)
1229,3.7,30,94,63,Low,0,Not at risk,Above 85%,Above 3.5,Eligible,A (primary)
1230,3.95,19,95,77,Low,0,Not at risk,Above 85%,Above 3.5,Eligible,A (primary)
1231,3.08,24,86,61,Low,0,Not at risk,Above 85%,2.5-3.5,Eligible,A (primary)
1232,2.0,20,82,64,High,1,At risk,70-85%,Below 2.0,Eligible,A (primary)
1233,3.75,23,90,60,Low,0,Not at risk,Above 85%,Above 3.5,Eligible,A (primary)
1234,3.24,22,100,89,Low,0,Not at risk,Above 85%,2.5-3.5,Eligible,A (primary)
1235,2.78,30,64,59,High,1,At risk,50-70%,2.5-3.5,Not eligible,A (primary)
1236,2.92,19,63,54,High,1,At risk,50-70%,2.5-3.5,Not eligible,A (primary)
1237,3.22,22,93,81,Low,0,Not at risk,Above 85%,2.5-3.5,Eligible,A (primary)
1238,3.56,27,73,91,High,1,At risk,70-85%,Above 3.5,Eligible,A (primary)
1239,2.77,30,64,71,High,1,At risk,50-70%,2.5-3.5,Not eligible,A (primary)
1240,3.11,22,90,61,Low,0,Not at risk,Above 85%,2.5-3.5,Eligible,A (primary)
1241,2.28,29,99,99,High,1,At risk,Above 85%,2.0-2.5,Eligible,A (primary)
1242,3.69,25,65,56,High,1,At risk,50-70%,Above 3.5,Not eligible,A (primary)
1243,3.48,21,90,80,Low,0,Not at risk,Above 85%,2.5-3.5,Eligible,A (primary)
1244,2.15,18,93,76,High,1,At risk,Above 85%,2.0-2.5,Eligible,A (primary)
1245,3.24,29,65,76,High,1,At risk,50-70%,2.5-3.5,Not eligible,A (primary)
1246,3.09,19,96,79,Low,0,Not at risk,Above 85%,2.5-3.5,Eligible,A (primary)
1247,2.06,18,78,97,High,1,At risk,70-85%,2.0-2.5,Eligible,A (primary)
1248,3.36,30,96,58,Low,0,Not at risk,Above 85%,2.5-3.5,Eligible,A (primary)
1249,2.38,26,71,67,High,1,At risk,70-85%,2.0-2.5,Eligible,A (primary)
1250,3.33,27,98,54,Low,0,Not at risk,Above 85%,2.5-3.5,Eligible,A (primary)
1251,3.07,28,95,75,Low,0,Not at risk,Above 85%,2.5-3.5,Eligible,A (primary)
1252,3.89,25,100,90,Low,0,Not at risk,Above 85%,Above 3.5,Eligible,A (primary)
1253,3.78,24,86,55,Low,0,Not at risk,Above 85%,Above 3.5,Eligible,A (primary)
1254,3.6,23,96,88,Low,0,Not at risk,Above 85%,Above 3.5,Eligible,A (primary)
1255,3.17,19,63,85,High,1,At risk,50-70%,2.5-3.5,Not eligible,A (primary)
1256,2.41,28,67,99,High,1,At risk,50-70%,2.0-2.5,Not eligible,A (primary)
1257,2.34,21,69,93,High,1,At risk,50-70%,2.0-2.5,Not eligible,A (primary)
1258,2.3,26,95,77,High,1,At risk,Above 85%,2.0-2.5,Eligible,A (primary)
1259,3.8,26,68,79,High,1,At risk,50-70%,Above 3.5,Not eligible,A (primary)
1260,2.61,21,72,86,High,1,At risk,70-85%,2.5-3.5,Eligible,A (primary)
1261,3.0,23,86,57,Low,0,Not at risk,Above 85%,2.5-3.5,Eligible,A (primary)
1262,2.91,19,74,90,High,1,At risk,70-85%,2.5-3.5,Eligible,A (primary)
1263,3.47,28,94,87,Low,0,Not at risk,Above 85%,2.5-3.5,Eligible,A (primary)
1264,3.2,20,96,78,Low,0,Not at risk,Above 85%,2.5-3.5,Eligible,A (primary)
1265,2.02,26,97,53,High,1,At risk,Above 85%,2.0-2.5,Eligible,A (primary)
1266,3.46,21,99,73,Low,0,Not at risk,Above 85%,2.5-3.5,Eligible,A (primary)
1267,3.31,24,74,79,High,1,At risk,70-85%,2.5-3.5,Eligible,A (primary)
1268,2.4,28,75,79,High,1,At risk,70-85%,2.0-2.5,Eligible,A (primary)
1269,3.35,25,97,90,Low,0,Not at risk,Above 85%,2.5-3.5,Eligible,A (primary)
1270,3.41,25,86,83,Low,0,Not at risk,Above 85%,2.5-3.5,Eligible,A (primary)
1271,3.12,26,90,73,Low,0,Not at risk,Above 85%,2.5-3.5,Eligible,A (primary)
1272,2.38,21,77,52,High,1,At risk,70-85%,2.0-2.5,Eligible,A (primary)
1273,2.16,19,78,94,High,1,At risk,70-85%,2.0-2.5,Eligible,A (primary)
1274,2.25,23,61,70,High,1,At risk,50-70%,2.0-2.5,Not eligible,A (primary)
1275,2.47,19,64,67,High,1,At risk,50-70%,2.0-2.5,Not eligible,A (primary)
1276,3.85,21,86,74,Low,0,Not at risk,Above 85%,Above 3.5,Eligible,A (primary)
1277,3.5,21,63,57,High,1,At risk,50-70%,2.5-3.5,Not eligible,A (primary)
1278,3.53,18,86,80,Low,0,Not at risk,Above 85%,Above 3.5,Eligible,A (primary)
1279,3.52,26,85,54,Low,0,Not at risk,70-85%,Above 3.5,Eligible,A (primary)
1280,3.74,23,87,81,Low,0,Not at risk,Above 85%,Above 3.5,Eligible,A (primary)
1281,3.33,27,90,98,Low,0,Not at risk,Above 85%,2.5-3.5,Eligible,A (primary)
1282,3.24,28,97,97,Low,0,Not at risk,Above 85%,2.5-3.5,Eligible,A (primary)
1283,3.28,28,98,55,Low,0,Not at risk,Above 85%,2.5-3.5,Eligible,A (primary)
1284,2.69,22,74,66,High,1,At risk,70-85%,2.5-3.5,Eligible,A (primary)
1285,3.1,20,96,53,Low,0,Not at risk,Above 85%,2.5-3.5,Eligible,A (primary)
1286,2.02,27,92,51,High,1,At risk,Above 85%,2.0-2.5,Eligible,A (primary)
1287,3.57,19,71,60,High,1,At risk,70-85%,Above 3.5,Eligible,A (primary)
1288,3.52,28,92,94,Low,0,Not at risk,Above 85%,Above 3.5,Eligible,A (primary)
1289,3.64,30,99,70,Low,0,Not at risk,Above 85%,Above 3.5,Eligible,A (primary)
1290,3.89,20,88,93,Low,0,Not at risk,Above 85%,Above 3.5,Eligible,A (primary)
1291,2.09,19,62,97,High,1,At risk,50-70%,2.0-2.5,Not eligible,A (primary)
1292,2.27,27,84,82,High,1,At risk,70-85%,2.0-2.5,Eligible,A (primary)
1293,2.69,26,65,76,High,1,At risk,50-70%,2.5-3.5,Not eligible,A (primary)
1294,3.15,20,99,92,Low,0,Not at risk,Above 85%,2.5-3.5,Eligible,A (primary)
1295,2.4,20,63,92,High,1,At risk,50-70%,2.0-2.5,Not eligible,A (primary)
1296,3.54,26,85,71,Low,0,Not at risk,70-85%,Above 3.5,Eligible,A (primary)
1297,3.51,21,70,87,High,1,At risk,50-70%,Above 3.5,Eligible,A (primary)
1298,3.15,26,74,97,High,1,At risk,70-85%,2.5-3.5,Eligible,A (primary)
1299,2.62,27,62,86,High,1,At risk,50-70%,2.5-3.5,Not eligible,A (primary)
1300,3.65,26,74,94,High,1,At risk,70-85%,Above 3.5,Eligible,A (primary)
1301,3.62,19,86,51,Low,0,Not at risk,Above 85%,Above 3.5,Eligible,A (primary)
1302,3.25,30,92,98,Low,0,Not at risk,Above 85%,2.5-3.5,Eligible,A (primary)
1303,3.5,30,91,60,Low,0,Not at risk,Above 85%,2.5-3.5,Eligible,A (primary)
1304,3.52,25,87,87,Low,0,Not at risk,Above 85%,Above 3.5,Eligible,A (primary)
1305,3.97,26,62,91,High,1,At risk,50-70%,Above 3.5,Not eligible,A (primary)
1306,3.91,29,63,93,High,1,At risk,50-70%,Above 3.5,Not eligible,A (primary)
1307,3.09,21,62,94,High,1,At risk,50-70%,2.5-3.5,Not eligible,A (primary)
1308,2.38,19,80,77,High,1,At risk,70-85%,2.0-2.5,Eligible,A (primary)
1309,2.29,27,91,82,High,1,At risk,Above 85%,2.0-2.5,Eligible,A (primary)
1310,3.82,25,62,85,High,1,At risk,50-70%,Above 3.5,Not eligible,A (primary)
1311,3.55,24,89,83,Low,0,Not at risk,Above 85%,Above 3.5,Eligible,A (primary)
1312,3.54,30,98,91,Low,0,Not at risk,Above 85%,Above 3.5,Eligible,A (primary)
1313,3.4,22,90,69,Low,0,Not at risk,Above 85%,2.5-3.5,Eligible,A (primary)
1314,2.09,23,76,94,High,1,At risk,70-85%,2.0-2.5,Eligible,A (primary)
1315,2.91,26,62,85,High,1,At risk,50-70%,2.5-3.5,Not eligible,A (primary)
1316,3.35,28,66,85,High,1,At risk,50-70%,2.5-3.5,Not eligible,A (primary)
1317,3.83,18,69,76,High,1,At risk,50-70%,Above 3.5,Not eligible,A (primary)
1318,3.47,23,100,81,Low,0,Not at risk,Above 85%,2.5-3.5,Eligible,A (primary)
1319,2.41,24,71,68,High,1,At risk,70-85%,2.0-2.5,Eligible,A (primary)
1320,2.66,21,60,90,High,1,At risk,50-70%,2.5-3.5,Not eligible,A (primary)
1321,2.28,26,88,82,High,1,At risk,Above 85%,2.0-2.5,Eligible,A (primary)
1322,2.67,22,70,98,High,1,At risk,50-70%,2.5-3.5,Eligible,A (primary)
1323,3.76,29,66,59,High,1,At risk,50-70%,Above 3.5,Not eligible,A (primary)
1324,2.42,19,71,77,High,1,At risk,70-85%,2.0-2.5,Eligible,A (primary)
1325,2.58,24,67,56,High,1,At risk,50-70%,2.5-3.5,Not eligible,A (primary)
1326,3.56,24,90,64,Low,0,Not at risk,Above 85%,Above 3.5,Eligible,A (primary)
1327,2.11,27,84,95,High,1,At risk,70-85%,2.0-2.5,Eligible,A (primary)
1328,3.8,27,94,93,Low,0,Not at risk,Above 85%,Above 3.5,Eligible,A (primary)
1329,2.46,19,67,85,High,1,At risk,50-70%,2.0-2.5,Not eligible,A (primary)
1330,3.56,29,98,79,Low,0,Not at risk,Above 85%,Above 3.5,Eligible,A (primary)
1331,3.69,28,69,61,High,1,At risk,50-70%,Above 3.5,Not eligible,A (primary)
1332,3.17,24,96,62,Low,0,Not at risk,Above 85%,2.5-3.5,Eligible,A (primary)
1333,3.65,21,93,84,Low,0,Not at risk,Above 85%,Above 3.5,Eligible,A (primary)
1334,3.88,22,60,52,High,1,At risk,50-70%,Above 3.5,Not eligible,A (primary)
1335,2.03,18,85,57,High,1,At risk,70-85%,2.0-2.5,Eligible,A (primary)
1336,2.07,24,70,76,High,1,At risk,50-70%,2.0-2.5,Eligible,A (primary)
1337,2.46,30,84,61,High,1,At risk,70-85%,2.0-2.5,Eligible,A (primary)
1338,3.14,20,99,93,Low,0,Not at risk,Above 85%,2.5-3.5,Eligible,A (primary)
1339,3.27,20,96,77,Low,0,Not at risk,Above 85%,2.5-3.5,Eligible,A (primary)
1340,3.61,20,99,92,Low,0,Not at risk,Above 85%,Above 3.5,Eligible,A (primary)
1341,3.29,22,71,91,High,1,At risk,70-85%,2.5-3.5,Eligible,A (primary)
1342,3.22,27,94,59,Low,0,Not at risk,Above 85%,2.5-3.5,Eligible,A (primary)
1343,3.09,21,73,98,High,1,At risk,70-85%,2.5-3.5,Eligible,A (primary)
1344,3.46,18,67,56,High,1,At risk,50-70%,2.5-3.5,Not eligible,A (primary)
1345,3.13,29,68,74,High,1,At risk,50-70%,2.5-3.5,Not eligible,A (primary)
1346,3.6,23,98,92,Low,0,Not at risk,Above 85%,Above 3.5,Eligible,A (primary)
1347,2.0,26,74,96,High,1,At risk,70-85%,Below 2.0,Eligible,A (primary)
1348,3.96,26,88,79,Low,0,Not at risk,Above 85%,Above 3.5,Eligible,A (primary)
1349,2.44,24,93,98,High,1,At risk,Above 85%,2.0-2.5,Eligible,A (primary)
1350,3.8,22,90,94,Low,0,Not at risk,Above 85%,Above 3.5,Eligible,A (primary)
1351,2.09,28,91,88,High,1,At risk,Above 85%,2.0-2.5,Eligible,A (primary)
1352,3.65,27,60,69,High,1,At risk,50-70%,Above 3.5,Not eligible,A (primary)
1353,3.27,20,87,69,Low,0,Not at risk,Above 85%,2.5-3.5,Eligible,A (primary)
1354,2.37,29,96,58,High,1,At risk,Above 85%,2.0-2.5,Eligible,A (primary)
1355,3.49,19,98,59,Low,0,Not at risk,Above 85%,2.5-3.5,Eligible,A (primary)
1356,3.95,30,62,88,High,1,At risk,50-70%,Above 3.5,Not eligible,A (primary)
1357,2.23,26,88,75,High,1,At risk,Above 85%,2.0-2.5,Eligible,A (primary)
1358,3.12,18,96,98,Low,0,Not at risk,Above 85%,2.5-3.5,Eligible,A (primary)
1359,3.65,23,98,88,Low,0,Not at risk,Above 85%,Above 3.5,Eligible,A (primary)
1360,3.46,22,95,100,Low,0,Not at risk,Above 85%,2.5-3.5,Eligible,A (primary)
1361,2.69,23,66,98,High,1,At risk,50-70%,2.5-3.5,Not eligible,A (primary)
1362,3.34,29,87,54,Low,0,Not at risk,Above 85%,2.5-3.5,Eligible,A (primary)
1363,2.01,24,60,86,High,1,At risk,50-70%,2.0-2.5,Not eligible,A (primary)
1364,2.9,24,61,95,High,1,At risk,50-70%,2.5-3.5,Not eligible,A (primary)
1365,2.18,24,80,57,High,1,At risk,70-85%,2.0-2.5,Eligible,A (primary)
1366,3.95,25,64,54,High,1,At risk,50-70%,Above 3.5,Not eligible,A (primary)
1367,2.03,23,78,78,High,1,At risk,70-85%,2.0-2.5,Eligible,A (primary)
1368,2.33,19,75,73,High,1,At risk,70-85%,2.0-2.5,Eligible,A (primary)
1369,3.82,28,94,83,Low,0,Not at risk,Above 85%,Above 3.5,Eligible,A (primary)
1370,3.75,21,68,90,High,1,At risk,50-70%,Above 3.5,Not eligible,A (primary)
1371,3.55,26,98,60,Low,0,Not at risk,Above 85%,Above 3.5,Eligible,A (primary)
1372,3.55,20,85,81,Low,0,Not at risk,70-85%,Above 3.5,Eligible,A (primary)
1373,2.24,20,78,96,High,1,At risk,70-85%,2.0-2.5,Eligible,A (primary)
1374,3.58,21,93,51,Low,0,Not at risk,Above 85%,Above 3.5,Eligible,A (primary)
1375,3.96,20,94,56,Low,0,Not at risk,Above 85%,Above 3.5,Eligible,A (primary)
1376,2.46,28,91,91,High,1,At risk,Above 85%,2.0-2.5,Eligible,A (primary)
1377,3.14,25,85,86,Low,0,Not at risk,70-85%,2.5-3.5,Eligible,A (primary)
1378,3.83,25,92,79,Low,0,Not at risk,Above 85%,Above 3.5,Eligible,A (primary)
1379,2.57,22,65,80,High,1,At risk,50-70%,2.5-3.5,Not eligible,A (primary)
1380,2.28,19,65,70,High,1,At risk,50-70%,2.0-2.5,Not eligible,A (primary)
1381,2.53,19,73,53,High,1,At risk,70-85%,2.5-3.5,Eligible,A (primary)
1382,3.55,29,95,77,Low,0,Not at risk,Above 85%,Above 3.5,Eligible,A (primary)
1383,3.87,28,62,76,High,1,At risk,50-70%,Above 3.5,Not eligible,A (primary)
1384,2.13,21,79,91,High,1,At risk,70-85%,2.0-2.5,Eligible,A (primary)
1385,3.8,28,94,82,Low,0,Not at risk,Above 85%,Above 3.5,Eligible,A (primary)
1386,2.38,24,74,55,High,1,At risk,70-85%,2.0-2.5,Eligible,A (primary)
1387,2.4,23,73,65,High,1,At risk,70-85%,2.0-2.5,Eligible,A (primary)
1388,2.61,27,73,67,High,1,At risk,70-85%,2.5-3.5,Eligible,A (primary)
1389,2.37,20,85,81,High,1,At risk,70-85%,2.0-2.5,Eligible,A (primary)
1390,2.03,21,66,82,High,1,At risk,50-70%,2.0-2.5,Not eligible,A (primary)
1391,3.72,22,94,76,Low,0,Not at risk,Above 85%,Above 3.5,Eligible,A (primary)
1392,3.31,24,89,68,Low,0,Not at risk,Above 85%,2.5-3.5,Eligible,A (primary)
1393,3.91,19,90,63,Low,0,Not at risk,Above 85%,Above 3.5,Eligible,A (primary)
1394,2.44,23,62,58,High,1,At risk,50-70%,2.0-2.5,Not eligible,A (primary)
1395,3.65,22,98,94,Low,0,Not at risk,Above 85%,Above 3.5,Eligible,A (primary)
1396,3.76,30,88,78,Low,0,Not at risk,Above 85%,Above 3.5,Eligible,A (primary)
1397,3.33,21,89,51,Low,0,Not at risk,Above 85%,2.5-3.5,Eligible,A (primary)
1398,3.21,18,94,94,Low,0,Not at risk,Above 85%,2.5-3.5,Eligible,A (primary)
1399,3.88,23,87,64,Low,0,Not at risk,Above 85%,Above 3.5,Eligible,A (primary)
1400,2.56,29,62,52,High,1,At risk,50-70%,2.5-3.5,Not eligible,A (primary)
1401,3.21,29,87,76,Low,0,Not at risk,Above 85%,2.5-3.5,Eligible,A (primary)
1402,2.04,28,96,65,High,1,At risk,Above 85%,2.0-2.5,Eligible,A (primary)
1403,2.13,19,89,61,High,1,At risk,Above 85%,2.0-2.5,Eligible,A (primary)
1404,3.98,29,74,96,High,1,At risk,70-85%,Above 3.5,Eligible,A (primary)
1405,2.07,25,83,97,High,1,At risk,70-85%,2.0-2.5,Eligible,A (primary)
1406,2.62,26,67,94,High,1,At risk,50-70%,2.5-3.5,Not eligible,A (primary)
1407,3.02,26,71,91,High,1,At risk,70-85%,2.5-3.5,Eligible,A (primary)
1408,2.97,29,65,60,High,1,At risk,50-70%,2.5-3.5,Not eligible,A (primary)
1409,2.49,23,93,90,High,1,At risk,Above 85%,2.0-2.5,Eligible,A (primary)
1410,3.79,29,90,63,Low,0,Not at risk,Above 85%,Above 3.5,Eligible,A (primary)
1411,3.11,20,63,77,High,1,At risk,50-70%,2.5-3.5,Not eligible,A (primary)
1412,4.0,29,94,60,Low,0,Not at risk,Above 85%,Above 3.5,Eligible,A (primary)
1413,3.44,27,71,68,High,1,At risk,70-85%,2.5-3.5,Eligible,A (primary)
1414,2.1,22,65,75,High,1,At risk,50-70%,2.0-2.5,Not eligible,A (primary)
1415,3.44,25,67,88,High,1,At risk,50-70%,2.5-3.5,Not eligible,A (primary)
1416,3.33,19,98,74,Low,0,Not at risk,Above 85%,2.5-3.5,Eligible,A (primary)
1417,3.7,24,88,91,Low,0,Not at risk,Above 85%,Above 3.5,Eligible,A (primary)
1418,2.86,20,69,81,High,1,At risk,50-70%,2.5-3.5,Not eligible,A (primary)
1419,3.67,26,94,97,Low,0,Not at risk,Above 85%,Above 3.5,Eligible,A (primary)
1420,2.17,22,72,56,High,1,At risk,70-85%,2.0-2.5,Eligible,A (primary)
1421,2.18,28,60,71,High,1,At risk,50-70%,2.0-2.5,Not eligible,A (primary)
1422,3.16,26,94,58,Low,0,Not at risk,Above 85%,2.5-3.5,Eligible,A (primary)
1423,3.86,19,86,83,Low,0,Not at risk,Above 85%,Above 3.5,Eligible,A (primary)
1424,3.24,25,85,66,Low,0,Not at risk,70-85%,2.5-3.5,Eligible,A (primary)
1425,3.62,25,89,58,Low,0,Not at risk,Above 85%,Above 3.5,Eligible,A (primary)
1426,2.23,24,82,72,High,1,At risk,70-85%,2.0-2.5,Eligible,A (primary)
1427,3.17,19,96,62,Low,0,Not at risk,Above 85%,2.5-3.5,Eligible,A (primary)
1428,3.63,24,89,58,Low,0,Not at risk,Above 85%,Above 3.5,Eligible,A (primary)
1429,3.45,20,89,58,Low,0,Not at risk,Above 85%,2.5-3.5,Eligible,A (primary)
1430,2.23,21,97,72,High,1,At risk,Above 85%,2.0-2.5,Eligible,A (primary)
1431,3.01,19,95,93,Low,0,Not at risk,Above 85%,2.5-3.5,Eligible,A (primary)
1432,3.76,28,72,90,High,1,At risk,70-85%,Above 3.5,Eligible,A (primary)
1433,2.41,25,92,51,High,1,At risk,Above 85%,2.0-2.5,Eligible,A (primary)
1434,2.56,28,60,56,High,1,At risk,50-70%,2.5-3.5,Not eligible,A (primary)
1435,3.59,26,86,70,Low,0,Not at risk,Above 85%,Above 3.5,Eligible,A (primary)
1436,3.84,19,86,84,Low,0,Not at risk,Above 85%,Above 3.5,Eligible,A (primary)
1437,3.32,28,85,58,Low,0,Not at risk,70-85%,2.5-3.5,Eligible,A (primary)
1438,2.45,21,86,55,High,1,At risk,Above 85%,2.0-2.5,Eligible,A (primary)
1439,3.65,23,97,86,Low,0,Not at risk,Above 85%,Above 3.5,Eligible,A (primary)
